ISO-10303-21;
HEADER;
/* Generated by software containing ST-Developer
 * from STEP Tools, Inc. (www.steptools.com) 
 */
/* OPTION: using custom renumber hook */

FILE_DESCRIPTION(
/* description */ ('STEP AP242 Edition 2',
'CAx-IF Rec.Pracs.---Representation and Presentation of Product Manufa
cturing Information (PMI)---4.0---2014-10-13',
'CAx-IF Rec.Pracs.---3D Tessellated Geometry---0.4---2014-09-14','2;1',
'CAx-IF Rec.Pracs.---User Defined Attributes---1.5---2016-08-15'),
/* implementation_level */ '2;1');

FILE_NAME(
/* name */ 'Part Studio 1',
/* time_stamp */ '2026-08-18T20:01:47Z',
/* author */ (''),
/* organization */ (''),
/* preprocessor_version */ 'ST-DEVELOPER v20',
/* originating_system */ 'ONSHAPE BY PTC INC, 1.219',
/* authorisation */ '  ');

FILE_SCHEMA (('AP242_MANAGED_MODEL_BASED_3D_ENGINEERING_MIM_LF { 1 0 10303 442 3 1 4 }'));
ENDSEC;

DATA;
#10=ELLIPSE('',#2091,0.0172763114494309,0.003);
#11=ELLIPSE('',#2092,0.0172763114494309,0.003);
#12=ELLIPSE('',#2093,0.0172763114494309,0.003);
#13=ELLIPSE('',#2094,0.0172763114494309,0.003);
#14=ELLIPSE('',#2095,0.0172763114494309,0.003);
#15=ELLIPSE('',#2099,0.0172763114494309,0.003);
#16=ELLIPSE('',#2100,0.0172763114494309,0.003);
#17=ELLIPSE('',#2102,0.0172763114494309,0.003);
#18=ELLIPSE('',#2103,0.0172763114494309,0.003);
#19=ELLIPSE('',#2104,0.0172763114494309,0.003);
#20=ELLIPSE('',#2105,0.0172763114494309,0.003);
#21=ELLIPSE('',#2108,0.0172763114494309,0.003);
#22=ELLIPSE('',#2109,0.0172763114494309,0.003);
#23=ELLIPSE('',#2110,0.0172763114494309,0.003);
#24=ELLIPSE('',#2111,0.0172763114494309,0.003);
#25=ELLIPSE('',#2117,0.00547083195898645,0.00095);
#26=ELLIPSE('',#2118,0.00547083195898645,0.00095);
#27=ELLIPSE('',#2119,0.00547083195898645,0.00095);
#28=ELLIPSE('',#2120,0.00547083195898645,0.00095);
#29=ELLIPSE('',#2121,0.00547083195898645,0.00095);
#30=ELLIPSE('',#2126,0.00547083195898645,0.00095);
#31=ELLIPSE('',#2127,0.00547083195898645,0.00095);
#32=ELLIPSE('',#2128,0.00547083195898645,0.00095);
#33=ELLIPSE('',#2129,0.00547083195898645,0.00095);
#34=ELLIPSE('',#2130,0.00547083195898645,0.00095);
#35=ELLIPSE('',#2142,0.0172763114494309,0.003);
#36=ELLIPSE('',#2143,0.0172763114494309,0.003);
#37=ELLIPSE('',#2144,0.0172763114494309,0.003);
#38=ELLIPSE('',#2145,0.0172763114494309,0.003);
#39=ELLIPSE('',#2154,0.00547083195898645,0.00095);
#40=ELLIPSE('',#2155,0.00547083195898645,0.00095);
#41=ELLIPSE('',#2156,0.00547083195898645,0.00095);
#42=ELLIPSE('',#2157,0.00547083195898645,0.00095);
#43=ELLIPSE('',#2161,0.00547083195898645,0.00095);
#44=ELLIPSE('',#2162,0.00547083195898645,0.00095);
#45=ELLIPSE('',#2163,0.00547083195898645,0.00095);
#46=ELLIPSE('',#2164,0.00547083195898645,0.00095);
#47=ADVANCED_BREP_SHAPE_REPRESENTATION('',(#53),#3596);
#48=ADVANCED_BREP_SHAPE_REPRESENTATION('',(#54),#3597);
#49=ADVANCED_BREP_SHAPE_REPRESENTATION('',(#55),#3598);
#50=CLOSED_SHELL('',(#1648,#1649,#1650,#1651,#1652,#1653));
#51=CLOSED_SHELL('',(#1654,#1655,#1656,#1657,#1658,#1659));
#52=CLOSED_SHELL('',(#1660,#1661,#1662,#1663,#1664,#1665,#1666,#1667,#1668,
#1669,#1670,#1671,#1672,#1673,#1674,#1675,#1676,#1677,#1678,#1679,#1680,
#1681,#1682,#1683,#1684,#1685,#1686,#1687,#1688,#1689,#1690,#1691,#1692,
#1693,#1694,#1695,#1696,#1697,#1698,#1699,#1700,#1701,#1702,#1703,#1704,
#1705,#1706,#1707,#1708,#1709,#1710,#1711,#1712,#1713,#1714,#1715,#1716,
#1717,#1718));
#53=MANIFOLD_SOLID_BREP('Part 4',#50);
#54=MANIFOLD_SOLID_BREP('Part 3',#51);
#55=MANIFOLD_SOLID_BREP('Part 1',#52);
#56=CIRCLE('',#2059,0.0056);
#57=CIRCLE('',#2060,0.0056);
#58=CIRCLE('',#2062,0.0056);
#59=CIRCLE('',#2064,0.0056);
#60=CIRCLE('',#2085,0.003);
#61=CIRCLE('',#2086,0.003);
#62=CIRCLE('',#2087,0.003);
#63=CIRCLE('',#2088,0.003);
#64=CIRCLE('',#2090,0.003);
#65=CIRCLE('',#2096,0.003);
#66=CIRCLE('',#2098,0.003);
#67=CIRCLE('',#2101,0.003);
#68=CIRCLE('',#2107,0.003);
#69=CIRCLE('',#2112,0.003);
#70=CIRCLE('',#2114,0.00095);
#71=CIRCLE('',#2116,0.00095);
#72=CIRCLE('',#2123,0.00095);
#73=CIRCLE('',#2125,0.00095);
#74=CIRCLE('',#2138,0.003);
#75=CIRCLE('',#2141,0.003);
#76=CIRCLE('',#2147,0.00095);
#77=CIRCLE('',#2150,0.00095);
#78=CIRCLE('',#2152,0.00095);
#79=CIRCLE('',#2159,0.00095);
#80=LINE('',#2790,#189);
#81=LINE('',#2798,#190);
#82=LINE('',#2863,#191);
#83=LINE('',#2870,#192);
#84=LINE('',#2940,#193);
#85=LINE('',#2958,#194);
#86=LINE('',#3176,#195);
#87=LINE('',#3218,#196);
#88=LINE('',#3251,#197);
#89=LINE('',#3254,#198);
#90=LINE('',#3256,#199);
#91=LINE('',#3258,#200);
#92=LINE('',#3260,#201);
#93=LINE('',#3262,#202);
#94=LINE('',#3264,#203);
#95=LINE('',#3266,#204);
#96=LINE('',#3268,#205);
#97=LINE('',#3270,#206);
#98=LINE('',#3272,#207);
#99=LINE('',#3274,#208);
#100=LINE('',#3278,#209);
#101=LINE('',#3281,#210);
#102=LINE('',#3283,#211);
#103=LINE('',#3285,#212);
#104=LINE('',#3287,#213);
#105=LINE('',#3290,#214);
#106=LINE('',#3291,#215);
#107=LINE('',#3293,#216);
#108=LINE('',#3295,#217);
#109=LINE('',#3297,#218);
#110=LINE('',#3299,#219);
#111=LINE('',#3301,#220);
#112=LINE('',#3305,#221);
#113=LINE('',#3308,#222);
#114=LINE('',#3310,#223);
#115=LINE('',#3312,#224);
#116=LINE('',#3314,#225);
#117=LINE('',#3317,#226);
#118=LINE('',#3319,#227);
#119=LINE('',#3321,#228);
#120=LINE('',#3323,#229);
#121=LINE('',#3328,#230);
#122=LINE('',#3329,#231);
#123=LINE('',#3333,#232);
#124=LINE('',#3335,#233);
#125=LINE('',#3337,#234);
#126=LINE('',#3341,#235);
#127=LINE('',#3342,#236);
#128=LINE('',#3346,#237);
#129=LINE('',#3348,#238);
#130=LINE('',#3349,#239);
#131=LINE('',#3352,#240);
#132=LINE('',#3354,#241);
#133=LINE('',#3356,#242);
#134=LINE('',#3408,#243);
#135=LINE('',#3425,#244);
#136=LINE('',#3439,#245);
#137=LINE('',#3442,#246);
#138=LINE('',#3443,#247);
#139=LINE('',#3445,#248);
#140=LINE('',#3447,#249);
#141=LINE('',#3449,#250);
#142=LINE('',#3451,#251);
#143=LINE('',#3454,#252);
#144=LINE('',#3455,#253);
#145=LINE('',#3457,#254);
#146=LINE('',#3459,#255);
#147=LINE('',#3461,#256);
#148=LINE('',#3463,#257);
#149=LINE('',#3465,#258);
#150=LINE('',#3467,#259);
#151=LINE('',#3468,#260);
#152=LINE('',#3470,#261);
#153=LINE('',#3471,#262);
#154=LINE('',#3472,#263);
#155=LINE('',#3476,#264);
#156=LINE('',#3477,#265);
#157=LINE('',#3479,#266);
#158=LINE('',#3480,#267);
#159=LINE('',#3481,#268);
#160=LINE('',#3482,#269);
#161=LINE('',#3501,#270);
#162=LINE('',#3514,#271);
#163=LINE('',#3527,#272);
#164=LINE('',#3529,#273);
#165=LINE('',#3531,#274);
#166=LINE('',#3533,#275);
#167=LINE('',#3535,#276);
#168=LINE('',#3538,#277);
#169=LINE('',#3540,#278);
#170=LINE('',#3542,#279);
#171=LINE('',#3545,#280);
#172=LINE('',#3547,#281);
#173=LINE('',#3549,#282);
#174=LINE('',#3551,#283);
#175=LINE('',#3553,#284);
#176=LINE('',#3556,#285);
#177=LINE('',#3558,#286);
#178=LINE('',#3560,#287);
#179=LINE('',#3563,#288);
#180=LINE('',#3566,#289);
#181=LINE('',#3569,#290);
#182=LINE('',#3572,#291);
#183=LINE('',#3575,#292);
#184=LINE('',#3578,#293);
#185=LINE('',#3581,#294);
#186=LINE('',#3584,#295);
#187=LINE('',#3586,#296);
#188=LINE('',#3589,#297);
#189=VECTOR('',#2216,1.);
#190=VECTOR('',#2217,1.);
#191=VECTOR('',#2224,1.);
#192=VECTOR('',#2225,1.);
#193=VECTOR('',#2232,1.);
#194=VECTOR('',#2235,1.);
#195=VECTOR('',#2252,1.);
#196=VECTOR('',#2267,1.);
#197=VECTOR('',#2274,1.);
#198=VECTOR('',#2275,1.);
#199=VECTOR('',#2276,1.);
#200=VECTOR('',#2277,1.);
#201=VECTOR('',#2280,1.);
#202=VECTOR('',#2281,1.);
#203=VECTOR('',#2282,1.);
#204=VECTOR('',#2285,1.);
#205=VECTOR('',#2286,1.);
#206=VECTOR('',#2287,1.);
#207=VECTOR('',#2290,1.);
#208=VECTOR('',#2293,1.);
#209=VECTOR('',#2300,1.);
#210=VECTOR('',#2301,1.);
#211=VECTOR('',#2302,1.);
#212=VECTOR('',#2303,1.);
#213=VECTOR('',#2306,1.);
#214=VECTOR('',#2307,1.);
#215=VECTOR('',#2308,1.);
#216=VECTOR('',#2311,1.);
#217=VECTOR('',#2312,1.);
#218=VECTOR('',#2315,1.);
#219=VECTOR('',#2316,1.);
#220=VECTOR('',#2319,1.);
#221=VECTOR('',#2326,1.);
#222=VECTOR('',#2327,1.);
#223=VECTOR('',#2328,1.);
#224=VECTOR('',#2329,1.);
#225=VECTOR('',#2332,1.);
#226=VECTOR('',#2333,1.);
#227=VECTOR('',#2334,1.);
#228=VECTOR('',#2335,1.);
#229=VECTOR('',#2338,1.);
#230=VECTOR('',#2341,1.);
#231=VECTOR('',#2342,1.);
#232=VECTOR('',#2345,1.);
#233=VECTOR('',#2346,1.);
#234=VECTOR('',#2347,1.);
#235=VECTOR('',#2350,1.);
#236=VECTOR('',#2351,1.);
#237=VECTOR('',#2354,1.);
#238=VECTOR('',#2355,1.);
#239=VECTOR('',#2356,1.);
#240=VECTOR('',#2357,1.);
#241=VECTOR('',#2358,1.);
#242=VECTOR('',#2359,1.);
#243=VECTOR('',#2412,1.);
#244=VECTOR('',#2431,1.);
#245=VECTOR('',#2448,1.);
#246=VECTOR('',#2449,1.);
#247=VECTOR('',#2450,1.);
#248=VECTOR('',#2453,1.);
#249=VECTOR('',#2454,1.);
#250=VECTOR('',#2455,1.);
#251=VECTOR('',#2458,1.);
#252=VECTOR('',#2459,1.);
#253=VECTOR('',#2460,1.);
#254=VECTOR('',#2463,1.);
#255=VECTOR('',#2464,1.);
#256=VECTOR('',#2467,1.);
#257=VECTOR('',#2468,1.);
#258=VECTOR('',#2471,1.);
#259=VECTOR('',#2474,1.);
#260=VECTOR('',#2475,1.);
#261=VECTOR('',#2476,1.);
#262=VECTOR('',#2477,1.);
#263=VECTOR('',#2478,1.);
#264=VECTOR('',#2481,1.);
#265=VECTOR('',#2482,1.);
#266=VECTOR('',#2483,1.);
#267=VECTOR('',#2484,1.);
#268=VECTOR('',#2485,1.);
#269=VECTOR('',#2486,1.);
#270=VECTOR('',#2513,1.);
#271=VECTOR('',#2528,1.);
#272=VECTOR('',#2543,1.);
#273=VECTOR('',#2544,1.);
#274=VECTOR('',#2545,1.);
#275=VECTOR('',#2548,1.);
#276=VECTOR('',#2551,1.);
#277=VECTOR('',#2556,1.);
#278=VECTOR('',#2557,1.);
#279=VECTOR('',#2560,1.);
#280=VECTOR('',#2565,1.);
#281=VECTOR('',#2566,1.);
#282=VECTOR('',#2567,1.);
#283=VECTOR('',#2570,1.);
#284=VECTOR('',#2573,1.);
#285=VECTOR('',#2578,1.);
#286=VECTOR('',#2579,1.);
#287=VECTOR('',#2582,1.);
#288=VECTOR('',#2587,1.);
#289=VECTOR('',#2592,1.);
#290=VECTOR('',#2597,1.);
#291=VECTOR('',#2602,1.);
#292=VECTOR('',#2607,1.);
#293=VECTOR('',#2612,1.);
#294=VECTOR('',#2617,1.);
#295=VECTOR('',#2622,1.);
#296=VECTOR('',#2625,1.);
#297=VECTOR('',#2630,1.);
#298=PLANE('',#2038);
#299=PLANE('',#2039);
#300=PLANE('',#2040);
#301=PLANE('',#2041);
#302=PLANE('',#2042);
#303=PLANE('',#2043);
#304=PLANE('',#2044);
#305=PLANE('',#2045);
#306=PLANE('',#2046);
#307=PLANE('',#2047);
#308=PLANE('',#2048);
#309=PLANE('',#2049);
#310=PLANE('',#2050);
#311=PLANE('',#2051);
#312=PLANE('',#2052);
#313=PLANE('',#2053);
#314=PLANE('',#2054);
#315=PLANE('',#2055);
#316=PLANE('',#2056);
#317=PLANE('',#2057);
#318=PLANE('',#2058);
#319=PLANE('',#2065);
#320=PLANE('',#2066);
#321=PLANE('',#2068);
#322=PLANE('',#2069);
#323=PLANE('',#2070);
#324=PLANE('',#2071);
#325=PLANE('',#2072);
#326=PLANE('',#2073);
#327=PLANE('',#2075);
#328=PLANE('',#2076);
#329=PLANE('',#2077);
#330=PLANE('',#2078);
#331=PLANE('',#2079);
#332=PLANE('',#2080);
#333=PLANE('',#2082);
#334=PLANE('',#2083);
#335=PLANE('',#2084);
#336=PLANE('',#2113);
#337=PLANE('',#2122);
#338=PLANE('',#2131);
#339=PLANE('',#2132);
#340=PLANE('',#2133);
#341=PLANE('',#2134);
#342=PLANE('',#2135);
#343=PLANE('',#2136);
#344=PLANE('',#2137);
#345=PLANE('',#2139);
#346=PLANE('',#2146);
#347=PLANE('',#2148);
#348=PLANE('',#2149);
#349=PLANE('',#2151);
#350=PLANE('',#2158);
#351=PLANE('',#2165);
#352=PLANE('',#2166);
#353=PLANE('',#2167);
#354=PLANE('',#2168);
#355=PLANE('',#2169);
#356=PLANE('',#2170);
#357=PLANE('',#2171);
#358=PLANE('',#2172);
#359=PLANE('',#2173);
#360=PLANE('',#2174);
#361=PLANE('',#2175);
#362=PLANE('',#2176);
#363=PLANE('',#2177);
#364=PLANE('',#2178);
#365=PLANE('',#2179);
#366=PLANE('',#2180);
#367=PLANE('',#2181);
#368=PLANE('',#2182);
#369=PLANE('',#2183);
#370=PLANE('',#2184);
#371=PLANE('',#2185);
#372=PLANE('',#2186);
#373=PLANE('',#2187);
#374=PLANE('',#2188);
#375=PLANE('',#2189);
#376=PLANE('',#2190);
#377=PLANE('',#2191);
#378=PLANE('',#2192);
#379=PLANE('',#2193);
#380=PLANE('',#2194);
#381=PLANE('',#2195);
#382=PLANE('',#2196);
#383=PLANE('',#2197);
#384=MANIFOLD_SURFACE_SHAPE_REPRESENTATION('',(#1736,#1737,#1738,#1739,
#1740,#1741,#1742,#1743,#1744,#1745,#1746,#1747,#1748,#1749,#1750,#1751,
#1752),#3595);
#385=ORIENTED_EDGE('',*,*,#817,.F.);
#386=ORIENTED_EDGE('',*,*,#818,.F.);
#387=ORIENTED_EDGE('',*,*,#819,.F.);
#388=ORIENTED_EDGE('',*,*,#820,.F.);
#389=ORIENTED_EDGE('',*,*,#821,.F.);
#390=ORIENTED_EDGE('',*,*,#822,.F.);
#391=ORIENTED_EDGE('',*,*,#823,.F.);
#392=ORIENTED_EDGE('',*,*,#824,.F.);
#393=ORIENTED_EDGE('',*,*,#825,.F.);
#394=ORIENTED_EDGE('',*,*,#826,.F.);
#395=ORIENTED_EDGE('',*,*,#827,.F.);
#396=ORIENTED_EDGE('',*,*,#828,.F.);
#397=ORIENTED_EDGE('',*,*,#829,.F.);
#398=ORIENTED_EDGE('',*,*,#830,.F.);
#399=ORIENTED_EDGE('',*,*,#831,.F.);
#400=ORIENTED_EDGE('',*,*,#832,.F.);
#401=ORIENTED_EDGE('',*,*,#833,.F.);
#402=ORIENTED_EDGE('',*,*,#834,.F.);
#403=ORIENTED_EDGE('',*,*,#835,.F.);
#404=ORIENTED_EDGE('',*,*,#836,.F.);
#405=ORIENTED_EDGE('',*,*,#837,.F.);
#406=ORIENTED_EDGE('',*,*,#838,.F.);
#407=ORIENTED_EDGE('',*,*,#839,.F.);
#408=ORIENTED_EDGE('',*,*,#840,.F.);
#409=ORIENTED_EDGE('',*,*,#841,.F.);
#410=ORIENTED_EDGE('',*,*,#842,.F.);
#411=ORIENTED_EDGE('',*,*,#843,.F.);
#412=ORIENTED_EDGE('',*,*,#844,.F.);
#413=ORIENTED_EDGE('',*,*,#843,.T.);
#414=ORIENTED_EDGE('',*,*,#845,.F.);
#415=ORIENTED_EDGE('',*,*,#846,.F.);
#416=ORIENTED_EDGE('',*,*,#847,.F.);
#417=ORIENTED_EDGE('',*,*,#848,.T.);
#418=ORIENTED_EDGE('',*,*,#849,.T.);
#419=ORIENTED_EDGE('',*,*,#850,.T.);
#420=ORIENTED_EDGE('',*,*,#841,.T.);
#421=ORIENTED_EDGE('',*,*,#851,.T.);
#422=ORIENTED_EDGE('',*,*,#852,.T.);
#423=ORIENTED_EDGE('',*,*,#853,.T.);
#424=ORIENTED_EDGE('',*,*,#854,.T.);
#425=ORIENTED_EDGE('',*,*,#855,.T.);
#426=ORIENTED_EDGE('',*,*,#855,.F.);
#427=ORIENTED_EDGE('',*,*,#856,.F.);
#428=ORIENTED_EDGE('',*,*,#857,.F.);
#429=ORIENTED_EDGE('',*,*,#858,.F.);
#430=ORIENTED_EDGE('',*,*,#859,.T.);
#431=ORIENTED_EDGE('',*,*,#860,.T.);
#432=ORIENTED_EDGE('',*,*,#853,.F.);
#433=ORIENTED_EDGE('',*,*,#861,.T.);
#434=ORIENTED_EDGE('',*,*,#862,.T.);
#435=ORIENTED_EDGE('',*,*,#863,.T.);
#436=ORIENTED_EDGE('',*,*,#864,.T.);
#437=ORIENTED_EDGE('',*,*,#865,.T.);
#438=ORIENTED_EDGE('',*,*,#866,.T.);
#439=ORIENTED_EDGE('',*,*,#867,.T.);
#440=ORIENTED_EDGE('',*,*,#868,.T.);
#441=ORIENTED_EDGE('',*,*,#869,.T.);
#442=ORIENTED_EDGE('',*,*,#870,.T.);
#443=ORIENTED_EDGE('',*,*,#871,.T.);
#444=ORIENTED_EDGE('',*,*,#866,.F.);
#445=ORIENTED_EDGE('',*,*,#872,.T.);
#446=ORIENTED_EDGE('',*,*,#873,.T.);
#447=ORIENTED_EDGE('',*,*,#874,.T.);
#448=ORIENTED_EDGE('',*,*,#870,.F.);
#449=ORIENTED_EDGE('',*,*,#875,.T.);
#450=ORIENTED_EDGE('',*,*,#876,.T.);
#451=ORIENTED_EDGE('',*,*,#877,.T.);
#452=ORIENTED_EDGE('',*,*,#878,.T.);
#453=ORIENTED_EDGE('',*,*,#879,.T.);
#454=ORIENTED_EDGE('',*,*,#880,.T.);
#455=ORIENTED_EDGE('',*,*,#881,.T.);
#456=ORIENTED_EDGE('',*,*,#882,.T.);
#457=ORIENTED_EDGE('',*,*,#883,.T.);
#458=ORIENTED_EDGE('',*,*,#884,.T.);
#459=ORIENTED_EDGE('',*,*,#885,.T.);
#460=ORIENTED_EDGE('',*,*,#886,.T.);
#461=ORIENTED_EDGE('',*,*,#887,.T.);
#462=ORIENTED_EDGE('',*,*,#888,.T.);
#463=ORIENTED_EDGE('',*,*,#889,.T.);
#464=ORIENTED_EDGE('',*,*,#890,.T.);
#465=ORIENTED_EDGE('',*,*,#891,.T.);
#466=ORIENTED_EDGE('',*,*,#892,.T.);
#467=ORIENTED_EDGE('',*,*,#893,.T.);
#468=ORIENTED_EDGE('',*,*,#894,.T.);
#469=ORIENTED_EDGE('',*,*,#895,.T.);
#470=ORIENTED_EDGE('',*,*,#896,.T.);
#471=ORIENTED_EDGE('',*,*,#897,.T.);
#472=ORIENTED_EDGE('',*,*,#898,.T.);
#473=ORIENTED_EDGE('',*,*,#899,.T.);
#474=ORIENTED_EDGE('',*,*,#900,.T.);
#475=ORIENTED_EDGE('',*,*,#901,.F.);
#476=ORIENTED_EDGE('',*,*,#902,.T.);
#477=ORIENTED_EDGE('',*,*,#903,.F.);
#478=ORIENTED_EDGE('',*,*,#904,.F.);
#479=ORIENTED_EDGE('',*,*,#904,.T.);
#480=ORIENTED_EDGE('',*,*,#905,.F.);
#481=ORIENTED_EDGE('',*,*,#903,.T.);
#482=ORIENTED_EDGE('',*,*,#906,.F.);
#483=ORIENTED_EDGE('',*,*,#907,.T.);
#484=ORIENTED_EDGE('',*,*,#908,.T.);
#485=ORIENTED_EDGE('',*,*,#901,.T.);
#486=ORIENTED_EDGE('',*,*,#909,.T.);
#487=ORIENTED_EDGE('',*,*,#910,.T.);
#488=ORIENTED_EDGE('',*,*,#911,.T.);
#489=ORIENTED_EDGE('',*,*,#912,.F.);
#490=ORIENTED_EDGE('',*,*,#913,.T.);
#491=ORIENTED_EDGE('',*,*,#914,.T.);
#492=ORIENTED_EDGE('',*,*,#912,.T.);
#493=ORIENTED_EDGE('',*,*,#915,.T.);
#494=ORIENTED_EDGE('',*,*,#916,.T.);
#495=ORIENTED_EDGE('',*,*,#917,.F.);
#496=ORIENTED_EDGE('',*,*,#918,.F.);
#497=ORIENTED_EDGE('',*,*,#906,.T.);
#498=ORIENTED_EDGE('',*,*,#905,.T.);
#499=ORIENTED_EDGE('',*,*,#919,.F.);
#500=ORIENTED_EDGE('',*,*,#920,.T.);
#501=ORIENTED_EDGE('',*,*,#921,.T.);
#502=ORIENTED_EDGE('',*,*,#922,.T.);
#503=ORIENTED_EDGE('',*,*,#923,.F.);
#504=ORIENTED_EDGE('',*,*,#921,.F.);
#505=ORIENTED_EDGE('',*,*,#924,.F.);
#506=ORIENTED_EDGE('',*,*,#925,.T.);
#507=ORIENTED_EDGE('',*,*,#926,.F.);
#508=ORIENTED_EDGE('',*,*,#927,.T.);
#509=ORIENTED_EDGE('',*,*,#928,.F.);
#510=ORIENTED_EDGE('',*,*,#925,.F.);
#511=ORIENTED_EDGE('',*,*,#920,.F.);
#512=ORIENTED_EDGE('',*,*,#929,.T.);
#513=ORIENTED_EDGE('',*,*,#926,.T.);
#514=ORIENTED_EDGE('',*,*,#924,.T.);
#515=ORIENTED_EDGE('',*,*,#930,.F.);
#516=ORIENTED_EDGE('',*,*,#922,.F.);
#517=ORIENTED_EDGE('',*,*,#923,.T.);
#518=ORIENTED_EDGE('',*,*,#928,.T.);
#519=ORIENTED_EDGE('',*,*,#919,.T.);
#520=ORIENTED_EDGE('',*,*,#930,.T.);
#521=ORIENTED_EDGE('',*,*,#927,.F.);
#522=ORIENTED_EDGE('',*,*,#929,.F.);
#523=ORIENTED_EDGE('',*,*,#931,.F.);
#524=ORIENTED_EDGE('',*,*,#932,.T.);
#525=ORIENTED_EDGE('',*,*,#933,.F.);
#526=ORIENTED_EDGE('',*,*,#934,.F.);
#527=ORIENTED_EDGE('',*,*,#935,.T.);
#528=ORIENTED_EDGE('',*,*,#936,.T.);
#529=ORIENTED_EDGE('',*,*,#934,.T.);
#530=ORIENTED_EDGE('',*,*,#937,.F.);
#531=ORIENTED_EDGE('',*,*,#938,.F.);
#532=ORIENTED_EDGE('',*,*,#939,.T.);
#533=ORIENTED_EDGE('',*,*,#937,.T.);
#534=ORIENTED_EDGE('',*,*,#933,.T.);
#535=ORIENTED_EDGE('',*,*,#940,.F.);
#536=ORIENTED_EDGE('',*,*,#941,.F.);
#537=ORIENTED_EDGE('',*,*,#938,.T.);
#538=ORIENTED_EDGE('',*,*,#932,.F.);
#539=ORIENTED_EDGE('',*,*,#941,.T.);
#540=ORIENTED_EDGE('',*,*,#942,.T.);
#541=ORIENTED_EDGE('',*,*,#935,.F.);
#542=ORIENTED_EDGE('',*,*,#939,.F.);
#543=ORIENTED_EDGE('',*,*,#931,.T.);
#544=ORIENTED_EDGE('',*,*,#936,.F.);
#545=ORIENTED_EDGE('',*,*,#942,.F.);
#546=ORIENTED_EDGE('',*,*,#940,.T.);
#547=ORIENTED_EDGE('',*,*,#943,.F.);
#548=ORIENTED_EDGE('',*,*,#944,.T.);
#549=ORIENTED_EDGE('',*,*,#945,.F.);
#550=ORIENTED_EDGE('',*,*,#946,.F.);
#551=ORIENTED_EDGE('',*,*,#947,.T.);
#552=ORIENTED_EDGE('',*,*,#948,.T.);
#553=ORIENTED_EDGE('',*,*,#949,.F.);
#554=ORIENTED_EDGE('',*,*,#950,.F.);
#555=ORIENTED_EDGE('',*,*,#951,.F.);
#556=ORIENTED_EDGE('',*,*,#952,.T.);
#557=ORIENTED_EDGE('',*,*,#953,.T.);
#558=ORIENTED_EDGE('',*,*,#947,.F.);
#559=ORIENTED_EDGE('',*,*,#954,.F.);
#560=ORIENTED_EDGE('',*,*,#955,.T.);
#561=ORIENTED_EDGE('',*,*,#956,.F.);
#562=ORIENTED_EDGE('',*,*,#957,.T.);
#563=ORIENTED_EDGE('',*,*,#958,.F.);
#564=ORIENTED_EDGE('',*,*,#959,.T.);
#565=ORIENTED_EDGE('',*,*,#960,.T.);
#566=ORIENTED_EDGE('',*,*,#946,.T.);
#567=ORIENTED_EDGE('',*,*,#961,.T.);
#568=ORIENTED_EDGE('',*,*,#962,.T.);
#569=ORIENTED_EDGE('',*,*,#963,.F.);
#570=ORIENTED_EDGE('',*,*,#964,.T.);
#571=ORIENTED_EDGE('',*,*,#965,.F.);
#572=ORIENTED_EDGE('',*,*,#966,.F.);
#573=ORIENTED_EDGE('',*,*,#967,.F.);
#574=ORIENTED_EDGE('',*,*,#968,.F.);
#575=ORIENTED_EDGE('',*,*,#969,.F.);
#576=ORIENTED_EDGE('',*,*,#970,.F.);
#577=ORIENTED_EDGE('',*,*,#971,.T.);
#578=ORIENTED_EDGE('',*,*,#972,.T.);
#579=ORIENTED_EDGE('',*,*,#962,.F.);
#580=ORIENTED_EDGE('',*,*,#973,.F.);
#581=ORIENTED_EDGE('',*,*,#974,.T.);
#582=ORIENTED_EDGE('',*,*,#975,.T.);
#583=ORIENTED_EDGE('',*,*,#976,.F.);
#584=ORIENTED_EDGE('',*,*,#955,.F.);
#585=ORIENTED_EDGE('',*,*,#977,.T.);
#586=ORIENTED_EDGE('',*,*,#978,.F.);
#587=ORIENTED_EDGE('',*,*,#979,.T.);
#588=ORIENTED_EDGE('',*,*,#980,.F.);
#589=ORIENTED_EDGE('',*,*,#981,.T.);
#590=ORIENTED_EDGE('',*,*,#982,.F.);
#591=ORIENTED_EDGE('',*,*,#983,.T.);
#592=ORIENTED_EDGE('',*,*,#984,.T.);
#593=ORIENTED_EDGE('',*,*,#985,.F.);
#594=ORIENTED_EDGE('',*,*,#986,.F.);
#595=ORIENTED_EDGE('',*,*,#987,.F.);
#596=ORIENTED_EDGE('',*,*,#959,.F.);
#597=ORIENTED_EDGE('',*,*,#988,.T.);
#598=ORIENTED_EDGE('',*,*,#989,.T.);
#599=ORIENTED_EDGE('',*,*,#990,.T.);
#600=ORIENTED_EDGE('',*,*,#991,.F.);
#601=ORIENTED_EDGE('',*,*,#992,.T.);
#602=ORIENTED_EDGE('',*,*,#993,.F.);
#603=ORIENTED_EDGE('',*,*,#991,.T.);
#604=ORIENTED_EDGE('',*,*,#994,.T.);
#605=ORIENTED_EDGE('',*,*,#995,.F.);
#606=ORIENTED_EDGE('',*,*,#996,.F.);
#607=ORIENTED_EDGE('',*,*,#997,.F.);
#608=ORIENTED_EDGE('',*,*,#998,.T.);
#609=ORIENTED_EDGE('',*,*,#999,.F.);
#610=ORIENTED_EDGE('',*,*,#1000,.T.);
#611=ORIENTED_EDGE('',*,*,#1001,.F.);
#612=ORIENTED_EDGE('',*,*,#999,.T.);
#613=ORIENTED_EDGE('',*,*,#1002,.T.);
#614=ORIENTED_EDGE('',*,*,#1003,.F.);
#615=ORIENTED_EDGE('',*,*,#1004,.T.);
#616=ORIENTED_EDGE('',*,*,#1005,.F.);
#617=ORIENTED_EDGE('',*,*,#1006,.T.);
#618=ORIENTED_EDGE('',*,*,#1007,.T.);
#619=ORIENTED_EDGE('',*,*,#1008,.T.);
#620=ORIENTED_EDGE('',*,*,#964,.F.);
#621=ORIENTED_EDGE('',*,*,#1009,.T.);
#622=ORIENTED_EDGE('',*,*,#957,.F.);
#623=ORIENTED_EDGE('',*,*,#1010,.T.);
#624=ORIENTED_EDGE('',*,*,#1011,.T.);
#625=ORIENTED_EDGE('',*,*,#1012,.T.);
#626=ORIENTED_EDGE('',*,*,#1013,.F.);
#627=ORIENTED_EDGE('',*,*,#1014,.F.);
#628=ORIENTED_EDGE('',*,*,#965,.T.);
#629=ORIENTED_EDGE('',*,*,#1015,.T.);
#630=ORIENTED_EDGE('',*,*,#1016,.F.);
#631=ORIENTED_EDGE('',*,*,#1017,.F.);
#632=ORIENTED_EDGE('',*,*,#966,.T.);
#633=ORIENTED_EDGE('',*,*,#1014,.T.);
#634=ORIENTED_EDGE('',*,*,#1018,.F.);
#635=ORIENTED_EDGE('',*,*,#1019,.F.);
#636=ORIENTED_EDGE('',*,*,#967,.T.);
#637=ORIENTED_EDGE('',*,*,#1017,.T.);
#638=ORIENTED_EDGE('',*,*,#1020,.F.);
#639=ORIENTED_EDGE('',*,*,#1015,.F.);
#640=ORIENTED_EDGE('',*,*,#968,.T.);
#641=ORIENTED_EDGE('',*,*,#1019,.T.);
#642=ORIENTED_EDGE('',*,*,#1011,.F.);
#643=ORIENTED_EDGE('',*,*,#1021,.T.);
#644=ORIENTED_EDGE('',*,*,#982,.T.);
#645=ORIENTED_EDGE('',*,*,#1022,.T.);
#646=ORIENTED_EDGE('',*,*,#1023,.F.);
#647=ORIENTED_EDGE('',*,*,#979,.F.);
#648=ORIENTED_EDGE('',*,*,#1024,.F.);
#649=ORIENTED_EDGE('',*,*,#949,.T.);
#650=ORIENTED_EDGE('',*,*,#1025,.T.);
#651=ORIENTED_EDGE('',*,*,#1026,.F.);
#652=ORIENTED_EDGE('',*,*,#1027,.F.);
#653=ORIENTED_EDGE('',*,*,#1007,.F.);
#654=ORIENTED_EDGE('',*,*,#1028,.T.);
#655=ORIENTED_EDGE('',*,*,#1029,.F.);
#656=ORIENTED_EDGE('',*,*,#975,.F.);
#657=ORIENTED_EDGE('',*,*,#1030,.T.);
#658=ORIENTED_EDGE('',*,*,#944,.F.);
#659=ORIENTED_EDGE('',*,*,#1031,.F.);
#660=ORIENTED_EDGE('',*,*,#990,.F.);
#661=ORIENTED_EDGE('',*,*,#1032,.T.);
#662=ORIENTED_EDGE('',*,*,#1013,.T.);
#663=ORIENTED_EDGE('',*,*,#1020,.T.);
#664=ORIENTED_EDGE('',*,*,#1018,.T.);
#665=ORIENTED_EDGE('',*,*,#1016,.T.);
#666=ORIENTED_EDGE('',*,*,#1001,.T.);
#667=ORIENTED_EDGE('',*,*,#969,.T.);
#668=ORIENTED_EDGE('',*,*,#1033,.F.);
#669=ORIENTED_EDGE('',*,*,#952,.F.);
#670=ORIENTED_EDGE('',*,*,#1034,.T.);
#671=ORIENTED_EDGE('',*,*,#1035,.F.);
#672=ORIENTED_EDGE('',*,*,#1026,.T.);
#673=ORIENTED_EDGE('',*,*,#1036,.T.);
#674=ORIENTED_EDGE('',*,*,#1037,.F.);
#675=ORIENTED_EDGE('',*,*,#1038,.T.);
#676=ORIENTED_EDGE('',*,*,#1033,.T.);
#677=ORIENTED_EDGE('',*,*,#993,.T.);
#678=ORIENTED_EDGE('',*,*,#976,.T.);
#679=ORIENTED_EDGE('',*,*,#1039,.T.);
#680=ORIENTED_EDGE('',*,*,#985,.T.);
#681=ORIENTED_EDGE('',*,*,#1040,.F.);
#682=ORIENTED_EDGE('',*,*,#1041,.F.);
#683=ORIENTED_EDGE('',*,*,#1042,.F.);
#684=ORIENTED_EDGE('',*,*,#1043,.F.);
#685=ORIENTED_EDGE('',*,*,#1044,.T.);
#686=ORIENTED_EDGE('',*,*,#1045,.F.);
#687=ORIENTED_EDGE('',*,*,#1041,.T.);
#688=ORIENTED_EDGE('',*,*,#1039,.F.);
#689=ORIENTED_EDGE('',*,*,#1046,.F.);
#690=ORIENTED_EDGE('',*,*,#1047,.F.);
#691=ORIENTED_EDGE('',*,*,#1048,.F.);
#692=ORIENTED_EDGE('',*,*,#1049,.F.);
#693=ORIENTED_EDGE('',*,*,#1050,.T.);
#694=ORIENTED_EDGE('',*,*,#1051,.F.);
#695=ORIENTED_EDGE('',*,*,#1047,.T.);
#696=ORIENTED_EDGE('',*,*,#1038,.F.);
#697=ORIENTED_EDGE('',*,*,#1004,.F.);
#698=ORIENTED_EDGE('',*,*,#1052,.F.);
#699=ORIENTED_EDGE('',*,*,#1053,.T.);
#700=ORIENTED_EDGE('',*,*,#1054,.T.);
#701=ORIENTED_EDGE('',*,*,#1055,.T.);
#702=ORIENTED_EDGE('',*,*,#1005,.T.);
#703=ORIENTED_EDGE('',*,*,#1054,.F.);
#704=ORIENTED_EDGE('',*,*,#1006,.F.);
#705=ORIENTED_EDGE('',*,*,#1055,.F.);
#706=ORIENTED_EDGE('',*,*,#1053,.F.);
#707=ORIENTED_EDGE('',*,*,#1056,.T.);
#708=ORIENTED_EDGE('',*,*,#1002,.F.);
#709=ORIENTED_EDGE('',*,*,#1000,.F.);
#710=ORIENTED_EDGE('',*,*,#1052,.T.);
#711=ORIENTED_EDGE('',*,*,#1003,.T.);
#712=ORIENTED_EDGE('',*,*,#1056,.F.);
#713=ORIENTED_EDGE('',*,*,#1050,.F.);
#714=ORIENTED_EDGE('',*,*,#1057,.F.);
#715=ORIENTED_EDGE('',*,*,#1058,.T.);
#716=ORIENTED_EDGE('',*,*,#1059,.F.);
#717=ORIENTED_EDGE('',*,*,#1048,.T.);
#718=ORIENTED_EDGE('',*,*,#1046,.T.);
#719=ORIENTED_EDGE('',*,*,#1051,.T.);
#720=ORIENTED_EDGE('',*,*,#1058,.F.);
#721=ORIENTED_EDGE('',*,*,#1057,.T.);
#722=ORIENTED_EDGE('',*,*,#1049,.T.);
#723=ORIENTED_EDGE('',*,*,#1059,.T.);
#724=ORIENTED_EDGE('',*,*,#1060,.T.);
#725=ORIENTED_EDGE('',*,*,#996,.T.);
#726=ORIENTED_EDGE('',*,*,#1061,.F.);
#727=ORIENTED_EDGE('',*,*,#1062,.T.);
#728=ORIENTED_EDGE('',*,*,#1063,.T.);
#729=ORIENTED_EDGE('',*,*,#997,.T.);
#730=ORIENTED_EDGE('',*,*,#1060,.F.);
#731=ORIENTED_EDGE('',*,*,#998,.F.);
#732=ORIENTED_EDGE('',*,*,#1063,.F.);
#733=ORIENTED_EDGE('',*,*,#1062,.F.);
#734=ORIENTED_EDGE('',*,*,#1064,.T.);
#735=ORIENTED_EDGE('',*,*,#994,.F.);
#736=ORIENTED_EDGE('',*,*,#992,.F.);
#737=ORIENTED_EDGE('',*,*,#1061,.T.);
#738=ORIENTED_EDGE('',*,*,#995,.T.);
#739=ORIENTED_EDGE('',*,*,#1064,.F.);
#740=ORIENTED_EDGE('',*,*,#1044,.F.);
#741=ORIENTED_EDGE('',*,*,#1065,.F.);
#742=ORIENTED_EDGE('',*,*,#1066,.T.);
#743=ORIENTED_EDGE('',*,*,#1067,.T.);
#744=ORIENTED_EDGE('',*,*,#1042,.T.);
#745=ORIENTED_EDGE('',*,*,#1040,.T.);
#746=ORIENTED_EDGE('',*,*,#1045,.T.);
#747=ORIENTED_EDGE('',*,*,#1066,.F.);
#748=ORIENTED_EDGE('',*,*,#1065,.T.);
#749=ORIENTED_EDGE('',*,*,#1043,.T.);
#750=ORIENTED_EDGE('',*,*,#1067,.F.);
#751=ORIENTED_EDGE('',*,*,#989,.F.);
#752=ORIENTED_EDGE('',*,*,#1068,.T.);
#753=ORIENTED_EDGE('',*,*,#1032,.F.);
#754=ORIENTED_EDGE('',*,*,#1012,.F.);
#755=ORIENTED_EDGE('',*,*,#1068,.F.);
#756=ORIENTED_EDGE('',*,*,#988,.F.);
#757=ORIENTED_EDGE('',*,*,#958,.T.);
#758=ORIENTED_EDGE('',*,*,#1069,.F.);
#759=ORIENTED_EDGE('',*,*,#986,.T.);
#760=ORIENTED_EDGE('',*,*,#1031,.T.);
#761=ORIENTED_EDGE('',*,*,#1069,.T.);
#762=ORIENTED_EDGE('',*,*,#943,.T.);
#763=ORIENTED_EDGE('',*,*,#960,.F.);
#764=ORIENTED_EDGE('',*,*,#987,.T.);
#765=ORIENTED_EDGE('',*,*,#1024,.T.);
#766=ORIENTED_EDGE('',*,*,#978,.T.);
#767=ORIENTED_EDGE('',*,*,#1070,.T.);
#768=ORIENTED_EDGE('',*,*,#954,.T.);
#769=ORIENTED_EDGE('',*,*,#950,.T.);
#770=ORIENTED_EDGE('',*,*,#1070,.F.);
#771=ORIENTED_EDGE('',*,*,#977,.F.);
#772=ORIENTED_EDGE('',*,*,#1010,.F.);
#773=ORIENTED_EDGE('',*,*,#956,.T.);
#774=ORIENTED_EDGE('',*,*,#984,.F.);
#775=ORIENTED_EDGE('',*,*,#1071,.T.);
#776=ORIENTED_EDGE('',*,*,#983,.F.);
#777=ORIENTED_EDGE('',*,*,#1021,.F.);
#778=ORIENTED_EDGE('',*,*,#1071,.F.);
#779=ORIENTED_EDGE('',*,*,#1072,.F.);
#780=ORIENTED_EDGE('',*,*,#980,.T.);
#781=ORIENTED_EDGE('',*,*,#1023,.T.);
#782=ORIENTED_EDGE('',*,*,#981,.F.);
#783=ORIENTED_EDGE('',*,*,#1072,.T.);
#784=ORIENTED_EDGE('',*,*,#1022,.F.);
#785=ORIENTED_EDGE('',*,*,#1027,.T.);
#786=ORIENTED_EDGE('',*,*,#1035,.T.);
#787=ORIENTED_EDGE('',*,*,#1073,.T.);
#788=ORIENTED_EDGE('',*,*,#1008,.F.);
#789=ORIENTED_EDGE('',*,*,#1073,.F.);
#790=ORIENTED_EDGE('',*,*,#1034,.F.);
#791=ORIENTED_EDGE('',*,*,#951,.T.);
#792=ORIENTED_EDGE('',*,*,#948,.F.);
#793=ORIENTED_EDGE('',*,*,#953,.F.);
#794=ORIENTED_EDGE('',*,*,#1037,.T.);
#795=ORIENTED_EDGE('',*,*,#1074,.T.);
#796=ORIENTED_EDGE('',*,*,#1036,.F.);
#797=ORIENTED_EDGE('',*,*,#1025,.F.);
#798=ORIENTED_EDGE('',*,*,#1074,.F.);
#799=ORIENTED_EDGE('',*,*,#1009,.F.);
#800=ORIENTED_EDGE('',*,*,#963,.T.);
#801=ORIENTED_EDGE('',*,*,#972,.F.);
#802=ORIENTED_EDGE('',*,*,#1075,.T.);
#803=ORIENTED_EDGE('',*,*,#971,.F.);
#804=ORIENTED_EDGE('',*,*,#1076,.T.);
#805=ORIENTED_EDGE('',*,*,#1028,.F.);
#806=ORIENTED_EDGE('',*,*,#1075,.F.);
#807=ORIENTED_EDGE('',*,*,#1076,.F.);
#808=ORIENTED_EDGE('',*,*,#970,.T.);
#809=ORIENTED_EDGE('',*,*,#1029,.T.);
#810=ORIENTED_EDGE('',*,*,#974,.F.);
#811=ORIENTED_EDGE('',*,*,#1077,.T.);
#812=ORIENTED_EDGE('',*,*,#1030,.F.);
#813=ORIENTED_EDGE('',*,*,#961,.F.);
#814=ORIENTED_EDGE('',*,*,#945,.T.);
#815=ORIENTED_EDGE('',*,*,#1077,.F.);
#816=ORIENTED_EDGE('',*,*,#973,.T.);
#817=EDGE_CURVE('',#1078,#1078,#1278,.T.);
#818=EDGE_CURVE('',#1079,#1079,#1279,.T.);
#819=EDGE_CURVE('',#1080,#1080,#1280,.T.);
#820=EDGE_CURVE('',#1081,#1081,#1281,.T.);
#821=EDGE_CURVE('',#1082,#1083,#1282,.T.);
#822=EDGE_CURVE('',#1084,#1082,#1283,.T.);
#823=EDGE_CURVE('',#1085,#1084,#1284,.T.);
#824=EDGE_CURVE('',#1083,#1085,#1285,.T.);
#825=EDGE_CURVE('',#1086,#1087,#1286,.T.);
#826=EDGE_CURVE('',#1088,#1086,#1287,.T.);
#827=EDGE_CURVE('',#1089,#1088,#1288,.T.);
#828=EDGE_CURVE('',#1087,#1089,#1289,.T.);
#829=EDGE_CURVE('',#1090,#1091,#1290,.T.);
#830=EDGE_CURVE('',#1092,#1090,#1291,.T.);
#831=EDGE_CURVE('',#1093,#1092,#1292,.T.);
#832=EDGE_CURVE('',#1091,#1093,#1293,.T.);
#833=EDGE_CURVE('',#1094,#1095,#1294,.T.);
#834=EDGE_CURVE('',#1096,#1094,#1295,.T.);
#835=EDGE_CURVE('',#1097,#1096,#1296,.T.);
#836=EDGE_CURVE('',#1095,#1097,#1297,.T.);
#837=EDGE_CURVE('',#1098,#1099,#1298,.T.);
#838=EDGE_CURVE('',#1100,#1098,#1299,.T.);
#839=EDGE_CURVE('',#1101,#1100,#1300,.T.);
#840=EDGE_CURVE('',#1099,#1101,#1301,.T.);
#841=EDGE_CURVE('',#1102,#1103,#80,.T.);
#842=EDGE_CURVE('',#1104,#1102,#1302,.T.);
#843=EDGE_CURVE('',#1105,#1104,#81,.T.);
#844=EDGE_CURVE('',#1103,#1105,#1303,.T.);
#845=EDGE_CURVE('',#1106,#1104,#1304,.T.);
#846=EDGE_CURVE('',#1107,#1106,#1305,.T.);
#847=EDGE_CURVE('',#1105,#1107,#1306,.T.);
#848=EDGE_CURVE('',#1108,#1109,#1307,.T.);
#849=EDGE_CURVE('',#1109,#1110,#1308,.T.);
#850=EDGE_CURVE('',#1110,#1102,#1309,.T.);
#851=EDGE_CURVE('',#1103,#1108,#1310,.T.);
#852=EDGE_CURVE('',#1111,#1112,#1311,.T.);
#853=EDGE_CURVE('',#1112,#1113,#82,.T.);
#854=EDGE_CURVE('',#1113,#1114,#1312,.T.);
#855=EDGE_CURVE('',#1114,#1111,#83,.T.);
#856=EDGE_CURVE('',#1115,#1114,#1313,.T.);
#857=EDGE_CURVE('',#1116,#1115,#1314,.T.);
#858=EDGE_CURVE('',#1111,#1116,#1315,.T.);
#859=EDGE_CURVE('',#1117,#1118,#1316,.T.);
#860=EDGE_CURVE('',#1118,#1113,#1317,.T.);
#861=EDGE_CURVE('',#1112,#1119,#1318,.T.);
#862=EDGE_CURVE('',#1119,#1117,#1319,.T.);
#863=EDGE_CURVE('',#1120,#1121,#1320,.T.);
#864=EDGE_CURVE('',#1121,#1122,#1321,.T.);
#865=EDGE_CURVE('',#1122,#1123,#1322,.T.);
#866=EDGE_CURVE('',#1123,#1120,#84,.T.);
#867=EDGE_CURVE('',#1124,#1125,#1323,.T.);
#868=EDGE_CURVE('',#1125,#1126,#1324,.T.);
#869=EDGE_CURVE('',#1126,#1127,#1325,.T.);
#870=EDGE_CURVE('',#1127,#1124,#85,.T.);
#871=EDGE_CURVE('',#1127,#1120,#1326,.T.);
#872=EDGE_CURVE('',#1123,#1128,#1327,.T.);
#873=EDGE_CURVE('',#1128,#1129,#1328,.T.);
#874=EDGE_CURVE('',#1129,#1124,#1329,.T.);
#875=EDGE_CURVE('',#1130,#1131,#1330,.T.);
#876=EDGE_CURVE('',#1131,#1132,#1331,.T.);
#877=EDGE_CURVE('',#1132,#1133,#1332,.T.);
#878=EDGE_CURVE('',#1133,#1130,#1333,.T.);
#879=EDGE_CURVE('',#1134,#1135,#1334,.T.);
#880=EDGE_CURVE('',#1135,#1136,#1335,.T.);
#881=EDGE_CURVE('',#1136,#1137,#1336,.T.);
#882=EDGE_CURVE('',#1137,#1134,#1337,.T.);
#883=EDGE_CURVE('',#1138,#1139,#1338,.T.);
#884=EDGE_CURVE('',#1139,#1140,#1339,.T.);
#885=EDGE_CURVE('',#1140,#1141,#1340,.T.);
#886=EDGE_CURVE('',#1141,#1138,#1341,.T.);
#887=EDGE_CURVE('',#1142,#1143,#1342,.T.);
#888=EDGE_CURVE('',#1143,#1144,#1343,.T.);
#889=EDGE_CURVE('',#1144,#1145,#1344,.T.);
#890=EDGE_CURVE('',#1145,#1142,#1345,.T.);
#891=EDGE_CURVE('',#1146,#1147,#1346,.T.);
#892=EDGE_CURVE('',#1147,#1148,#1347,.T.);
#893=EDGE_CURVE('',#1148,#1149,#1348,.T.);
#894=EDGE_CURVE('',#1149,#1146,#1349,.T.);
#895=EDGE_CURVE('',#1150,#1151,#1350,.T.);
#896=EDGE_CURVE('',#1151,#1152,#1351,.T.);
#897=EDGE_CURVE('',#1152,#1153,#1352,.T.);
#898=EDGE_CURVE('',#1153,#1150,#1353,.T.);
#899=EDGE_CURVE('',#1154,#1155,#1354,.T.);
#900=EDGE_CURVE('',#1155,#1156,#1355,.T.);
#901=EDGE_CURVE('',#1157,#1156,#86,.T.);
#902=EDGE_CURVE('',#1157,#1154,#1356,.T.);
#903=EDGE_CURVE('',#1158,#1158,#56,.T.);
#904=EDGE_CURVE('',#1159,#1159,#57,.T.);
#905=EDGE_CURVE('',#1160,#1160,#58,.T.);
#906=EDGE_CURVE('',#1161,#1161,#59,.T.);
#907=EDGE_CURVE('',#1162,#1163,#1357,.T.);
#908=EDGE_CURVE('',#1163,#1157,#1358,.T.);
#909=EDGE_CURVE('',#1156,#1164,#1359,.T.);
#910=EDGE_CURVE('',#1164,#1165,#1360,.T.);
#911=EDGE_CURVE('',#1165,#1166,#1361,.T.);
#912=EDGE_CURVE('',#1167,#1166,#87,.T.);
#913=EDGE_CURVE('',#1167,#1162,#1362,.T.);
#914=EDGE_CURVE('',#1168,#1167,#1363,.T.);
#915=EDGE_CURVE('',#1166,#1169,#1364,.T.);
#916=EDGE_CURVE('',#1169,#1170,#1365,.T.);
#917=EDGE_CURVE('',#1171,#1170,#1366,.F.);
#918=EDGE_CURVE('',#1168,#1171,#1367,.F.);
#919=EDGE_CURVE('',#1172,#1173,#88,.T.);
#920=EDGE_CURVE('',#1172,#1174,#89,.T.);
#921=EDGE_CURVE('',#1174,#1175,#90,.T.);
#922=EDGE_CURVE('',#1175,#1173,#91,.T.);
#923=EDGE_CURVE('',#1175,#1176,#92,.T.);
#924=EDGE_CURVE('',#1177,#1174,#93,.T.);
#925=EDGE_CURVE('',#1177,#1176,#94,.T.);
#926=EDGE_CURVE('',#1178,#1177,#95,.T.);
#927=EDGE_CURVE('',#1178,#1179,#96,.T.);
#928=EDGE_CURVE('',#1176,#1179,#97,.T.);
#929=EDGE_CURVE('',#1172,#1178,#98,.T.);
#930=EDGE_CURVE('',#1173,#1179,#99,.T.);
#931=EDGE_CURVE('',#1180,#1181,#100,.T.);
#932=EDGE_CURVE('',#1180,#1182,#101,.T.);
#933=EDGE_CURVE('',#1183,#1182,#102,.T.);
#934=EDGE_CURVE('',#1181,#1183,#103,.T.);
#935=EDGE_CURVE('',#1184,#1185,#104,.T.);
#936=EDGE_CURVE('',#1185,#1181,#105,.T.);
#937=EDGE_CURVE('',#1184,#1183,#106,.T.);
#938=EDGE_CURVE('',#1186,#1182,#107,.T.);
#939=EDGE_CURVE('',#1186,#1184,#108,.T.);
#940=EDGE_CURVE('',#1187,#1180,#109,.T.);
#941=EDGE_CURVE('',#1186,#1187,#110,.T.);
#942=EDGE_CURVE('',#1187,#1185,#111,.T.);
#943=EDGE_CURVE('',#1188,#1189,#112,.F.);
#944=EDGE_CURVE('',#1188,#1190,#113,.T.);
#945=EDGE_CURVE('',#1191,#1190,#114,.F.);
#946=EDGE_CURVE('',#1189,#1191,#115,.T.);
#947=EDGE_CURVE('',#1192,#1193,#116,.T.);
#948=EDGE_CURVE('',#1193,#1194,#117,.F.);
#949=EDGE_CURVE('',#1195,#1194,#118,.T.);
#950=EDGE_CURVE('',#1192,#1195,#119,.T.);
#951=EDGE_CURVE('',#1196,#1197,#120,.T.);
#952=EDGE_CURVE('',#1196,#1198,#60,.F.);
#953=EDGE_CURVE('',#1198,#1193,#121,.F.);
#954=EDGE_CURVE('',#1199,#1192,#122,.T.);
#955=EDGE_CURVE('',#1199,#1200,#61,.F.);
#956=EDGE_CURVE('',#1201,#1200,#123,.T.);
#957=EDGE_CURVE('',#1201,#1202,#124,.T.);
#958=EDGE_CURVE('',#1203,#1202,#125,.T.);
#959=EDGE_CURVE('',#1203,#1204,#62,.F.);
#960=EDGE_CURVE('',#1204,#1189,#126,.F.);
#961=EDGE_CURVE('',#1191,#1205,#127,.F.);
#962=EDGE_CURVE('',#1205,#1206,#63,.F.);
#963=EDGE_CURVE('',#1207,#1206,#128,.T.);
#964=EDGE_CURVE('',#1207,#1197,#129,.T.);
#965=EDGE_CURVE('',#1208,#1209,#130,.T.);
#966=EDGE_CURVE('',#1210,#1208,#131,.T.);
#967=EDGE_CURVE('',#1211,#1210,#132,.T.);
#968=EDGE_CURVE('',#1209,#1211,#133,.T.);
#969=EDGE_CURVE('',#1212,#1212,#64,.T.);
#970=EDGE_CURVE('',#1213,#1214,#10,.F.);
#971=EDGE_CURVE('',#1213,#1215,#11,.T.);
#972=EDGE_CURVE('',#1215,#1206,#12,.T.);
#973=EDGE_CURVE('',#1216,#1205,#13,.F.);
#974=EDGE_CURVE('',#1216,#1217,#14,.T.);
#975=EDGE_CURVE('',#1217,#1214,#65,.T.);
#976=EDGE_CURVE('',#1218,#1218,#66,.T.);
#977=EDGE_CURVE('',#1199,#1219,#15,.T.);
#978=EDGE_CURVE('',#1220,#1219,#16,.F.);
#979=EDGE_CURVE('',#1220,#1221,#67,.T.);
#980=EDGE_CURVE('',#1222,#1221,#17,.F.);
#981=EDGE_CURVE('',#1222,#1223,#18,.T.);
#982=EDGE_CURVE('',#1224,#1223,#1368,.T.);
#983=EDGE_CURVE('',#1224,#1225,#19,.T.);
#984=EDGE_CURVE('',#1225,#1200,#20,.T.);
#985=EDGE_CURVE('',#1226,#1226,#68,.T.);
#986=EDGE_CURVE('',#1227,#1228,#21,.F.);
#987=EDGE_CURVE('',#1204,#1227,#22,.F.);
#988=EDGE_CURVE('',#1203,#1229,#23,.T.);
#989=EDGE_CURVE('',#1229,#1230,#24,.T.);
#990=EDGE_CURVE('',#1230,#1228,#69,.T.);
#991=EDGE_CURVE('',#1231,#1232,#70,.T.);
#992=EDGE_CURVE('',#1231,#1232,#134,.F.);
#993=EDGE_CURVE('',#1233,#1233,#71,.T.);
#994=EDGE_CURVE('',#1232,#1234,#25,.F.);
#995=EDGE_CURVE('',#1235,#1234,#26,.T.);
#996=EDGE_CURVE('',#1236,#1235,#27,.T.);
#997=EDGE_CURVE('',#1237,#1236,#28,.T.);
#998=EDGE_CURVE('',#1237,#1231,#29,.F.);
#999=EDGE_CURVE('',#1238,#1239,#72,.T.);
#1000=EDGE_CURVE('',#1238,#1239,#135,.F.);
#1001=EDGE_CURVE('',#1240,#1240,#73,.T.);
#1002=EDGE_CURVE('',#1239,#1241,#30,.F.);
#1003=EDGE_CURVE('',#1242,#1241,#31,.T.);
#1004=EDGE_CURVE('',#1242,#1243,#32,.F.);
#1005=EDGE_CURVE('',#1244,#1243,#33,.T.);
#1006=EDGE_CURVE('',#1244,#1238,#34,.F.);
#1007=EDGE_CURVE('',#1245,#1246,#136,.T.);
#1008=EDGE_CURVE('',#1246,#1197,#137,.T.);
#1009=EDGE_CURVE('',#1207,#1245,#138,.T.);
#1010=EDGE_CURVE('',#1201,#1247,#139,.T.);
#1011=EDGE_CURVE('',#1247,#1248,#140,.T.);
#1012=EDGE_CURVE('',#1248,#1202,#141,.T.);
#1013=EDGE_CURVE('',#1249,#1250,#142,.T.);
#1014=EDGE_CURVE('',#1208,#1249,#143,.T.);
#1015=EDGE_CURVE('',#1209,#1250,#144,.T.);
#1016=EDGE_CURVE('',#1251,#1249,#145,.T.);
#1017=EDGE_CURVE('',#1210,#1251,#146,.T.);
#1018=EDGE_CURVE('',#1252,#1251,#147,.T.);
#1019=EDGE_CURVE('',#1211,#1252,#148,.T.);
#1020=EDGE_CURVE('',#1250,#1252,#149,.T.);
#1021=EDGE_CURVE('',#1247,#1224,#150,.T.);
#1022=EDGE_CURVE('',#1223,#1253,#151,.T.);
#1023=EDGE_CURVE('',#1221,#1253,#152,.F.);
#1024=EDGE_CURVE('',#1195,#1220,#153,.F.);
#1025=EDGE_CURVE('',#1194,#1254,#154,.T.);
#1026=EDGE_CURVE('',#1255,#1254,#74,.T.);
#1027=EDGE_CURVE('',#1246,#1255,#155,.F.);
#1028=EDGE_CURVE('',#1245,#1256,#156,.T.);
#1029=EDGE_CURVE('',#1214,#1256,#157,.F.);
#1030=EDGE_CURVE('',#1217,#1190,#158,.T.);
#1031=EDGE_CURVE('',#1228,#1188,#159,.F.);
#1032=EDGE_CURVE('',#1230,#1248,#160,.T.);
#1033=EDGE_CURVE('',#1257,#1257,#75,.T.);
#1034=EDGE_CURVE('',#1196,#1258,#35,.T.);
#1035=EDGE_CURVE('',#1255,#1258,#36,.F.);
#1036=EDGE_CURVE('',#1254,#1259,#37,.T.);
#1037=EDGE_CURVE('',#1198,#1259,#38,.F.);
#1038=EDGE_CURVE('',#1260,#1260,#76,.T.);
#1039=EDGE_CURVE('',#1261,#1261,#77,.T.);
#1040=EDGE_CURVE('',#1262,#1263,#161,.T.);
#1041=EDGE_CURVE('',#1263,#1262,#78,.T.);
#1042=EDGE_CURVE('',#1264,#1262,#39,.T.);
#1043=EDGE_CURVE('',#1265,#1264,#40,.T.);
#1044=EDGE_CURVE('',#1265,#1266,#41,.F.);
#1045=EDGE_CURVE('',#1263,#1266,#42,.T.);
#1046=EDGE_CURVE('',#1267,#1268,#162,.T.);
#1047=EDGE_CURVE('',#1268,#1267,#79,.T.);
#1048=EDGE_CURVE('',#1269,#1267,#43,.T.);
#1049=EDGE_CURVE('',#1270,#1269,#44,.T.);
#1050=EDGE_CURVE('',#1270,#1271,#45,.F.);
#1051=EDGE_CURVE('',#1268,#1271,#46,.T.);
#1052=EDGE_CURVE('',#1272,#1242,#163,.F.);
#1053=EDGE_CURVE('',#1272,#1273,#164,.T.);
#1054=EDGE_CURVE('',#1273,#1243,#165,.F.);
#1055=EDGE_CURVE('',#1273,#1244,#166,.F.);
#1056=EDGE_CURVE('',#1272,#1241,#167,.F.);
#1057=EDGE_CURVE('',#1274,#1270,#168,.F.);
#1058=EDGE_CURVE('',#1274,#1271,#169,.F.);
#1059=EDGE_CURVE('',#1269,#1274,#170,.T.);
#1060=EDGE_CURVE('',#1275,#1236,#171,.T.);
#1061=EDGE_CURVE('',#1276,#1235,#172,.T.);
#1062=EDGE_CURVE('',#1276,#1275,#173,.F.);
#1063=EDGE_CURVE('',#1275,#1237,#174,.F.);
#1064=EDGE_CURVE('',#1276,#1234,#175,.F.);
#1065=EDGE_CURVE('',#1277,#1265,#176,.F.);
#1066=EDGE_CURVE('',#1277,#1266,#177,.F.);
#1067=EDGE_CURVE('',#1277,#1264,#178,.T.);
#1068=EDGE_CURVE('',#1229,#1248,#179,.T.);
#1069=EDGE_CURVE('',#1227,#1188,#180,.T.);
#1070=EDGE_CURVE('',#1219,#1195,#181,.F.);
#1071=EDGE_CURVE('',#1225,#1247,#182,.T.);
#1072=EDGE_CURVE('',#1222,#1253,#183,.F.);
#1073=EDGE_CURVE('',#1258,#1246,#184,.F.);
#1074=EDGE_CURVE('',#1259,#1194,#185,.F.);
#1075=EDGE_CURVE('',#1215,#1245,#186,.T.);
#1076=EDGE_CURVE('',#1213,#1256,#187,.F.);
#1077=EDGE_CURVE('',#1216,#1190,#188,.F.);
#1078=VERTEX_POINT('',#2646);
#1079=VERTEX_POINT('',#2658);
#1080=VERTEX_POINT('',#2671);
#1081=VERTEX_POINT('',#2683);
#1082=VERTEX_POINT('',#2689);
#1083=VERTEX_POINT('',#2690);
#1084=VERTEX_POINT('',#2695);
#1085=VERTEX_POINT('',#2700);
#1086=VERTEX_POINT('',#2710);
#1087=VERTEX_POINT('',#2711);
#1088=VERTEX_POINT('',#2716);
#1089=VERTEX_POINT('',#2721);
#1090=VERTEX_POINT('',#2731);
#1091=VERTEX_POINT('',#2732);
#1092=VERTEX_POINT('',#2737);
#1093=VERTEX_POINT('',#2742);
#1094=VERTEX_POINT('',#2752);
#1095=VERTEX_POINT('',#2753);
#1096=VERTEX_POINT('',#2758);
#1097=VERTEX_POINT('',#2763);
#1098=VERTEX_POINT('',#2773);
#1099=VERTEX_POINT('',#2774);
#1100=VERTEX_POINT('',#2779);
#1101=VERTEX_POINT('',#2784);
#1102=VERTEX_POINT('',#2791);
#1103=VERTEX_POINT('',#2792);
#1104=VERTEX_POINT('',#2797);
#1105=VERTEX_POINT('',#2799);
#1106=VERTEX_POINT('',#2809);
#1107=VERTEX_POINT('',#2814);
#1108=VERTEX_POINT('',#2824);
#1109=VERTEX_POINT('',#2825);
#1110=VERTEX_POINT('',#2830);
#1111=VERTEX_POINT('',#2861);
#1112=VERTEX_POINT('',#2862);
#1113=VERTEX_POINT('',#2864);
#1114=VERTEX_POINT('',#2869);
#1115=VERTEX_POINT('',#2876);
#1116=VERTEX_POINT('',#2881);
#1117=VERTEX_POINT('',#2891);
#1118=VERTEX_POINT('',#2892);
#1119=VERTEX_POINT('',#2918);
#1120=VERTEX_POINT('',#2928);
#1121=VERTEX_POINT('',#2929);
#1122=VERTEX_POINT('',#2934);
#1123=VERTEX_POINT('',#2939);
#1124=VERTEX_POINT('',#2946);
#1125=VERTEX_POINT('',#2947);
#1126=VERTEX_POINT('',#2952);
#1127=VERTEX_POINT('',#2957);
#1128=VERTEX_POINT('',#3028);
#1129=VERTEX_POINT('',#3033);
#1130=VERTEX_POINT('',#3043);
#1131=VERTEX_POINT('',#3044);
#1132=VERTEX_POINT('',#3049);
#1133=VERTEX_POINT('',#3054);
#1134=VERTEX_POINT('',#3064);
#1135=VERTEX_POINT('',#3065);
#1136=VERTEX_POINT('',#3070);
#1137=VERTEX_POINT('',#3075);
#1138=VERTEX_POINT('',#3085);
#1139=VERTEX_POINT('',#3086);
#1140=VERTEX_POINT('',#3091);
#1141=VERTEX_POINT('',#3096);
#1142=VERTEX_POINT('',#3106);
#1143=VERTEX_POINT('',#3107);
#1144=VERTEX_POINT('',#3112);
#1145=VERTEX_POINT('',#3117);
#1146=VERTEX_POINT('',#3127);
#1147=VERTEX_POINT('',#3128);
#1148=VERTEX_POINT('',#3133);
#1149=VERTEX_POINT('',#3138);
#1150=VERTEX_POINT('',#3148);
#1151=VERTEX_POINT('',#3149);
#1152=VERTEX_POINT('',#3154);
#1153=VERTEX_POINT('',#3159);
#1154=VERTEX_POINT('',#3169);
#1155=VERTEX_POINT('',#3170);
#1156=VERTEX_POINT('',#3175);
#1157=VERTEX_POINT('',#3177);
#1158=VERTEX_POINT('',#3183);
#1159=VERTEX_POINT('',#3185);
#1160=VERTEX_POINT('',#3188);
#1161=VERTEX_POINT('',#3191);
#1162=VERTEX_POINT('',#3197);
#1163=VERTEX_POINT('',#3198);
#1164=VERTEX_POINT('',#3207);
#1165=VERTEX_POINT('',#3212);
#1166=VERTEX_POINT('',#3217);
#1167=VERTEX_POINT('',#3219);
#1168=VERTEX_POINT('',#3229);
#1169=VERTEX_POINT('',#3234);
#1170=VERTEX_POINT('',#3239);
#1171=VERTEX_POINT('',#3244);
#1172=VERTEX_POINT('',#3252);
#1173=VERTEX_POINT('',#3253);
#1174=VERTEX_POINT('',#3255);
#1175=VERTEX_POINT('',#3257);
#1176=VERTEX_POINT('',#3261);
#1177=VERTEX_POINT('',#3263);
#1178=VERTEX_POINT('',#3267);
#1179=VERTEX_POINT('',#3269);
#1180=VERTEX_POINT('',#3279);
#1181=VERTEX_POINT('',#3280);
#1182=VERTEX_POINT('',#3282);
#1183=VERTEX_POINT('',#3284);
#1184=VERTEX_POINT('',#3288);
#1185=VERTEX_POINT('',#3289);
#1186=VERTEX_POINT('',#3294);
#1187=VERTEX_POINT('',#3298);
#1188=VERTEX_POINT('',#3306);
#1189=VERTEX_POINT('',#3307);
#1190=VERTEX_POINT('',#3309);
#1191=VERTEX_POINT('',#3311);
#1192=VERTEX_POINT('',#3315);
#1193=VERTEX_POINT('',#3316);
#1194=VERTEX_POINT('',#3318);
#1195=VERTEX_POINT('',#3320);
#1196=VERTEX_POINT('',#3324);
#1197=VERTEX_POINT('',#3325);
#1198=VERTEX_POINT('',#3327);
#1199=VERTEX_POINT('',#3330);
#1200=VERTEX_POINT('',#3332);
#1201=VERTEX_POINT('',#3334);
#1202=VERTEX_POINT('',#3336);
#1203=VERTEX_POINT('',#3338);
#1204=VERTEX_POINT('',#3340);
#1205=VERTEX_POINT('',#3343);
#1206=VERTEX_POINT('',#3345);
#1207=VERTEX_POINT('',#3347);
#1208=VERTEX_POINT('',#3350);
#1209=VERTEX_POINT('',#3351);
#1210=VERTEX_POINT('',#3353);
#1211=VERTEX_POINT('',#3355);
#1212=VERTEX_POINT('',#3359);
#1213=VERTEX_POINT('',#3361);
#1214=VERTEX_POINT('',#3362);
#1215=VERTEX_POINT('',#3364);
#1216=VERTEX_POINT('',#3367);
#1217=VERTEX_POINT('',#3369);
#1218=VERTEX_POINT('',#3373);
#1219=VERTEX_POINT('',#3375);
#1220=VERTEX_POINT('',#3377);
#1221=VERTEX_POINT('',#3379);
#1222=VERTEX_POINT('',#3381);
#1223=VERTEX_POINT('',#3383);
#1224=VERTEX_POINT('',#3388);
#1225=VERTEX_POINT('',#3390);
#1226=VERTEX_POINT('',#3394);
#1227=VERTEX_POINT('',#3396);
#1228=VERTEX_POINT('',#3397);
#1229=VERTEX_POINT('',#3400);
#1230=VERTEX_POINT('',#3402);
#1231=VERTEX_POINT('',#3406);
#1232=VERTEX_POINT('',#3407);
#1233=VERTEX_POINT('',#3411);
#1234=VERTEX_POINT('',#3413);
#1235=VERTEX_POINT('',#3415);
#1236=VERTEX_POINT('',#3417);
#1237=VERTEX_POINT('',#3419);
#1238=VERTEX_POINT('',#3423);
#1239=VERTEX_POINT('',#3424);
#1240=VERTEX_POINT('',#3428);
#1241=VERTEX_POINT('',#3430);
#1242=VERTEX_POINT('',#3432);
#1243=VERTEX_POINT('',#3434);
#1244=VERTEX_POINT('',#3436);
#1245=VERTEX_POINT('',#3440);
#1246=VERTEX_POINT('',#3441);
#1247=VERTEX_POINT('',#3446);
#1248=VERTEX_POINT('',#3448);
#1249=VERTEX_POINT('',#3452);
#1250=VERTEX_POINT('',#3453);
#1251=VERTEX_POINT('',#3458);
#1252=VERTEX_POINT('',#3462);
#1253=VERTEX_POINT('',#3469);
#1254=VERTEX_POINT('',#3473);
#1255=VERTEX_POINT('',#3475);
#1256=VERTEX_POINT('',#3478);
#1257=VERTEX_POINT('',#3486);
#1258=VERTEX_POINT('',#3488);
#1259=VERTEX_POINT('',#3491);
#1260=VERTEX_POINT('',#3495);
#1261=VERTEX_POINT('',#3499);
#1262=VERTEX_POINT('',#3502);
#1263=VERTEX_POINT('',#3503);
#1264=VERTEX_POINT('',#3507);
#1265=VERTEX_POINT('',#3509);
#1266=VERTEX_POINT('',#3511);
#1267=VERTEX_POINT('',#3515);
#1268=VERTEX_POINT('',#3516);
#1269=VERTEX_POINT('',#3520);
#1270=VERTEX_POINT('',#3522);
#1271=VERTEX_POINT('',#3524);
#1272=VERTEX_POINT('',#3528);
#1273=VERTEX_POINT('',#3530);
#1274=VERTEX_POINT('',#3539);
#1275=VERTEX_POINT('',#3546);
#1276=VERTEX_POINT('',#3548);
#1277=VERTEX_POINT('',#3557);
#1278=B_SPLINE_CURVE_WITH_KNOTS('',3,(#2635,#2636,#2637,#2638,#2639,#2640,
#2641,#2642,#2643,#2644,#2645),.UNSPECIFIED.,.T.,.F.,(1,1,1,1,1,1,1,1,1,
1,1,1,1,1,1),(-0.00588812091929016,-0.00392541394619344,-0.00196270697309672,
0.,0.00196270697309672,0.00392541394619344,0.00588812091929016,0.00785082789238688,
0.00981353486548359,0.0117762418385803,0.013738948811677,0.0157016557847738,
0.0176643627578705,0.0196270697309672,0.0215897767040639),.UNSPECIFIED.);
#1279=B_SPLINE_CURVE_WITH_KNOTS('',3,(#2647,#2648,#2649,#2650,#2651,#2652,
#2653,#2654,#2655,#2656,#2657),.UNSPECIFIED.,.T.,.F.,(1,1,1,1,1,1,1,1,1,
1,1,1,1,1,1),(-0.00588812091929016,-0.00392541394619344,-0.00196270697309672,
0.,0.00196270697309672,0.00392541394619344,0.00588812091929016,0.00785082789238688,
0.00981353486548359,0.0117762418385803,0.013738948811677,0.0157016557847738,
0.0176643627578705,0.0196270697309672,0.0215897767040639),.UNSPECIFIED.);
#1280=B_SPLINE_CURVE_WITH_KNOTS('',3,(#2660,#2661,#2662,#2663,#2664,#2665,
#2666,#2667,#2668,#2669,#2670),.UNSPECIFIED.,.T.,.F.,(1,1,1,1,1,1,1,1,1,
1,1,1,1,1,1),(-0.00588844028598208,-0.00392562685732139,-0.00196281342866069,
0.,0.00196281342866069,0.00392562685732139,0.00588844028598208,0.00785125371464278,
0.00981406714330347,0.0117768805719642,0.0137396940006249,0.0157025074292856,
0.0176653208579462,0.0196281342866069,0.0215909477152676),.UNSPECIFIED.);
#1281=B_SPLINE_CURVE_WITH_KNOTS('',3,(#2672,#2673,#2674,#2675,#2676,#2677,
#2678,#2679,#2680,#2681,#2682),.UNSPECIFIED.,.T.,.F.,(1,1,1,1,1,1,1,1,1,
1,1,1,1,1,1),(-0.0058890108516363,-0.0039260072344242,-0.0019630036172121,
0.,0.0019630036172121,0.0039260072344242,0.0058890108516363,0.0078520144688484,
0.0098150180860605,0.0117780217032726,0.0137410253204847,0.0157040289376968,
0.0176670325549089,0.019630036172121,0.0215930397893331),.UNSPECIFIED.);
#1282=B_SPLINE_CURVE_WITH_KNOTS('',3,(#2685,#2686,#2687,#2688),
 .UNSPECIFIED.,.F.,.F.,(4,4),(0.,0.0142312983044072),.UNSPECIFIED.);
#1283=B_SPLINE_CURVE_WITH_KNOTS('',3,(#2691,#2692,#2693,#2694),
 .UNSPECIFIED.,.F.,.F.,(4,4),(0.,0.0028050003051758),.UNSPECIFIED.);
#1284=B_SPLINE_CURVE_WITH_KNOTS('',3,(#2696,#2697,#2698,#2699),
 .UNSPECIFIED.,.F.,.F.,(4,4),(0.,0.0142312983044072),.UNSPECIFIED.);
#1285=B_SPLINE_CURVE_WITH_KNOTS('',3,(#2701,#2702,#2703,#2704),
 .UNSPECIFIED.,.F.,.F.,(4,4),(0.,0.0028050003051758),.UNSPECIFIED.);
#1286=B_SPLINE_CURVE_WITH_KNOTS('',3,(#2706,#2707,#2708,#2709),
 .UNSPECIFIED.,.F.,.F.,(4,4),(0.,0.0142312983044072),.UNSPECIFIED.);
#1287=B_SPLINE_CURVE_WITH_KNOTS('',3,(#2712,#2713,#2714,#2715),
 .UNSPECIFIED.,.F.,.F.,(4,4),(0.,0.0028050003051758),.UNSPECIFIED.);
#1288=B_SPLINE_CURVE_WITH_KNOTS('',3,(#2717,#2718,#2719,#2720),
 .UNSPECIFIED.,.F.,.F.,(4,4),(0.,0.0142312983044072),.UNSPECIFIED.);
#1289=B_SPLINE_CURVE_WITH_KNOTS('',3,(#2722,#2723,#2724,#2725),
 .UNSPECIFIED.,.F.,.F.,(4,4),(0.,0.0028050003051758),.UNSPECIFIED.);
#1290=B_SPLINE_CURVE_WITH_KNOTS('',3,(#2727,#2728,#2729,#2730),
 .UNSPECIFIED.,.F.,.F.,(4,4),(0.,0.0142312983044072),.UNSPECIFIED.);
#1291=B_SPLINE_CURVE_WITH_KNOTS('',3,(#2733,#2734,#2735,#2736),
 .UNSPECIFIED.,.F.,.F.,(4,4),(0.,0.0028050003051758),.UNSPECIFIED.);
#1292=B_SPLINE_CURVE_WITH_KNOTS('',3,(#2738,#2739,#2740,#2741),
 .UNSPECIFIED.,.F.,.F.,(4,4),(0.,0.0142312983044072),.UNSPECIFIED.);
#1293=B_SPLINE_CURVE_WITH_KNOTS('',3,(#2743,#2744,#2745,#2746),
 .UNSPECIFIED.,.F.,.F.,(4,4),(0.,0.0028050003051758),.UNSPECIFIED.);
#1294=B_SPLINE_CURVE_WITH_KNOTS('',3,(#2748,#2749,#2750,#2751),
 .UNSPECIFIED.,.F.,.F.,(4,4),(0.,0.0028050003051758),.UNSPECIFIED.);
#1295=B_SPLINE_CURVE_WITH_KNOTS('',3,(#2754,#2755,#2756,#2757),
 .UNSPECIFIED.,.F.,.F.,(4,4),(0.,0.0142312983044072),.UNSPECIFIED.);
#1296=B_SPLINE_CURVE_WITH_KNOTS('',3,(#2759,#2760,#2761,#2762),
 .UNSPECIFIED.,.F.,.F.,(4,4),(0.,0.0028050003051758),.UNSPECIFIED.);
#1297=B_SPLINE_CURVE_WITH_KNOTS('',3,(#2764,#2765,#2766,#2767),
 .UNSPECIFIED.,.F.,.F.,(4,4),(0.,0.0142312983044072),.UNSPECIFIED.);
#1298=B_SPLINE_CURVE_WITH_KNOTS('',3,(#2769,#2770,#2771,#2772),
 .UNSPECIFIED.,.F.,.F.,(4,4),(0.,0.0028050003051758),.UNSPECIFIED.);
#1299=B_SPLINE_CURVE_WITH_KNOTS('',3,(#2775,#2776,#2777,#2778),
 .UNSPECIFIED.,.F.,.F.,(4,4),(0.,0.0142312987780046),.UNSPECIFIED.);
#1300=B_SPLINE_CURVE_WITH_KNOTS('',3,(#2780,#2781,#2782,#2783),
 .UNSPECIFIED.,.F.,.F.,(4,4),(0.,0.00280500030517722),.UNSPECIFIED.);
#1301=B_SPLINE_CURVE_WITH_KNOTS('',3,(#2785,#2786,#2787,#2788),
 .UNSPECIFIED.,.F.,.F.,(4,4),(0.,0.0142312983044072),.UNSPECIFIED.);
#1302=B_SPLINE_CURVE_WITH_KNOTS('',3,(#2793,#2794,#2795,#2796),
 .UNSPECIFIED.,.F.,.F.,(4,4),(0.0256942742707429,0.0467387893644674),
 .UNSPECIFIED.);
#1303=B_SPLINE_CURVE_WITH_KNOTS('',3,(#2800,#2801,#2802,#2803),
 .UNSPECIFIED.,.F.,.F.,(4,4),(0.0776090747727124,0.0907996898926315),
 .UNSPECIFIED.);
#1304=B_SPLINE_CURVE_WITH_KNOTS('',3,(#2805,#2806,#2807,#2808),
 .UNSPECIFIED.,.F.,.F.,(4,4),(0.,0.0246156491522036),.UNSPECIFIED.);
#1305=B_SPLINE_CURVE_WITH_KNOTS('',3,(#2810,#2811,#2812,#2813),
 .UNSPECIFIED.,.F.,.F.,(4,4),(0.,0.0028050003051758),.UNSPECIFIED.);
#1306=B_SPLINE_CURVE_WITH_KNOTS('',3,(#2815,#2816,#2817,#2818),
 .UNSPECIFIED.,.F.,.F.,(4,4),(0.00307795558958073,0.0276936047417843),
 .UNSPECIFIED.);
#1307=B_SPLINE_CURVE_WITH_KNOTS('',3,(#2820,#2821,#2822,#2823),
 .UNSPECIFIED.,.F.,.F.,(4,4),(0.,0.0055800018310548),.UNSPECIFIED.);
#1308=B_SPLINE_CURVE_WITH_KNOTS('',3,(#2826,#2827,#2828,#2829),
 .UNSPECIFIED.,.F.,.F.,(4,4),(0.,0.0128221665323035),.UNSPECIFIED.);
#1309=B_SPLINE_CURVE_WITH_KNOTS('',3,(#2831,#2832,#2833,#2834),
 .UNSPECIFIED.,.F.,.F.,(4,4),(0.,0.000419998168945196),.UNSPECIFIED.);
#1310=B_SPLINE_CURVE_WITH_KNOTS('',3,(#2835,#2836,#2837,#2838,#2839,#2840,
#2841,#2842,#2843,#2844,#2845,#2846,#2847,#2848,#2849,#2850,#2851,#2852,
#2853,#2854,#2855),.UNSPECIFIED.,.F.,.F.,(4,1,1,1,1,1,1,1,1,1,1,1,1,1,1,
1,1,1,4),(0.,0.00161532466237708,0.00242298699356561,0.00323064932475415,
0.00363448049034842,0.00403831165594269,0.00444214282153696,0.00484597398713123,
0.00565363631831976,0.0064612986495083,0.00726896098069684,0.00807662331188538,
0.00969194797426245,0.0113072726366395,0.0129225972990166,0.0161532466237708,
0.0193838959485249,0.0226145452732791,0.0258451945980332),.UNSPECIFIED.);
#1311=B_SPLINE_CURVE_WITH_KNOTS('',3,(#2857,#2858,#2859,#2860),
 .UNSPECIFIED.,.F.,.F.,(4,4),(0.0271539549897521,0.0481984700834765),
 .UNSPECIFIED.);
#1312=B_SPLINE_CURVE_WITH_KNOTS('',3,(#2865,#2866,#2867,#2868),
 .UNSPECIFIED.,.F.,.F.,(4,4),(0.0776090747727124,0.0907996898926315),
 .UNSPECIFIED.);
#1313=B_SPLINE_CURVE_WITH_KNOTS('',3,(#2872,#2873,#2874,#2875),
 .UNSPECIFIED.,.F.,.F.,(4,4),(0.,0.00961564915220358),.UNSPECIFIED.);
#1314=B_SPLINE_CURVE_WITH_KNOTS('',3,(#2877,#2878,#2879,#2880),
 .UNSPECIFIED.,.F.,.F.,(4,4),(0.,0.0028050003051758),.UNSPECIFIED.);
#1315=B_SPLINE_CURVE_WITH_KNOTS('',3,(#2882,#2883,#2884,#2885),
 .UNSPECIFIED.,.F.,.F.,(4,4),(0.000419998168945196,0.0100356473211488),
 .UNSPECIFIED.);
#1316=B_SPLINE_CURVE_WITH_KNOTS('',3,(#2887,#2888,#2889,#2890),
 .UNSPECIFIED.,.F.,.F.,(4,4),(0.,0.0055800018310548),.UNSPECIFIED.);
#1317=B_SPLINE_CURVE_WITH_KNOTS('',3,(#2893,#2894,#2895,#2896,#2897,#2898,
#2899,#2900,#2901,#2902,#2903,#2904,#2905,#2906,#2907,#2908,#2909,#2910,
#2911,#2912,#2913),.UNSPECIFIED.,.F.,.F.,(4,1,1,1,1,1,1,1,1,1,1,1,1,1,1,
1,1,1,4),(0.,0.00323064932475415,0.0064612986495083,0.00969194797426245,
0.0129225972990166,0.0145379219613937,0.0161532466237708,0.0177685712861478,
0.0185762336173364,0.0193838959485249,0.0201915582797134,0.020999220610902,
0.0214030517764962,0.0218068829420905,0.0222107141076848,0.0226145452732791,
0.0234222076044676,0.0242298699356561,0.0258451945980332),.UNSPECIFIED.);
#1318=B_SPLINE_CURVE_WITH_KNOTS('',3,(#2914,#2915,#2916,#2917),
 .UNSPECIFIED.,.F.,.F.,(4,4),(0.,0.000419998168945196),.UNSPECIFIED.);
#1319=B_SPLINE_CURVE_WITH_KNOTS('',3,(#2919,#2920,#2921,#2922),
 .UNSPECIFIED.,.F.,.F.,(4,4),(0.,0.0128221665323035),.UNSPECIFIED.);
#1320=B_SPLINE_CURVE_WITH_KNOTS('',3,(#2924,#2925,#2926,#2927),
 .UNSPECIFIED.,.F.,.F.,(4,4),(0.00850290799335234,0.0189039121836998),
 .UNSPECIFIED.);
#1321=B_SPLINE_CURVE_WITH_KNOTS('',3,(#2930,#2931,#2932,#2933),
 .UNSPECIFIED.,.F.,.F.,(4,4),(0.,0.0055800018310548),.UNSPECIFIED.);
#1322=B_SPLINE_CURVE_WITH_KNOTS('',3,(#2935,#2936,#2937,#2938),
 .UNSPECIFIED.,.F.,.F.,(4,4),(0.,0.0104010041903475),.UNSPECIFIED.);
#1323=B_SPLINE_CURVE_WITH_KNOTS('',3,(#2942,#2943,#2944,#2945),
 .UNSPECIFIED.,.F.,.F.,(4,4),(0.00850290799335234,0.0189039121836998),
 .UNSPECIFIED.);
#1324=B_SPLINE_CURVE_WITH_KNOTS('',3,(#2948,#2949,#2950,#2951),
 .UNSPECIFIED.,.F.,.F.,(4,4),(0.,0.0055800018310548),.UNSPECIFIED.);
#1325=B_SPLINE_CURVE_WITH_KNOTS('',3,(#2953,#2954,#2955,#2956),
 .UNSPECIFIED.,.F.,.F.,(4,4),(0.,0.0104010041903475),.UNSPECIFIED.);
#1326=B_SPLINE_CURVE_WITH_KNOTS('',3,(#2960,#2961,#2962,#2963,#2964,#2965,
#2966,#2967,#2968,#2969,#2970,#2971,#2972,#2973,#2974,#2975,#2976,#2977,
#2978,#2979,#2980,#2981,#2982,#2983,#2984,#2985,#2986,#2987,#2988,#2989,
#2990,#2991,#2992,#2993,#2994,#2995,#2996,#2997,#2998,#2999,#3000,#3001,
#3002,#3003,#3004,#3005,#3006,#3007,#3008,#3009,#3010,#3011,#3012,#3013,
#3014,#3015,#3016,#3017,#3018,#3019,#3020,#3021,#3022,#3023),
 .UNSPECIFIED.,.F.,.F.,(4,1,1,1,1,1,1,1,1,1,1,1,1,1,1,1,1,1,1,1,1,1,1,1,
1,1,1,1,1,1,1,1,1,1,1,1,1,1,1,1,1,1,1,1,1,1,1,1,1,1,1,1,1,1,1,1,1,1,1,1,
1,4),(0.00751554851522235,0.0113354739780255,0.013245436709427,0.0151553994408286,
0.0170653621722301,0.0189753249036317,0.0199303062693325,0.0208852876350332,
0.021840269000734,0.0223177596835844,0.0227952503664348,0.0237502317321356,
0.0247052130978364,0.0256601944635371,0.0261376851463875,0.0266151758292379,
0.0275701571949387,0.0285251385606395,0.030435101292041,0.0323450640234426,
0.0342550267548441,0.0380749522176472,0.0418948776804504,0.0457148031432535,
0.0533546540688597,0.0609945049944659,0.0686343559200721,0.0762742068456784,
0.0839140577712846,0.099193759622497,0.114473461473709,0.129753163324922,
0.145032865176134,0.160312567027347,0.175592268878559,0.183232119804165,
0.190871970729772,0.198511821655378,0.206151672580984,0.21379152350659,
0.217611448969393,0.221431374432197,0.225251299895,0.227161262626401,0.229071225357803,
0.230981188089204,0.231936169454905,0.232891150820606,0.233846132186307,
0.234801113552008,0.235756094917708,0.236711076283409,0.237188566966259,
0.23766605764911,0.238621039014811,0.239576020380511,0.240531001746212,
0.242440964477614,0.244350927209015,0.246260889940417,0.248170852671818,
0.251990778134622),.UNSPECIFIED.);
#1327=B_SPLINE_CURVE_WITH_KNOTS('',3,(#3024,#3025,#3026,#3027),
 .UNSPECIFIED.,.F.,.F.,(4,4),(0.0115066241905354,0.0257981002973053),
 .UNSPECIFIED.);
#1328=B_SPLINE_CURVE_WITH_KNOTS('',3,(#3029,#3030,#3031,#3032),
 .UNSPECIFIED.,.F.,.F.,(4,4),(0.,0.20083999633789),.UNSPECIFIED.);
#1329=B_SPLINE_CURVE_WITH_KNOTS('',3,(#3034,#3035,#3036,#3037),
 .UNSPECIFIED.,.F.,.F.,(4,4),(0.,0.0142914761067699),.UNSPECIFIED.);
#1330=B_SPLINE_CURVE_WITH_KNOTS('',3,(#3039,#3040,#3041,#3042),
 .UNSPECIFIED.,.F.,.F.,(4,4),(0.,0.0055800018310548),.UNSPECIFIED.);
#1331=B_SPLINE_CURVE_WITH_KNOTS('',3,(#3045,#3046,#3047,#3048),
 .UNSPECIFIED.,.F.,.F.,(4,4),(0.,0.00444012323790666),.UNSPECIFIED.);
#1332=B_SPLINE_CURVE_WITH_KNOTS('',3,(#3050,#3051,#3052,#3053),
 .UNSPECIFIED.,.F.,.F.,(4,4),(0.,0.0055800018310548),.UNSPECIFIED.);
#1333=B_SPLINE_CURVE_WITH_KNOTS('',3,(#3055,#3056,#3057,#3058),
 .UNSPECIFIED.,.F.,.F.,(4,4),(0.,0.00444012323790666),.UNSPECIFIED.);
#1334=B_SPLINE_CURVE_WITH_KNOTS('',3,(#3060,#3061,#3062,#3063),
 .UNSPECIFIED.,.F.,.F.,(4,4),(0.,0.0055800018310548),.UNSPECIFIED.);
#1335=B_SPLINE_CURVE_WITH_KNOTS('',3,(#3066,#3067,#3068,#3069),
 .UNSPECIFIED.,.F.,.F.,(4,4),(0.,0.00333807489386486),.UNSPECIFIED.);
#1336=B_SPLINE_CURVE_WITH_KNOTS('',3,(#3071,#3072,#3073,#3074),
 .UNSPECIFIED.,.F.,.F.,(4,4),(0.,0.0055800018310548),.UNSPECIFIED.);
#1337=B_SPLINE_CURVE_WITH_KNOTS('',3,(#3076,#3077,#3078,#3079),
 .UNSPECIFIED.,.F.,.F.,(4,4),(0.,0.00333807489386486),.UNSPECIFIED.);
#1338=B_SPLINE_CURVE_WITH_KNOTS('',3,(#3081,#3082,#3083,#3084),
 .UNSPECIFIED.,.F.,.F.,(4,4),(0.,0.0055800018310548),.UNSPECIFIED.);
#1339=B_SPLINE_CURVE_WITH_KNOTS('',3,(#3087,#3088,#3089,#3090),
 .UNSPECIFIED.,.F.,.F.,(4,4),(0.,0.00763047555207229),.UNSPECIFIED.);
#1340=B_SPLINE_CURVE_WITH_KNOTS('',3,(#3092,#3093,#3094,#3095),
 .UNSPECIFIED.,.F.,.F.,(4,4),(0.,0.0055800018310548),.UNSPECIFIED.);
#1341=B_SPLINE_CURVE_WITH_KNOTS('',3,(#3097,#3098,#3099,#3100),
 .UNSPECIFIED.,.F.,.F.,(4,4),(0.,0.00763047555207229),.UNSPECIFIED.);
#1342=B_SPLINE_CURVE_WITH_KNOTS('',3,(#3102,#3103,#3104,#3105),
 .UNSPECIFIED.,.F.,.F.,(4,4),(0.,0.0055800018310548),.UNSPECIFIED.);
#1343=B_SPLINE_CURVE_WITH_KNOTS('',3,(#3108,#3109,#3110,#3111),
 .UNSPECIFIED.,.F.,.F.,(4,4),(0.,0.00444012323790666),.UNSPECIFIED.);
#1344=B_SPLINE_CURVE_WITH_KNOTS('',3,(#3113,#3114,#3115,#3116),
 .UNSPECIFIED.,.F.,.F.,(4,4),(0.,0.0055800018310548),.UNSPECIFIED.);
#1345=B_SPLINE_CURVE_WITH_KNOTS('',3,(#3118,#3119,#3120,#3121),
 .UNSPECIFIED.,.F.,.F.,(4,4),(0.,0.00444012323790666),.UNSPECIFIED.);
#1346=B_SPLINE_CURVE_WITH_KNOTS('',3,(#3123,#3124,#3125,#3126),
 .UNSPECIFIED.,.F.,.F.,(4,4),(0.,0.0055800018310548),.UNSPECIFIED.);
#1347=B_SPLINE_CURVE_WITH_KNOTS('',3,(#3129,#3130,#3131,#3132),
 .UNSPECIFIED.,.F.,.F.,(4,4),(0.,0.00333807489386486),.UNSPECIFIED.);
#1348=B_SPLINE_CURVE_WITH_KNOTS('',3,(#3134,#3135,#3136,#3137),
 .UNSPECIFIED.,.F.,.F.,(4,4),(0.,0.0055800018310548),.UNSPECIFIED.);
#1349=B_SPLINE_CURVE_WITH_KNOTS('',3,(#3139,#3140,#3141,#3142),
 .UNSPECIFIED.,.F.,.F.,(4,4),(0.,0.00333807489386486),.UNSPECIFIED.);
#1350=B_SPLINE_CURVE_WITH_KNOTS('',3,(#3144,#3145,#3146,#3147),
 .UNSPECIFIED.,.F.,.F.,(4,4),(0.,0.00763047555207229),.UNSPECIFIED.);
#1351=B_SPLINE_CURVE_WITH_KNOTS('',3,(#3150,#3151,#3152,#3153),
 .UNSPECIFIED.,.F.,.F.,(4,4),(0.,0.0055800018310548),.UNSPECIFIED.);
#1352=B_SPLINE_CURVE_WITH_KNOTS('',3,(#3155,#3156,#3157,#3158),
 .UNSPECIFIED.,.F.,.F.,(4,4),(0.,0.00763047555207229),.UNSPECIFIED.);
#1353=B_SPLINE_CURVE_WITH_KNOTS('',3,(#3160,#3161,#3162,#3163),
 .UNSPECIFIED.,.F.,.F.,(4,4),(0.,0.0055800018310548),.UNSPECIFIED.);
#1354=B_SPLINE_CURVE_WITH_KNOTS('',3,(#3165,#3166,#3167,#3168),
 .UNSPECIFIED.,.F.,.F.,(4,4),(0.,0.0388400001525879),.UNSPECIFIED.);
#1355=B_SPLINE_CURVE_WITH_KNOTS('',3,(#3171,#3172,#3173,#3174),
 .UNSPECIFIED.,.F.,.F.,(4,4),(0.,0.0149678180009777),.UNSPECIFIED.);
#1356=B_SPLINE_CURVE_WITH_KNOTS('',3,(#3178,#3179,#3180,#3181),
 .UNSPECIFIED.,.F.,.F.,(4,4),(0.174587756132084,0.189555574133062),
 .UNSPECIFIED.);
#1357=B_SPLINE_CURVE_WITH_KNOTS('',3,(#3193,#3194,#3195,#3196),
 .UNSPECIFIED.,.F.,.F.,(4,4),(0.,0.00120000076293945),.UNSPECIFIED.);
#1358=B_SPLINE_CURVE_WITH_KNOTS('',3,(#3199,#3200,#3201,#3202),
 .UNSPECIFIED.,.F.,.F.,(4,4),(0.,0.0019000015258789),.UNSPECIFIED.);
#1359=B_SPLINE_CURVE_WITH_KNOTS('',3,(#3203,#3204,#3205,#3206),
 .UNSPECIFIED.,.F.,.F.,(4,4),(0.00010227874149011,0.00200228026736902),
 .UNSPECIFIED.);
#1360=B_SPLINE_CURVE_WITH_KNOTS('',3,(#3208,#3209,#3210,#3211),
 .UNSPECIFIED.,.F.,.F.,(4,4),(0.,0.00120000076293945),.UNSPECIFIED.);
#1361=B_SPLINE_CURVE_WITH_KNOTS('',3,(#3213,#3214,#3215,#3216),
 .UNSPECIFIED.,.F.,.F.,(4,4),(0.,0.000599998474121108),.UNSPECIFIED.);
#1362=B_SPLINE_CURVE_WITH_KNOTS('',3,(#3220,#3221,#3222,#3223),
 .UNSPECIFIED.,.F.,.F.,(4,4),(0.,0.000599998474121108),.UNSPECIFIED.);
#1363=B_SPLINE_CURVE_WITH_KNOTS('',3,(#3225,#3226,#3227,#3228),
 .UNSPECIFIED.,.F.,.F.,(4,4),(0.,1.),.UNSPECIFIED.);
#1364=B_SPLINE_CURVE_WITH_KNOTS('',3,(#3230,#3231,#3232,#3233),
 .UNSPECIFIED.,.F.,.F.,(4,4),(0.,1.),.UNSPECIFIED.);
#1365=B_SPLINE_CURVE_WITH_KNOTS('',3,(#3235,#3236,#3237,#3238),
 .UNSPECIFIED.,.F.,.F.,(4,4),(0.,1.),.UNSPECIFIED.);
#1366=B_SPLINE_CURVE_WITH_KNOTS('',3,(#3240,#3241,#3242,#3243),
 .UNSPECIFIED.,.F.,.F.,(4,4),(0.,1.),.UNSPECIFIED.);
#1367=B_SPLINE_CURVE_WITH_KNOTS('',3,(#3245,#3246,#3247,#3248),
 .UNSPECIFIED.,.F.,.F.,(4,4),(0.,1.),.UNSPECIFIED.);
#1368=B_SPLINE_CURVE_WITH_KNOTS('',3,(#3384,#3385,#3386,#3387),
 .UNSPECIFIED.,.F.,.F.,(4,4),(0.,1.),.UNSPECIFIED.);
#1369=EDGE_LOOP('',(#385));
#1370=EDGE_LOOP('',(#386));
#1371=EDGE_LOOP('',(#387));
#1372=EDGE_LOOP('',(#388));
#1373=EDGE_LOOP('',(#389,#390,#391,#392));
#1374=EDGE_LOOP('',(#393,#394,#395,#396));
#1375=EDGE_LOOP('',(#397,#398,#399,#400));
#1376=EDGE_LOOP('',(#401,#402,#403,#404));
#1377=EDGE_LOOP('',(#405,#406,#407,#408));
#1378=EDGE_LOOP('',(#409,#410,#411,#412));
#1379=EDGE_LOOP('',(#413,#414,#415,#416));
#1380=EDGE_LOOP('',(#417,#418,#419,#420,#421));
#1381=EDGE_LOOP('',(#422,#423,#424,#425));
#1382=EDGE_LOOP('',(#426,#427,#428,#429));
#1383=EDGE_LOOP('',(#430,#431,#432,#433,#434));
#1384=EDGE_LOOP('',(#435,#436,#437,#438));
#1385=EDGE_LOOP('',(#439,#440,#441,#442));
#1386=EDGE_LOOP('',(#443,#444,#445,#446,#447,#448));
#1387=EDGE_LOOP('',(#449,#450,#451,#452));
#1388=EDGE_LOOP('',(#453,#454,#455,#456));
#1389=EDGE_LOOP('',(#457,#458,#459,#460));
#1390=EDGE_LOOP('',(#461,#462,#463,#464));
#1391=EDGE_LOOP('',(#465,#466,#467,#468));
#1392=EDGE_LOOP('',(#469,#470,#471,#472));
#1393=EDGE_LOOP('',(#473,#474,#475,#476));
#1394=EDGE_LOOP('',(#477));
#1395=EDGE_LOOP('',(#478));
#1396=EDGE_LOOP('',(#479));
#1397=EDGE_LOOP('',(#480));
#1398=EDGE_LOOP('',(#481));
#1399=EDGE_LOOP('',(#482));
#1400=EDGE_LOOP('',(#483,#484,#485,#486,#487,#488,#489,#490));
#1401=EDGE_LOOP('',(#491,#492,#493,#494,#495,#496));
#1402=EDGE_LOOP('',(#497));
#1403=EDGE_LOOP('',(#498));
#1404=EDGE_LOOP('',(#499,#500,#501,#502));
#1405=EDGE_LOOP('',(#503,#504,#505,#506));
#1406=EDGE_LOOP('',(#507,#508,#509,#510));
#1407=EDGE_LOOP('',(#511,#512,#513,#514));
#1408=EDGE_LOOP('',(#515,#516,#517,#518));
#1409=EDGE_LOOP('',(#519,#520,#521,#522));
#1410=EDGE_LOOP('',(#523,#524,#525,#526));
#1411=EDGE_LOOP('',(#527,#528,#529,#530));
#1412=EDGE_LOOP('',(#531,#532,#533,#534));
#1413=EDGE_LOOP('',(#535,#536,#537,#538));
#1414=EDGE_LOOP('',(#539,#540,#541,#542));
#1415=EDGE_LOOP('',(#543,#544,#545,#546));
#1416=EDGE_LOOP('',(#547,#548,#549,#550));
#1417=EDGE_LOOP('',(#551,#552,#553,#554));
#1418=EDGE_LOOP('',(#555,#556,#557,#558,#559,#560,#561,#562,#563,#564,#565,
#566,#567,#568,#569,#570));
#1419=EDGE_LOOP('',(#571,#572,#573,#574));
#1420=EDGE_LOOP('',(#575));
#1421=EDGE_LOOP('',(#576,#577,#578,#579,#580,#581,#582));
#1422=EDGE_LOOP('',(#583));
#1423=EDGE_LOOP('',(#584,#585,#586,#587,#588,#589,#590,#591,#592));
#1424=EDGE_LOOP('',(#593));
#1425=EDGE_LOOP('',(#594,#595,#596,#597,#598,#599));
#1426=EDGE_LOOP('',(#600,#601));
#1427=EDGE_LOOP('',(#602));
#1428=EDGE_LOOP('',(#603,#604,#605,#606,#607,#608));
#1429=EDGE_LOOP('',(#609,#610));
#1430=EDGE_LOOP('',(#611));
#1431=EDGE_LOOP('',(#612,#613,#614,#615,#616,#617));
#1432=EDGE_LOOP('',(#618,#619,#620,#621));
#1433=EDGE_LOOP('',(#622,#623,#624,#625));
#1434=EDGE_LOOP('',(#626,#627,#628,#629));
#1435=EDGE_LOOP('',(#630,#631,#632,#633));
#1436=EDGE_LOOP('',(#634,#635,#636,#637));
#1437=EDGE_LOOP('',(#638,#639,#640,#641));
#1438=EDGE_LOOP('',(#642,#643,#644,#645,#646,#647,#648,#649,#650,#651,#652,
#653,#654,#655,#656,#657,#658,#659,#660,#661));
#1439=EDGE_LOOP('',(#662,#663,#664,#665));
#1440=EDGE_LOOP('',(#666));
#1441=EDGE_LOOP('',(#667));
#1442=EDGE_LOOP('',(#668));
#1443=EDGE_LOOP('',(#669,#670,#671,#672,#673,#674));
#1444=EDGE_LOOP('',(#675));
#1445=EDGE_LOOP('',(#676));
#1446=EDGE_LOOP('',(#677));
#1447=EDGE_LOOP('',(#678));
#1448=EDGE_LOOP('',(#679));
#1449=EDGE_LOOP('',(#680));
#1450=EDGE_LOOP('',(#681,#682));
#1451=EDGE_LOOP('',(#683,#684,#685,#686,#687));
#1452=EDGE_LOOP('',(#688));
#1453=EDGE_LOOP('',(#689,#690));
#1454=EDGE_LOOP('',(#691,#692,#693,#694,#695));
#1455=EDGE_LOOP('',(#696));
#1456=EDGE_LOOP('',(#697,#698,#699,#700));
#1457=EDGE_LOOP('',(#701,#702,#703));
#1458=EDGE_LOOP('',(#704,#705,#706,#707,#708,#709));
#1459=EDGE_LOOP('',(#710,#711,#712));
#1460=EDGE_LOOP('',(#713,#714,#715));
#1461=EDGE_LOOP('',(#716,#717,#718,#719,#720));
#1462=EDGE_LOOP('',(#721,#722,#723));
#1463=EDGE_LOOP('',(#724,#725,#726,#727));
#1464=EDGE_LOOP('',(#728,#729,#730));
#1465=EDGE_LOOP('',(#731,#732,#733,#734,#735,#736));
#1466=EDGE_LOOP('',(#737,#738,#739));
#1467=EDGE_LOOP('',(#740,#741,#742));
#1468=EDGE_LOOP('',(#743,#744,#745,#746,#747));
#1469=EDGE_LOOP('',(#748,#749,#750));
#1470=EDGE_LOOP('',(#751,#752,#753));
#1471=EDGE_LOOP('',(#754,#755,#756,#757));
#1472=EDGE_LOOP('',(#758,#759,#760));
#1473=EDGE_LOOP('',(#761,#762,#763,#764));
#1474=EDGE_LOOP('',(#765,#766,#767));
#1475=EDGE_LOOP('',(#768,#769,#770,#771));
#1476=EDGE_LOOP('',(#772,#773,#774,#775));
#1477=EDGE_LOOP('',(#776,#777,#778));
#1478=EDGE_LOOP('',(#779,#780,#781));
#1479=EDGE_LOOP('',(#782,#783,#784));
#1480=EDGE_LOOP('',(#785,#786,#787));
#1481=EDGE_LOOP('',(#788,#789,#790,#791));
#1482=EDGE_LOOP('',(#792,#793,#794,#795));
#1483=EDGE_LOOP('',(#796,#797,#798));
#1484=EDGE_LOOP('',(#799,#800,#801,#802));
#1485=EDGE_LOOP('',(#803,#804,#805,#806));
#1486=EDGE_LOOP('',(#807,#808,#809));
#1487=EDGE_LOOP('',(#810,#811,#812));
#1488=EDGE_LOOP('',(#813,#814,#815,#816));
#1489=FACE_BOUND('',#1369,.T.);
#1490=FACE_BOUND('',#1370,.T.);
#1491=FACE_BOUND('',#1371,.T.);
#1492=FACE_BOUND('',#1372,.T.);
#1493=FACE_BOUND('',#1373,.T.);
#1494=FACE_BOUND('',#1374,.T.);
#1495=FACE_BOUND('',#1375,.T.);
#1496=FACE_BOUND('',#1376,.T.);
#1497=FACE_BOUND('',#1377,.T.);
#1498=FACE_BOUND('',#1378,.T.);
#1499=FACE_BOUND('',#1379,.T.);
#1500=FACE_BOUND('',#1380,.T.);
#1501=FACE_BOUND('',#1381,.T.);
#1502=FACE_BOUND('',#1382,.T.);
#1503=FACE_BOUND('',#1383,.T.);
#1504=FACE_BOUND('',#1384,.T.);
#1505=FACE_BOUND('',#1385,.T.);
#1506=FACE_BOUND('',#1386,.T.);
#1507=FACE_BOUND('',#1387,.T.);
#1508=FACE_BOUND('',#1388,.T.);
#1509=FACE_BOUND('',#1389,.T.);
#1510=FACE_BOUND('',#1390,.T.);
#1511=FACE_BOUND('',#1391,.T.);
#1512=FACE_BOUND('',#1392,.T.);
#1513=FACE_BOUND('',#1393,.T.);
#1514=FACE_BOUND('',#1394,.T.);
#1515=FACE_BOUND('',#1395,.T.);
#1516=FACE_BOUND('',#1396,.T.);
#1517=FACE_BOUND('',#1397,.T.);
#1518=FACE_BOUND('',#1398,.T.);
#1519=FACE_BOUND('',#1399,.T.);
#1520=FACE_BOUND('',#1400,.T.);
#1521=FACE_BOUND('',#1401,.T.);
#1522=FACE_BOUND('',#1402,.T.);
#1523=FACE_BOUND('',#1403,.T.);
#1524=FACE_BOUND('',#1404,.T.);
#1525=FACE_BOUND('',#1405,.T.);
#1526=FACE_BOUND('',#1406,.T.);
#1527=FACE_BOUND('',#1407,.T.);
#1528=FACE_BOUND('',#1408,.T.);
#1529=FACE_BOUND('',#1409,.T.);
#1530=FACE_BOUND('',#1410,.T.);
#1531=FACE_BOUND('',#1411,.T.);
#1532=FACE_BOUND('',#1412,.T.);
#1533=FACE_BOUND('',#1413,.T.);
#1534=FACE_BOUND('',#1414,.T.);
#1535=FACE_BOUND('',#1415,.T.);
#1536=FACE_BOUND('',#1416,.T.);
#1537=FACE_BOUND('',#1417,.T.);
#1538=FACE_BOUND('',#1418,.T.);
#1539=FACE_BOUND('',#1419,.T.);
#1540=FACE_BOUND('',#1420,.T.);
#1541=FACE_BOUND('',#1421,.T.);
#1542=FACE_BOUND('',#1422,.T.);
#1543=FACE_BOUND('',#1423,.T.);
#1544=FACE_BOUND('',#1424,.T.);
#1545=FACE_BOUND('',#1425,.T.);
#1546=FACE_BOUND('',#1426,.T.);
#1547=FACE_BOUND('',#1427,.T.);
#1548=FACE_BOUND('',#1428,.T.);
#1549=FACE_BOUND('',#1429,.T.);
#1550=FACE_BOUND('',#1430,.T.);
#1551=FACE_BOUND('',#1431,.T.);
#1552=FACE_BOUND('',#1432,.T.);
#1553=FACE_BOUND('',#1433,.T.);
#1554=FACE_BOUND('',#1434,.T.);
#1555=FACE_BOUND('',#1435,.T.);
#1556=FACE_BOUND('',#1436,.T.);
#1557=FACE_BOUND('',#1437,.T.);
#1558=FACE_BOUND('',#1438,.T.);
#1559=FACE_BOUND('',#1439,.T.);
#1560=FACE_BOUND('',#1440,.T.);
#1561=FACE_BOUND('',#1441,.T.);
#1562=FACE_BOUND('',#1442,.T.);
#1563=FACE_BOUND('',#1443,.T.);
#1564=FACE_BOUND('',#1444,.T.);
#1565=FACE_BOUND('',#1445,.T.);
#1566=FACE_BOUND('',#1446,.T.);
#1567=FACE_BOUND('',#1447,.T.);
#1568=FACE_BOUND('',#1448,.T.);
#1569=FACE_BOUND('',#1449,.T.);
#1570=FACE_BOUND('',#1450,.T.);
#1571=FACE_BOUND('',#1451,.T.);
#1572=FACE_BOUND('',#1452,.T.);
#1573=FACE_BOUND('',#1453,.T.);
#1574=FACE_BOUND('',#1454,.T.);
#1575=FACE_BOUND('',#1455,.T.);
#1576=FACE_BOUND('',#1456,.T.);
#1577=FACE_BOUND('',#1457,.T.);
#1578=FACE_BOUND('',#1458,.T.);
#1579=FACE_BOUND('',#1459,.T.);
#1580=FACE_BOUND('',#1460,.T.);
#1581=FACE_BOUND('',#1461,.T.);
#1582=FACE_BOUND('',#1462,.T.);
#1583=FACE_BOUND('',#1463,.T.);
#1584=FACE_BOUND('',#1464,.T.);
#1585=FACE_BOUND('',#1465,.T.);
#1586=FACE_BOUND('',#1466,.T.);
#1587=FACE_BOUND('',#1467,.T.);
#1588=FACE_BOUND('',#1468,.T.);
#1589=FACE_BOUND('',#1469,.T.);
#1590=FACE_BOUND('',#1470,.T.);
#1591=FACE_BOUND('',#1471,.T.);
#1592=FACE_BOUND('',#1472,.T.);
#1593=FACE_BOUND('',#1473,.T.);
#1594=FACE_BOUND('',#1474,.T.);
#1595=FACE_BOUND('',#1475,.T.);
#1596=FACE_BOUND('',#1476,.T.);
#1597=FACE_BOUND('',#1477,.T.);
#1598=FACE_BOUND('',#1478,.T.);
#1599=FACE_BOUND('',#1479,.T.);
#1600=FACE_BOUND('',#1480,.T.);
#1601=FACE_BOUND('',#1481,.T.);
#1602=FACE_BOUND('',#1482,.T.);
#1603=FACE_BOUND('',#1483,.T.);
#1604=FACE_BOUND('',#1484,.T.);
#1605=FACE_BOUND('',#1485,.T.);
#1606=FACE_BOUND('',#1486,.T.);
#1607=FACE_BOUND('',#1487,.T.);
#1608=FACE_BOUND('',#1488,.T.);
#1609=CYLINDRICAL_SURFACE('',#2036,0.0025);
#1610=CYLINDRICAL_SURFACE('',#2037,0.0025);
#1611=CYLINDRICAL_SURFACE('',#2061,0.0056);
#1612=CYLINDRICAL_SURFACE('',#2063,0.0056);
#1613=CYLINDRICAL_SURFACE('',#2089,0.003);
#1614=CYLINDRICAL_SURFACE('',#2097,0.003);
#1615=CYLINDRICAL_SURFACE('',#2106,0.003);
#1616=CYLINDRICAL_SURFACE('',#2115,0.00095);
#1617=CYLINDRICAL_SURFACE('',#2124,0.00095);
#1618=CYLINDRICAL_SURFACE('',#2140,0.003);
#1619=CYLINDRICAL_SURFACE('',#2153,0.00095);
#1620=CYLINDRICAL_SURFACE('',#2160,0.00095);
#1621=ADVANCED_FACE('',(#1489,#1490),#1609,.F.);
#1622=ADVANCED_FACE('',(#1491,#1492),#1610,.F.);
#1623=ADVANCED_FACE('',(#1493),#298,.T.);
#1624=ADVANCED_FACE('',(#1494),#299,.T.);
#1625=ADVANCED_FACE('',(#1495),#300,.T.);
#1626=ADVANCED_FACE('',(#1496),#301,.T.);
#1627=ADVANCED_FACE('',(#1497),#302,.T.);
#1628=ADVANCED_FACE('',(#1498),#303,.T.);
#1629=ADVANCED_FACE('',(#1499),#304,.T.);
#1630=ADVANCED_FACE('',(#1500),#305,.F.);
#1631=ADVANCED_FACE('',(#1501),#306,.F.);
#1632=ADVANCED_FACE('',(#1502),#307,.T.);
#1633=ADVANCED_FACE('',(#1503),#308,.F.);
#1634=ADVANCED_FACE('',(#1504),#309,.F.);
#1635=ADVANCED_FACE('',(#1505),#310,.F.);
#1636=ADVANCED_FACE('',(#1506),#311,.F.);
#1637=ADVANCED_FACE('',(#1507),#312,.F.);
#1638=ADVANCED_FACE('',(#1508),#313,.F.);
#1639=ADVANCED_FACE('',(#1509),#314,.F.);
#1640=ADVANCED_FACE('',(#1510),#315,.F.);
#1641=ADVANCED_FACE('',(#1511),#316,.F.);
#1642=ADVANCED_FACE('',(#1512),#317,.F.);
#1643=ADVANCED_FACE('',(#1513,#1514,#1515),#318,.T.);
#1644=ADVANCED_FACE('',(#1516,#1517),#1611,.F.);
#1645=ADVANCED_FACE('',(#1518,#1519),#1612,.F.);
#1646=ADVANCED_FACE('',(#1520),#319,.T.);
#1647=ADVANCED_FACE('',(#1521,#1522,#1523),#320,.F.);
#1648=ADVANCED_FACE('',(#1524),#321,.T.);
#1649=ADVANCED_FACE('',(#1525),#322,.F.);
#1650=ADVANCED_FACE('',(#1526),#323,.F.);
#1651=ADVANCED_FACE('',(#1527),#324,.F.);
#1652=ADVANCED_FACE('',(#1528),#325,.T.);
#1653=ADVANCED_FACE('',(#1529),#326,.F.);
#1654=ADVANCED_FACE('',(#1530),#327,.T.);
#1655=ADVANCED_FACE('',(#1531),#328,.F.);
#1656=ADVANCED_FACE('',(#1532),#329,.F.);
#1657=ADVANCED_FACE('',(#1533),#330,.T.);
#1658=ADVANCED_FACE('',(#1534),#331,.F.);
#1659=ADVANCED_FACE('',(#1535),#332,.F.);
#1660=ADVANCED_FACE('',(#1536),#333,.F.);
#1661=ADVANCED_FACE('',(#1537),#334,.T.);
#1662=ADVANCED_FACE('',(#1538,#1539),#335,.T.);
#1663=ADVANCED_FACE('',(#1540,#1541),#1613,.T.);
#1664=ADVANCED_FACE('',(#1542,#1543),#1614,.T.);
#1665=ADVANCED_FACE('',(#1544,#1545),#1615,.T.);
#1666=ADVANCED_FACE('',(#1546),#336,.T.);
#1667=ADVANCED_FACE('',(#1547,#1548),#1616,.F.);
#1668=ADVANCED_FACE('',(#1549),#337,.T.);
#1669=ADVANCED_FACE('',(#1550,#1551),#1617,.F.);
#1670=ADVANCED_FACE('',(#1552),#338,.F.);
#1671=ADVANCED_FACE('',(#1553),#339,.F.);
#1672=ADVANCED_FACE('',(#1554),#340,.T.);
#1673=ADVANCED_FACE('',(#1555),#341,.T.);
#1674=ADVANCED_FACE('',(#1556),#342,.T.);
#1675=ADVANCED_FACE('',(#1557),#343,.T.);
#1676=ADVANCED_FACE('',(#1558,#1559),#344,.F.);
#1677=ADVANCED_FACE('',(#1560,#1561),#345,.T.);
#1678=ADVANCED_FACE('',(#1562,#1563),#1618,.T.);
#1679=ADVANCED_FACE('',(#1564,#1565),#346,.T.);
#1680=ADVANCED_FACE('',(#1566,#1567),#347,.T.);
#1681=ADVANCED_FACE('',(#1568,#1569),#348,.T.);
#1682=ADVANCED_FACE('',(#1570),#349,.T.);
#1683=ADVANCED_FACE('',(#1571,#1572),#1619,.F.);
#1684=ADVANCED_FACE('',(#1573),#350,.T.);
#1685=ADVANCED_FACE('',(#1574,#1575),#1620,.F.);
#1686=ADVANCED_FACE('',(#1576),#351,.T.);
#1687=ADVANCED_FACE('',(#1577),#352,.T.);
#1688=ADVANCED_FACE('',(#1578),#353,.T.);
#1689=ADVANCED_FACE('',(#1579),#354,.T.);
#1690=ADVANCED_FACE('',(#1580),#355,.T.);
#1691=ADVANCED_FACE('',(#1581),#356,.T.);
#1692=ADVANCED_FACE('',(#1582),#357,.T.);
#1693=ADVANCED_FACE('',(#1583),#358,.T.);
#1694=ADVANCED_FACE('',(#1584),#359,.T.);
#1695=ADVANCED_FACE('',(#1585),#360,.T.);
#1696=ADVANCED_FACE('',(#1586),#361,.T.);
#1697=ADVANCED_FACE('',(#1587),#362,.T.);
#1698=ADVANCED_FACE('',(#1588),#363,.T.);
#1699=ADVANCED_FACE('',(#1589),#364,.T.);
#1700=ADVANCED_FACE('',(#1590),#365,.T.);
#1701=ADVANCED_FACE('',(#1591),#366,.T.);
#1702=ADVANCED_FACE('',(#1592),#367,.T.);
#1703=ADVANCED_FACE('',(#1593),#368,.T.);
#1704=ADVANCED_FACE('',(#1594),#369,.T.);
#1705=ADVANCED_FACE('',(#1595),#370,.T.);
#1706=ADVANCED_FACE('',(#1596),#371,.T.);
#1707=ADVANCED_FACE('',(#1597),#372,.T.);
#1708=ADVANCED_FACE('',(#1598),#373,.T.);
#1709=ADVANCED_FACE('',(#1599),#374,.T.);
#1710=ADVANCED_FACE('',(#1600),#375,.T.);
#1711=ADVANCED_FACE('',(#1601),#376,.T.);
#1712=ADVANCED_FACE('',(#1602),#377,.T.);
#1713=ADVANCED_FACE('',(#1603),#378,.T.);
#1714=ADVANCED_FACE('',(#1604),#379,.T.);
#1715=ADVANCED_FACE('',(#1605),#380,.T.);
#1716=ADVANCED_FACE('',(#1606),#381,.T.);
#1717=ADVANCED_FACE('',(#1607),#382,.T.);
#1718=ADVANCED_FACE('',(#1608),#383,.T.);
#1719=OPEN_SHELL('',(#1621));
#1720=OPEN_SHELL('',(#1622));
#1721=OPEN_SHELL('',(#1623));
#1722=OPEN_SHELL('',(#1624));
#1723=OPEN_SHELL('',(#1625));
#1724=OPEN_SHELL('',(#1626));
#1725=OPEN_SHELL('',(#1627));
#1726=OPEN_SHELL('',(#1628,#1629,#1630));
#1727=OPEN_SHELL('',(#1631,#1632,#1633));
#1728=OPEN_SHELL('',(#1634,#1635,#1636));
#1729=OPEN_SHELL('',(#1637));
#1730=OPEN_SHELL('',(#1638));
#1731=OPEN_SHELL('',(#1639));
#1732=OPEN_SHELL('',(#1640));
#1733=OPEN_SHELL('',(#1641));
#1734=OPEN_SHELL('',(#1642));
#1735=OPEN_SHELL('',(#1643,#1644,#1645,#1646,#1647));
#1736=SHELL_BASED_SURFACE_MODEL('Rack',(#1719));
#1737=SHELL_BASED_SURFACE_MODEL('',(#1720));
#1738=SHELL_BASED_SURFACE_MODEL('',(#1721));
#1739=SHELL_BASED_SURFACE_MODEL('',(#1722));
#1740=SHELL_BASED_SURFACE_MODEL('',(#1723));
#1741=SHELL_BASED_SURFACE_MODEL('',(#1724));
#1742=SHELL_BASED_SURFACE_MODEL('',(#1725));
#1743=SHELL_BASED_SURFACE_MODEL('',(#1726));
#1744=SHELL_BASED_SURFACE_MODEL('',(#1727));
#1745=SHELL_BASED_SURFACE_MODEL('',(#1728));
#1746=SHELL_BASED_SURFACE_MODEL('',(#1729));
#1747=SHELL_BASED_SURFACE_MODEL('',(#1730));
#1748=SHELL_BASED_SURFACE_MODEL('',(#1731));
#1749=SHELL_BASED_SURFACE_MODEL('',(#1732));
#1750=SHELL_BASED_SURFACE_MODEL('',(#1733));
#1751=SHELL_BASED_SURFACE_MODEL('',(#1734));
#1752=SHELL_BASED_SURFACE_MODEL('',(#1735));
#1753=SHAPE_REPRESENTATION_RELATIONSHIP('','',#2013,#1758);
#1754=SHAPE_REPRESENTATION_RELATIONSHIP('','',#2013,#384);
#1755=SHAPE_REPRESENTATION_RELATIONSHIP('','',#2032,#47);
#1756=SHAPE_REPRESENTATION_RELATIONSHIP('','',#2033,#48);
#1757=SHAPE_REPRESENTATION_RELATIONSHIP('','',#2034,#49);
#1758=TESSELLATED_SHAPE_REPRESENTATION('',(#1990),#3595);
#1759=PROPERTY_DEFINITION_REPRESENTATION(#1813,#1777);
#1760=PROPERTY_DEFINITION_REPRESENTATION(#1814,#1778);
#1761=PROPERTY_DEFINITION_REPRESENTATION(#1815,#1779);
#1762=PROPERTY_DEFINITION_REPRESENTATION(#1816,#1780);
#1763=PROPERTY_DEFINITION_REPRESENTATION(#1817,#1781);
#1764=PROPERTY_DEFINITION_REPRESENTATION(#1818,#1782);
#1765=PROPERTY_DEFINITION_REPRESENTATION(#1819,#1783);
#1766=PROPERTY_DEFINITION_REPRESENTATION(#1820,#1784);
#1767=PROPERTY_DEFINITION_REPRESENTATION(#1821,#1785);
#1768=PROPERTY_DEFINITION_REPRESENTATION(#1822,#1786);
#1769=PROPERTY_DEFINITION_REPRESENTATION(#1823,#1787);
#1770=PROPERTY_DEFINITION_REPRESENTATION(#1824,#1788);
#1771=PROPERTY_DEFINITION_REPRESENTATION(#1825,#1789);
#1772=PROPERTY_DEFINITION_REPRESENTATION(#1826,#1790);
#1773=PROPERTY_DEFINITION_REPRESENTATION(#1827,#1791);
#1774=PROPERTY_DEFINITION_REPRESENTATION(#1828,#1792);
#1775=PROPERTY_DEFINITION_REPRESENTATION(#1829,#1793);
#1776=PROPERTY_DEFINITION_REPRESENTATION(#1830,#1794);
#1777=REPRESENTATION('HYBRID_SOURCE_ID',(#1795),$);
#1778=REPRESENTATION('HYBRID_SOURCE_ID',(#1796),$);
#1779=REPRESENTATION('HYBRID_SOURCE_ID',(#1797),$);
#1780=REPRESENTATION('HYBRID_SOURCE_ID',(#1798),$);
#1781=REPRESENTATION('HYBRID_SOURCE_ID',(#1799),$);
#1782=REPRESENTATION('HYBRID_SOURCE_ID',(#1800),$);
#1783=REPRESENTATION('HYBRID_SOURCE_ID',(#1801),$);
#1784=REPRESENTATION('HYBRID_SOURCE_ID',(#1802),$);
#1785=REPRESENTATION('HYBRID_SOURCE_ID',(#1803),$);
#1786=REPRESENTATION('HYBRID_SOURCE_ID',(#1804),$);
#1787=REPRESENTATION('HYBRID_SOURCE_ID',(#1805),$);
#1788=REPRESENTATION('HYBRID_SOURCE_ID',(#1806),$);
#1789=REPRESENTATION('HYBRID_SOURCE_ID',(#1807),$);
#1790=REPRESENTATION('HYBRID_SOURCE_ID',(#1808),$);
#1791=REPRESENTATION('HYBRID_SOURCE_ID',(#1809),$);
#1792=REPRESENTATION('HYBRID_SOURCE_ID',(#1810),$);
#1793=REPRESENTATION('HYBRID_SOURCE_ID',(#1811),$);
#1794=REPRESENTATION('HYBRID_SOURCE_ID',(#1812),$);
#1795=DESCRIPTIVE_REPRESENTATION_ITEM('3030','3030');
#1796=DESCRIPTIVE_REPRESENTATION_ITEM('3030','3030');
#1797=DESCRIPTIVE_REPRESENTATION_ITEM('3030','3030');
#1798=DESCRIPTIVE_REPRESENTATION_ITEM('3030','3030');
#1799=DESCRIPTIVE_REPRESENTATION_ITEM('3030','3030');
#1800=DESCRIPTIVE_REPRESENTATION_ITEM('3030','3030');
#1801=DESCRIPTIVE_REPRESENTATION_ITEM('3030','3030');
#1802=DESCRIPTIVE_REPRESENTATION_ITEM('3030','3030');
#1803=DESCRIPTIVE_REPRESENTATION_ITEM('3030','3030');
#1804=DESCRIPTIVE_REPRESENTATION_ITEM('3030','3030');
#1805=DESCRIPTIVE_REPRESENTATION_ITEM('3030','3030');
#1806=DESCRIPTIVE_REPRESENTATION_ITEM('3030','3030');
#1807=DESCRIPTIVE_REPRESENTATION_ITEM('3030','3030');
#1808=DESCRIPTIVE_REPRESENTATION_ITEM('3030','3030');
#1809=DESCRIPTIVE_REPRESENTATION_ITEM('3030','3030');
#1810=DESCRIPTIVE_REPRESENTATION_ITEM('3030','3030');
#1811=DESCRIPTIVE_REPRESENTATION_ITEM('3030','3030');
#1812=DESCRIPTIVE_REPRESENTATION_ITEM('3030','3030');
#1813=PROPERTY_DEFINITION('HYBRID_SOURCE_ID','HYBRID_SOURCE_ID',$);
#1814=PROPERTY_DEFINITION('HYBRID_SOURCE_ID','HYBRID_SOURCE_ID',$);
#1815=PROPERTY_DEFINITION('HYBRID_SOURCE_ID','HYBRID_SOURCE_ID',$);
#1816=PROPERTY_DEFINITION('HYBRID_SOURCE_ID','HYBRID_SOURCE_ID',$);
#1817=PROPERTY_DEFINITION('HYBRID_SOURCE_ID','HYBRID_SOURCE_ID',$);
#1818=PROPERTY_DEFINITION('HYBRID_SOURCE_ID','HYBRID_SOURCE_ID',$);
#1819=PROPERTY_DEFINITION('HYBRID_SOURCE_ID','HYBRID_SOURCE_ID',$);
#1820=PROPERTY_DEFINITION('HYBRID_SOURCE_ID','HYBRID_SOURCE_ID',$);
#1821=PROPERTY_DEFINITION('HYBRID_SOURCE_ID','HYBRID_SOURCE_ID',$);
#1822=PROPERTY_DEFINITION('HYBRID_SOURCE_ID','HYBRID_SOURCE_ID',$);
#1823=PROPERTY_DEFINITION('HYBRID_SOURCE_ID','HYBRID_SOURCE_ID',$);
#1824=PROPERTY_DEFINITION('HYBRID_SOURCE_ID','HYBRID_SOURCE_ID',$);
#1825=PROPERTY_DEFINITION('HYBRID_SOURCE_ID','HYBRID_SOURCE_ID',$);
#1826=PROPERTY_DEFINITION('HYBRID_SOURCE_ID','HYBRID_SOURCE_ID',$);
#1827=PROPERTY_DEFINITION('HYBRID_SOURCE_ID','HYBRID_SOURCE_ID',$);
#1828=PROPERTY_DEFINITION('HYBRID_SOURCE_ID','HYBRID_SOURCE_ID',$);
#1829=PROPERTY_DEFINITION('HYBRID_SOURCE_ID','HYBRID_SOURCE_ID',$);
#1830=PROPERTY_DEFINITION('HYBRID_SOURCE_ID','HYBRID_SOURCE_ID',$);
#1831=STYLED_ITEM('',(#1853),#1988);
#1832=STYLED_ITEM('',(#1854),#1990);
#1833=STYLED_ITEM('',(#1855),#1736);
#1834=STYLED_ITEM('',(#1856),#1737);
#1835=STYLED_ITEM('',(#1857),#1738);
#1836=STYLED_ITEM('',(#1858),#1739);
#1837=STYLED_ITEM('',(#1859),#1740);
#1838=STYLED_ITEM('',(#1860),#1741);
#1839=STYLED_ITEM('',(#1861),#1742);
#1840=STYLED_ITEM('',(#1862),#1743);
#1841=STYLED_ITEM('',(#1863),#1744);
#1842=STYLED_ITEM('',(#1864),#1745);
#1843=STYLED_ITEM('',(#1865),#1746);
#1844=STYLED_ITEM('',(#1866),#1747);
#1845=STYLED_ITEM('',(#1867),#1748);
#1846=STYLED_ITEM('',(#1868),#1749);
#1847=STYLED_ITEM('',(#1869),#1750);
#1848=STYLED_ITEM('',(#1870),#1751);
#1849=STYLED_ITEM('',(#1871),#1752);
#1850=STYLED_ITEM('',(#1872),#53);
#1851=STYLED_ITEM('',(#1873),#54);
#1852=STYLED_ITEM('',(#1874),#55);
#1853=PRESENTATION_STYLE_ASSIGNMENT((#1875));
#1854=PRESENTATION_STYLE_ASSIGNMENT((#1876));
#1855=PRESENTATION_STYLE_ASSIGNMENT((#1877));
#1856=PRESENTATION_STYLE_ASSIGNMENT((#1878));
#1857=PRESENTATION_STYLE_ASSIGNMENT((#1879));
#1858=PRESENTATION_STYLE_ASSIGNMENT((#1880));
#1859=PRESENTATION_STYLE_ASSIGNMENT((#1881));
#1860=PRESENTATION_STYLE_ASSIGNMENT((#1882));
#1861=PRESENTATION_STYLE_ASSIGNMENT((#1883));
#1862=PRESENTATION_STYLE_ASSIGNMENT((#1884));
#1863=PRESENTATION_STYLE_ASSIGNMENT((#1885));
#1864=PRESENTATION_STYLE_ASSIGNMENT((#1886));
#1865=PRESENTATION_STYLE_ASSIGNMENT((#1887));
#1866=PRESENTATION_STYLE_ASSIGNMENT((#1888));
#1867=PRESENTATION_STYLE_ASSIGNMENT((#1889));
#1868=PRESENTATION_STYLE_ASSIGNMENT((#1890));
#1869=PRESENTATION_STYLE_ASSIGNMENT((#1891));
#1870=PRESENTATION_STYLE_ASSIGNMENT((#1892));
#1871=PRESENTATION_STYLE_ASSIGNMENT((#1893));
#1872=PRESENTATION_STYLE_ASSIGNMENT((#1894));
#1873=PRESENTATION_STYLE_ASSIGNMENT((#1895));
#1874=PRESENTATION_STYLE_ASSIGNMENT((#1896));
#1875=SURFACE_STYLE_USAGE(.BOTH.,#1897);
#1876=SURFACE_STYLE_USAGE(.BOTH.,#1898);
#1877=SURFACE_STYLE_USAGE(.BOTH.,#1899);
#1878=SURFACE_STYLE_USAGE(.BOTH.,#1900);
#1879=SURFACE_STYLE_USAGE(.BOTH.,#1901);
#1880=SURFACE_STYLE_USAGE(.BOTH.,#1902);
#1881=SURFACE_STYLE_USAGE(.BOTH.,#1903);
#1882=SURFACE_STYLE_USAGE(.BOTH.,#1904);
#1883=SURFACE_STYLE_USAGE(.BOTH.,#1905);
#1884=SURFACE_STYLE_USAGE(.BOTH.,#1906);
#1885=SURFACE_STYLE_USAGE(.BOTH.,#1907);
#1886=SURFACE_STYLE_USAGE(.BOTH.,#1908);
#1887=SURFACE_STYLE_USAGE(.BOTH.,#1909);
#1888=SURFACE_STYLE_USAGE(.BOTH.,#1910);
#1889=SURFACE_STYLE_USAGE(.BOTH.,#1911);
#1890=SURFACE_STYLE_USAGE(.BOTH.,#1912);
#1891=SURFACE_STYLE_USAGE(.BOTH.,#1913);
#1892=SURFACE_STYLE_USAGE(.BOTH.,#1914);
#1893=SURFACE_STYLE_USAGE(.BOTH.,#1915);
#1894=SURFACE_STYLE_USAGE(.BOTH.,#1916);
#1895=SURFACE_STYLE_USAGE(.BOTH.,#1917);
#1896=SURFACE_STYLE_USAGE(.BOTH.,#1918);
#1897=SURFACE_SIDE_STYLE('',(#1919));
#1898=SURFACE_SIDE_STYLE('',(#1920));
#1899=SURFACE_SIDE_STYLE('',(#1921));
#1900=SURFACE_SIDE_STYLE('',(#1922));
#1901=SURFACE_SIDE_STYLE('',(#1923));
#1902=SURFACE_SIDE_STYLE('',(#1924));
#1903=SURFACE_SIDE_STYLE('',(#1925));
#1904=SURFACE_SIDE_STYLE('',(#1926));
#1905=SURFACE_SIDE_STYLE('',(#1927));
#1906=SURFACE_SIDE_STYLE('',(#1928));
#1907=SURFACE_SIDE_STYLE('',(#1929));
#1908=SURFACE_SIDE_STYLE('',(#1930));
#1909=SURFACE_SIDE_STYLE('',(#1931));
#1910=SURFACE_SIDE_STYLE('',(#1932));
#1911=SURFACE_SIDE_STYLE('',(#1933));
#1912=SURFACE_SIDE_STYLE('',(#1934));
#1913=SURFACE_SIDE_STYLE('',(#1935));
#1914=SURFACE_SIDE_STYLE('',(#1936));
#1915=SURFACE_SIDE_STYLE('',(#1937));
#1916=SURFACE_SIDE_STYLE('',(#1938));
#1917=SURFACE_SIDE_STYLE('',(#1939));
#1918=SURFACE_SIDE_STYLE('',(#1940));
#1919=SURFACE_STYLE_FILL_AREA(#1941);
#1920=SURFACE_STYLE_FILL_AREA(#1942);
#1921=SURFACE_STYLE_FILL_AREA(#1943);
#1922=SURFACE_STYLE_FILL_AREA(#1944);
#1923=SURFACE_STYLE_FILL_AREA(#1945);
#1924=SURFACE_STYLE_FILL_AREA(#1946);
#1925=SURFACE_STYLE_FILL_AREA(#1947);
#1926=SURFACE_STYLE_FILL_AREA(#1948);
#1927=SURFACE_STYLE_FILL_AREA(#1949);
#1928=SURFACE_STYLE_FILL_AREA(#1950);
#1929=SURFACE_STYLE_FILL_AREA(#1951);
#1930=SURFACE_STYLE_FILL_AREA(#1952);
#1931=SURFACE_STYLE_FILL_AREA(#1953);
#1932=SURFACE_STYLE_FILL_AREA(#1954);
#1933=SURFACE_STYLE_FILL_AREA(#1955);
#1934=SURFACE_STYLE_FILL_AREA(#1956);
#1935=SURFACE_STYLE_FILL_AREA(#1957);
#1936=SURFACE_STYLE_FILL_AREA(#1958);
#1937=SURFACE_STYLE_FILL_AREA(#1959);
#1938=SURFACE_STYLE_FILL_AREA(#1960);
#1939=SURFACE_STYLE_FILL_AREA(#1961);
#1940=SURFACE_STYLE_FILL_AREA(#1962);
#1941=FILL_AREA_STYLE('',(#1963));
#1942=FILL_AREA_STYLE('',(#1964));
#1943=FILL_AREA_STYLE('',(#1965));
#1944=FILL_AREA_STYLE('',(#1966));
#1945=FILL_AREA_STYLE('',(#1967));
#1946=FILL_AREA_STYLE('',(#1968));
#1947=FILL_AREA_STYLE('',(#1969));
#1948=FILL_AREA_STYLE('',(#1970));
#1949=FILL_AREA_STYLE('',(#1971));
#1950=FILL_AREA_STYLE('',(#1972));
#1951=FILL_AREA_STYLE('',(#1973));
#1952=FILL_AREA_STYLE('',(#1974));
#1953=FILL_AREA_STYLE('',(#1975));
#1954=FILL_AREA_STYLE('',(#1976));
#1955=FILL_AREA_STYLE('',(#1977));
#1956=FILL_AREA_STYLE('',(#1978));
#1957=FILL_AREA_STYLE('',(#1979));
#1958=FILL_AREA_STYLE('',(#1980));
#1959=FILL_AREA_STYLE('',(#1981));
#1960=FILL_AREA_STYLE('',(#1982));
#1961=FILL_AREA_STYLE('',(#1983));
#1962=FILL_AREA_STYLE('',(#1984));
#1963=FILL_AREA_STYLE_COLOUR('',#1985);
#1964=FILL_AREA_STYLE_COLOUR('',#1985);
#1965=FILL_AREA_STYLE_COLOUR('',#1985);
#1966=FILL_AREA_STYLE_COLOUR('',#1985);
#1967=FILL_AREA_STYLE_COLOUR('',#1985);
#1968=FILL_AREA_STYLE_COLOUR('',#1985);
#1969=FILL_AREA_STYLE_COLOUR('',#1985);
#1970=FILL_AREA_STYLE_COLOUR('',#1985);
#1971=FILL_AREA_STYLE_COLOUR('',#1985);
#1972=FILL_AREA_STYLE_COLOUR('',#1985);
#1973=FILL_AREA_STYLE_COLOUR('',#1985);
#1974=FILL_AREA_STYLE_COLOUR('',#1985);
#1975=FILL_AREA_STYLE_COLOUR('',#1985);
#1976=FILL_AREA_STYLE_COLOUR('',#1985);
#1977=FILL_AREA_STYLE_COLOUR('',#1985);
#1978=FILL_AREA_STYLE_COLOUR('',#1985);
#1979=FILL_AREA_STYLE_COLOUR('',#1985);
#1980=FILL_AREA_STYLE_COLOUR('',#1985);
#1981=FILL_AREA_STYLE_COLOUR('',#1985);
#1982=FILL_AREA_STYLE_COLOUR('',#1986);
#1983=FILL_AREA_STYLE_COLOUR('',#1986);
#1984=FILL_AREA_STYLE_COLOUR('',#1987);
#1985=COLOUR_RGB('',0.647058823529412,0.647058823529412,0.647058823529412);
#1986=COLOUR_RGB('',0.231372549019608,0.380392156862745,0.705882352941177);
#1987=COLOUR_RGB('',0.615686274509804,0.811764705882353,0.929411764705882);
#1988=COMPLEX_TRIANGULATED_FACE('ConvergentBody',#1989,6364,((-0.555551470946612,
0.,-0.831482148412734),(0.,1.,0.),(0.,1.,0.),(-0.471687153826727,0.,-0.881765971737877),
(-0.555551470946612,0.,-0.831482148412734),(0.,-1.,0.),(0.,1.,0.),(-0.555551470946612,
0.,0.831482148412734),(-0.634581567400899,0.,-0.772855894921568),(0.,-1.,
0.),(-0.634581567400899,0.,-0.772855894921568),(0.,1.,0.),(0.,1.,0.),(-0.634581567400899,
0.,0.772855894921568),(-0.471687153826727,0.,-0.881765971737877),(0.,-1.,
0.),(-0.382475424629156,0.,-0.923965664705538),(0.,1.,0.),(0.,1.,0.),(-0.471687153826727,
0.,0.881765971737877),(0.,-1.,0.),(-0.555551470946612,0.,0.831482148412734),
(0.,-1.,0.),(-0.634581567400899,0.,0.772855894921568),(-0.290024329423673,
0.,-0.957019272712075),(0.,1.,0.),(0.,1.,0.),(-0.194982038784654,0.,-0.980806813063296),
(-0.290024329423673,0.,-0.957019272712075),(0.,-1.,0.),(0.,1.,0.),(-0.290024329423673,
0.,0.957019272712075),(-0.382475424629156,0.,-0.923965664705538),(0.,-1.,
0.),(0.,1.,0.),(-0.382475424629156,0.,0.923965664705538),(-0.194982038784654,
0.,-0.980806813063296),(0.,-1.,0.),(-0.0981285646751154,0.,-0.995173746033727),
(0.,1.,0.),(0.,1.,0.),(-0.194982038784654,0.,0.980806813063296),(0.,-1.,
0.),(-0.382475424629156,0.,0.923965664705538),(0.,-1.,0.),(-0.290024329423673,
0.,0.957019272712075),(0.,-1.,0.),(-0.471687153826727,0.,0.881765971737877),
(-0.0981285646751154,0.,-0.995173746033727),(0.,-1.,0.),(-0.0245956974413169,
0.,-0.999697480074535),(0.,1.,0.),(0.,1.,0.),(0.923656686653093,0.,0.383220987422439),
(0.,1.,0.),(0.957017062976064,0.,0.290031620987554),(0.,1.,0.),(0.980740520043805,
0.,0.195315212782328),(0.,1.,0.),(0.995077311698201,0.,0.0991016838579496),
(0.,1.,0.),(1.,0.,0.),(0.,1.,0.),(-0.0981285646751154,0.,0.995173746033727),
(0.,-1.,0.),(-0.194982038784654,0.,0.980806813063296),(-0.0245956974413169,
0.,-0.999697480074535),(0.,-1.,0.),(0.0245956974413169,0.,-0.999697480074535),
(0.,1.,0.),(0.,1.,0.),(0.882167866463961,0.,0.470935086162014),(0.,1.,0.),
(0.38273388411331,0.,0.923858633098993),(0.,1.,0.),(0.289967497457283,0.,
0.957036493775635),(0.,1.,0.),(0.471483347733881,0.,0.881874964385344),
(0.,1.,0.),(0.195236310279973,0.,0.980756230236781),(0.,1.,0.),(0.0982542588708082,
0.,0.995161344010984),(0.,1.,0.),(0.024611714626101,0.,0.999697085873098),
(0.,1.,0.),(-0.0245403379377846,0.,0.999698840558445),(0.,1.,0.),(-0.0981832058388331,
0.,0.995168356656907),(0.,1.,0.),(0.55525427018509,0.,0.831680645104371),
(0.,1.,0.),(0.634633128600564,0.,0.77281355583521),(0.,1.,0.),(0.707147124682735,
0.,0.707066435388458),(0.,1.,0.),(0.772502699525179,0.,0.635011479601992),
(0.,1.,0.),(0.83162581471081,0.,0.555336388422892),(0.,1.,0.),(0.,0.,1.),
(-1.,0.,0.),(0.,-1.,0.),(0.957017062976064,0.,0.290031620987554),(0.,-1.,
0.),(0.980740520043805,0.,0.195315212782328),(0.,-1.,0.),(0.995077311698201,
0.,0.0991016838579496),(0.,-1.,0.),(1.,0.,0.),(0.,-1.,0.),(-0.0981285646751154,
0.,0.995173746033727),(0.,-1.,0.),(0.923656686653093,0.,0.383220987422439),
(0.,-1.,0.),(0.289967497457283,0.,0.957036493775635),(0.,-1.,0.),(0.38273388411331,
0.,0.923858633098993),(0.,-1.,0.),(0.195236310279973,0.,0.980756230236781),
(0.,-1.,0.),(0.471483347733881,0.,0.881874964385344),(0.,-1.,0.),(0.0982542588708082,
0.,0.995161344010984),(0.,-1.,0.),(0.024611714626101,0.,0.999697085873098),
(0.,-1.,0.),(-0.999675054507058,0.,-0.0254908884959025),(0.,-1.,0.),(0.55525427018509,
0.,0.831680645104371),(0.,-1.,0.),(0.634633128600564,0.,0.77281355583521),
(0.,-1.,0.),(0.707147124682735,0.,0.707066435388458),(0.,-1.,0.),(0.772502699525179,
0.,0.635011479601992),(0.,-1.,0.),(0.83162581471081,0.,0.555336388422892),
(0.,-1.,0.),(-0.55547033268084,0.,-0.831536354894623),(0.,-1.,0.),(-0.634501089096321,
0.,-0.772921967559198),(0.,-1.,0.),(-0.47141157314676,0.,-0.881913334009242),
(0.,-1.,0.),(-0.707325431323529,0.,-0.706888063418094),(0.,-1.,0.),(-0.772695976743809,
0.,-0.634776281475553),(0.,-1.,0.),(-0.831266839507429,0.,-0.555873584131617),
(0.,-1.,0.),(-0.881690336504607,0.,-0.471828518123261),(0.,-1.,0.),(-0.923906543166494,
0.,-0.382618216364745),(0.,-1.,0.),(-0.956806513388293,0.,-0.290725464893839),
(0.,-1.,0.),(-0.981034854399518,0.,-0.193831407293338),(0.,-1.,0.),(-0.995290430689934,
0.,-0.0969379109381123),(0.,-1.,0.),(0.882167866463961,0.,0.470935086162014),
(0.,-1.,0.),(-0.194799866603079,0.,-0.980843010869437),(0.,-1.,0.),(-0.290555741839145,
0.,-0.956858067261965),(0.,-1.,0.),(-0.098002946984731,0.,-0.995186124492453),
(0.,-1.,0.),(-0.382873578987075,0.,-0.923800748275096),(0.,-1.,0.),(-0.012232636681583,
0.,-0.99992517850078),(-0.707323822261437,0.,-0.706889673472086),(0.,-1.,
0.),(0.,-1.,0.),(-0.707323822261437,0.,0.706889673472086),(-0.707323822261437,
0.,-0.706889673472086),(0.,1.,0.),(0.,1.,0.),(-0.707323822261437,0.,0.706889673472086),
(-0.772652508445458,0.,-0.634829190564628),(0.,-1.,0.),(0.,-1.,0.),(-0.772652508445458,
0.,0.634829190564628),(-0.772652508445458,0.,-0.634829190564628),(0.,1.,
0.),(0.,1.,0.),(-0.772652508445458,0.,0.634829190564628),(-0.83126656512312,
0.,-0.555873994452349),(0.,-1.,0.),(0.,-1.,0.),(-0.83126656512312,0.,0.555873994452349),
(-0.83126656512312,0.,-0.555873994452349),(0.,1.,0.),(0.,1.,0.),(-0.83126656512312,
0.,0.555873994452349),(-0.881743745286819,0.,-0.471728701318431),(0.,-1.,
0.),(0.,-1.,0.),(-0.881743745286819,0.,0.471728701318431),(-0.881743745286819,
0.,-0.471728701318431),(0.,1.,0.),(0.,1.,0.),(-0.881743745286819,0.,0.471728701318431),
(-0.923926596592602,0.,-0.382569789853841),(0.,-1.,0.),(0.,-1.,0.),(-0.923926596592602,
0.,0.382569789853841),(-0.923926596592602,0.,-0.382569789853841),(0.,1.,
0.),(0.,1.,0.),(-0.923926596592602,0.,0.382569789853841),(-0.957155571881441,
0.,-0.289574189485721),(0.,-1.,0.),(0.,-1.,0.),(-0.957155571881441,0.,0.289574189485721),
(-0.957155571881441,0.,-0.289574189485721),(0.,1.,0.),(0.,1.,0.),(-0.957155571881441,
0.,0.289574189485721),(-0.980773664109706,0.,-0.195148711983505),(0.,-1.,
0.),(0.,-1.,0.),(-0.980773664109706,0.,0.195148711983505),(-0.980773664109706,
0.,-0.195148711983505),(0.,1.,0.),(0.,1.,0.),(-0.980773664109706,0.,0.195148711983505),
(-0.0245403379377846,0.,0.999698840558445),(0.,-1.,0.),(0.,-1.,0.),(-0.0981832058388331,
0.,0.995168356656907),(0.,-1.,0.),(-0.195236310279973,0.,0.980756230236781),
(0.,-1.,0.),(-0.289963928804467,0.,0.957037575015881),(0.,-1.,0.),(-0.382734838475749,
0.,0.923858237727489),(0.,-1.,0.),(-0.471487547105601,0.,0.881872719231264),
(0.,-1.,0.),(-0.55525427018494,0.,0.831680645104471),(0.,-1.,0.),(-0.634633128600564,
0.,0.77281355583521),(0.,-1.,0.),(-0.707147124682735,0.,0.707066435388458),
(0.,-1.,0.),(-0.772497042599918,0.,0.635018361289168),(0.,-1.,0.),(-0.831626167079395,
0.,0.555335860744499),(0.,-1.,0.),(-0.88217236048596,0.,0.470926667746296),
(0.,-1.,0.),(-0.923656686653093,0.,0.383220987422439),(0.,-1.,0.),(-0.957017062976064,
0.,0.290031620987554),(0.,-1.,0.),(-0.980740520043805,0.,0.195315212782328),
(0.,-1.,0.),(-0.995220269766028,0.,0.0976555919895751),(0.,-1.,0.),(-1.,
0.,0.),(0.,-1.,0.),(-0.882175702276116,0.,0.470920407620695),(0.,-1.,0.),
(-0.923654785974499,0.,0.383225568492504),(0.,-1.,0.),(-0.957014160405217,
0.,0.290041198425151),(0.,-1.,0.),(-0.980741724785496,0.,0.195309163289311),
(0.,-1.,0.),(-0.995221175248134,0.,0.0976463636687128),(0.,-1.,0.),(-1.,
0.,0.),(0.,-1.,0.),(-0.995221175248134,0.,-0.0976463636687128),(0.,-1.,
0.),(-0.980741724785438,0.,-0.195309163289599),(0.,-1.,0.),(-0.957014160405217,
0.,-0.290041198425151),(0.,-1.,0.),(-0.999675054507058,0.,0.0254908884959025),
(-1.,0.,0.),(0.,-1.,0.),(0.,-0.500000187397625,-0.866025295590342),(-1.,
0.,0.),(0.,0.500000187397624,0.866025295590343),(0.,-0.500000187397624,
0.866025295590343),(-1.,0.,0.),(0.,0.500000187397624,0.866025295590343),
(0.,-0.500000187397624,0.866025295590343),(-1.,0.,0.),(0.,0.500000187397624,
0.866025295590343),(0.,-0.500000187397624,0.866025295590343),(0.,-0.500000187397624,
0.866025295590343),(-1.,0.,0.),(0.,-1.,0.),(-1.,0.,0.),(0.,0.500000187397624,
0.866025295590343),(0.,-0.500000187397624,0.866025295590343),(-1.,0.,0.),
(0.,0.500000187397624,0.866025295590343),(0.,-0.500000187397624,0.866025295590343),
(-0.195236310279973,0.,0.980756230236781),(0.,1.,0.),(0.,1.,0.),(-0.289963928804467,
0.,0.957037575015881),(-0.382734838475749,0.,0.923858237727489),(0.,1.,
0.),(0.,1.,0.),(-0.471487547105601,0.,0.881872719231264),(-0.995167498429972,
0.,-0.0981919042927289),(0.,-1.,0.),(0.,-1.,0.),(-0.995167498429972,0.,
0.0981919042927289),(-0.995167498429972,0.,-0.0981919042927289),(0.,1.,
0.),(0.,1.,0.),(-0.995167498429972,0.,0.0981919042927289),(-0.999707048054855,
0.,-0.0242036788412031),(0.,-1.,0.),(0.,-1.,0.),(-0.999707048054855,0.,
0.0242036788412031),(-0.999707048054855,0.,-0.0242036788412031),(0.,1.,
0.),(0.,1.,0.),(-0.999707048054855,0.,0.0242036788412031),(0.995077311698203,
0.,-0.0991016838579299),(0.,-1.,0.),(0.995077311698203,0.,-0.0991016838579299),
(0.,1.,0.),(0.,1.,0.),(-0.55525427018494,0.,0.831680645104471),(-0.634633128600564,
0.,0.77281355583521),(0.,1.,0.),(0.,1.,0.),(-0.707147124682735,0.,0.707066435388458),
(-0.772497042599918,0.,0.635018361289168),(0.,1.,0.),(0.,1.,0.),(-0.831626167079395,
0.,0.555335860744499),(-0.88217236048596,0.,0.470926667746296),(0.,1.,0.),
(0.,1.,0.),(-0.923656686653093,0.,0.383220987422439),(0.012232636681583,
0.,-0.99992517850078),(0.,-1.,0.),(0.,-1.,0.),(0.,0.,-1.),(0.866025295590343,
-0.500000187397624,0.),(0.,0.,-1.),(-0.866025295590343,-0.500000187397624,
0.),(0.,-1.,0.),(0.,-1.,0.),(0.,0.,-1.),(0.866025295590343,-0.500000187397624,
0.),(0.,0.,-1.),(0.866025295590343,-0.500000187397624,0.),(0.,-1.,0.),(0.,
0.,-1.),(0.866025295590343,-0.500000187397624,0.),(0.866025295590343,0.500000187397625,
0.),(0.,0.,-1.),(0.866025295590343,-0.500000187397624,0.),(0.866025295590343,
0.500000187397625,0.),(0.,0.,-1.),(-0.866025295590343,-0.500000187397624,
0.),(0.,-1.,0.),(0.,-1.,0.),(0.,0.,-1.),(0.866025295590343,-0.500000187397624,
0.),(0.,0.,-1.),(0.866025295590343,-0.500000187397624,0.),(0.866025295590343,
0.500000187397625,0.),(0.,0.,-1.),(0.866025295590343,-0.500000187397624,
0.),(0.866025295590343,0.500000187397625,0.),(0.,0.,-1.),(-0.866025295590343,
-0.500000187397624,0.),(0.,-1.,0.),(-0.957017062976064,0.,0.290031620987554),
(0.,1.,0.),(0.,1.,0.),(-0.980740520043805,0.,0.195315212782328),(-0.995220269766028,
0.,0.0976555919895751),(0.,1.,0.),(0.,1.,0.),(-1.,0.,0.),(-0.995220269766028,
0.,-0.0976555919895751),(0.,1.,0.),(-0.995220269766028,0.,-0.0976555919895751),
(0.,-1.,0.),(-0.98074045448511,0.,-0.19531554197334),(0.,1.,0.),(-0.98074045448511,
0.,-0.19531554197334),(0.,-1.,0.),(-0.957017237428284,0.,-0.290031045347107),
(0.,1.,0.),(-0.957017237428284,0.,-0.290031045347107),(0.,-1.,0.),(-0.923656818180021,
0.,-0.383220670410091),(0.,1.,0.),(0.,1.,0.),(-0.882175702276116,0.,0.470920407620695),
(0.,1.,0.),(-0.923654785974499,0.,0.383225568492504),(-0.923656818180021,
0.,-0.383220670410091),(0.,-1.,0.),(0.,1.,0.),(-0.882172080785844,0.,-0.470927191699497),
(-0.831620985571719,0.,0.555343620073845),(0.,-1.,0.),(0.,-1.,0.),(-0.882172080785844,
0.,-0.470927191699497),(-0.957014160405217,0.,0.290041198425151),(0.,1.,
0.),(0.,1.,0.),(0.957014160405217,0.,0.290041198425151),(0.,1.,0.),(0.957017237428284,
0.,-0.290031045347107),(0.,1.,0.),(0.98074045448511,0.,-0.19531554197334),
(0.,1.,0.),(0.923654785974499,0.,0.383225568492504),(0.,1.,0.),(0.980741724785496,
0.,0.195309163289311),(0.957014160405217,0.,0.290041198425151),(0.,-1.,
0.),(0.,-1.,0.),(0.980741724785496,0.,0.195309163289311),(0.957017237428284,
0.,-0.290031045347107),(0.,-1.,0.),(0.,1.,0.),(0.92365681818013,0.,-0.383220670409828),
(0.92365681818013,0.,-0.383220670409828),(0.,-1.,0.),(0.,1.,0.),(0.995078214041445,
0.,0.0990926230356586),(0.98074045448511,0.,-0.19531554197334),(0.,-1.,
0.),(0.,1.,0.),(1.,0.,0.),(0.995078214041445,0.,0.0990926230356586),(0.,
-1.,0.),(0.,-1.,0.),(1.,0.,0.),(0.,1.,0.),(0.8821712083897,0.,0.47092882592623),
(0.923654785974499,0.,0.383225568492504),(0.,-1.,0.),(0.,-1.,0.),(0.882167586758844,
0.,-0.470935610112547),(0.882167586758844,0.,-0.470935610112547),(0.,1.,
0.),(0.,1.,0.),(0.831620633390047,0.,0.555344147461677),(0.8821712083897,
0.,0.47092882592623),(0.,-1.,0.),(0.,1.,0.),(0.83162581471081,0.,-0.555336388422892),
(0.83162581471081,0.,-0.555336388422892),(0.,-1.,0.),(0.,1.,0.),(0.772485875660761,
0.,0.635031945578037),(0.831620633390047,0.,0.555344147461677),(0.,-1.,
0.),(0.,1.,0.),(0.772503291630931,0.,-0.635010759294185),(0.772503291630931,
0.,-0.635010759294185),(0.,-1.,0.),(0.,1.,0.),(0.70719364042404,0.,0.707019911278171),
(0.772485875660761,0.,0.635031945578037),(0.,-1.,0.),(0.,1.,0.),(0.707147056335563,
0.,-0.707066503743423),(0.707147056335563,0.,-0.707066503743423),(0.,-1.,
0.),(0.,1.,0.),(0.634690098659496,0.,0.772766768607191),(0.70719364042404,
0.,0.707019911278171),(0.,-1.,0.),(0.,1.,0.),(0.634631471644237,0.,-0.772814916521847),
(0.634631471644237,0.,-0.772814916521847),(0.,-1.,0.),(0.,1.,0.),(0.555254332556209,
0.,-0.831680603463589),(0.,1.,0.),(0.555232822219696,0.,0.831694963992179),
(0.634690098659496,0.,0.772766768607191),(0.,-1.,0.),(0.,-1.,0.),(0.555254332556209,
0.,-0.831680603463589),(0.,1.,0.),(0.471415306318141,0.,0.881911338496662),
(0.,1.,0.),(0.471483289395122,0.,-0.881874995575425),(0.471483289395122,
0.,-0.881874995575425),(0.,-1.,0.),(0.,1.,0.),(0.382697803707886,0.,0.923873579575236),
(0.471415306318141,0.,0.881911338496662),(0.,-1.,0.),(0.,-1.,0.),(0.555232822219696,
0.,0.831694963992179),(0.,1.,0.),(0.382733929542354,0.,-0.923858614278759),
(0.382733929542354,0.,-0.923858614278759),(0.,-1.,0.),(0.,1.,0.),(0.289970036192197,
0.,-0.957035724573903),(0.,1.,0.),(0.290063461637991,0.,0.957007412835755),
(0.382697803707886,0.,0.923873579575236),(0.,-1.,0.),(0.,-1.,0.),(0.289970036192197,
0.,-0.957035724573903),(0.,1.,0.),(0.195234932358608,0.,-0.980756504534601),
(0.195234932358608,0.,-0.980756504534601),(0.,-1.,0.),(0.,1.,0.),(0.195318850135886,
0.,0.980739795655094),(0.290063461637991,0.,0.957007412835755),(0.,-1.,
0.),(0.,1.,0.),(0.0982528999139741,0.,-0.995161478182558),(0.0982528999139741,
0.,-0.995161478182558),(0.,-1.,0.),(0.,1.,0.),(0.0981807857687656,0.,0.995168595417795),
(0.195318850135886,0.,0.980739795655094),(0.,-1.,0.),(0.,1.,0.),(0.0246131010259251,
0.,-0.99969705174012),(0.0246131010259251,0.,-0.99969705174012),(0.,-1.,
0.),(0.,1.,0.),(0.0245403144612872,0.,0.99969884113474),(0.0981807857687656,
0.,0.995168595417795),(0.,-1.,0.),(0.,-1.,0.),(-0.0245417203314616,0.,-0.999698806622861),
(-0.0245417203314616,0.,-0.999698806622861),(0.,1.,0.),(0.,-1.,0.),(0.0245403144612872,
0.,0.99969884113474),(0.,1.,0.),(-0.831620985571719,0.,0.555343620073845),
(0.,1.,0.),(-0.831626167079415,0.,-0.55533586074447),(0.,1.,0.),(-0.772497634712087,
0.,-0.635017640986635),(0.,1.,0.),(-0.707147056335563,0.,-0.707066503743423),
(0.,1.,0.),(-0.707193640423896,0.,0.707019911278316),(-0.772497634712087,
0.,-0.635017640986635),(0.,-1.,0.),(0.,1.,0.),(-0.772480218436091,0.,0.635038827257774),
(-0.831626167079415,0.,-0.55533586074447),(0.,-1.,0.),(0.,1.,0.),(-0.634690098659496,
0.,0.772766768607191),(0.,1.,0.),(-0.634631471644237,0.,-0.772814916521847),
(-0.707147056335563,0.,-0.707066503743423),(0.,-1.,0.),(0.,-1.,0.),(-0.634690098659496,
0.,0.772766768607191),(-0.707193640423896,0.,0.707019911278316),(0.,-1.,
0.),(0.,1.,0.),(-0.555232822219696,0.,0.831694963992179),(-0.634631471644237,
0.,-0.772814916521847),(0.,-1.,0.),(-0.555254332556359,0.,-0.831680603463488),
(0.,1.,0.),(-0.555232822219696,0.,0.831694963992179),(0.,-1.,0.),(0.,-1.,
0.),(-0.772480218436091,0.,0.635038827257774),(-0.555254332556359,0.,-0.831680603463488),
(0.,-1.,0.),(0.,1.,0.),(-0.0244691440945252,0.,0.99970058566917),(0.,1.,
0.),(-0.0981818428820079,0.,-0.995168491125142),(-0.0981818428820079,0.,
-0.995168491125142),(0.,-1.,0.),(0.,1.,0.),(-0.098109937731487,0.,0.995175582557331),
(-0.0244691440945252,0.,0.99970058566917),(0.,-1.,0.),(0.,1.,0.),(-0.195234932358608,
0.,-0.980756504534601),(-0.195234932358608,0.,-0.980756504534601),(0.,-1.,
0.),(0.,1.,0.),(-0.195318850135886,0.,0.980739795655094),(-0.098109937731487,
0.,0.995175582557331),(0.,-1.,0.),(0.,1.,0.),(-0.289966467519487,0.,-0.957036805830513),
(-0.289966467519487,0.,-0.957036805830513),(0.,-1.,0.),(0.,1.,0.),(-0.471487488749727,
0.,-0.881872750430852),(0.,1.,0.),(-0.382734883864716,0.,-0.923858218923803),
(0.,1.,0.),(-0.382698757095308,0.,0.923873184651285),(-0.471487488749727,
0.,-0.881872750430852),(0.,-1.,0.),(0.,1.,0.),(-0.47141950513783,0.,0.881909094054259),
(-0.382734883864716,0.,-0.923858218923803),(0.,-1.,0.),(0.,1.,0.),(-0.290059892854629,
0.,0.957008494506272),(-0.382698757095308,0.,0.923873184651285),(0.,-1.,
0.),(0.,-1.,0.),(-0.290059892854629,0.,0.957008494506272),(-0.195318850135886,
0.,0.980739795655094),(0.,-1.,0.),(0.,-1.,0.),(-0.47141950513783,0.,0.881909094054259),
(-0.980741724785496,0.,0.195309163289311),(0.,1.,0.),(0.,1.,0.),(-0.995221175248134,
0.,0.0976463636687128),(-1.,0.,0.),(0.,1.,0.),(0.,1.,0.),(-0.995221175248134,
0.,-0.0976463636687128),(-0.980741724785438,0.,-0.195309163289599),(0.,
1.,0.),(0.,1.,0.),(-0.957014160405217,0.,-0.290041198425151),(-0.923654785974608,
0.,-0.383225568492241),(0.,1.,0.),(-0.923654785974608,0.,-0.383225568492241),
(0.,-1.,0.),(0.,1.,0.),(0.995078214041443,0.,-0.0990926230356786),(-0.0245956974413169,
0.,0.999697480074535),(0.,-1.,0.),(0.,1.,0.),(0.957014160405217,0.,-0.290041198425151),
(0.,1.,0.),(0.980741724785438,0.,-0.195309163289599),(0.,1.,0.),(1.,0.,
0.),(0.,1.,0.),(0.995077311698203,0.,-0.0991016838579299),(0.,1.,0.),(0.980740520043748,
0.,-0.195315212782617),(0.,1.,0.),(0.957017062976061,0.,-0.290031620987562),
(0.,1.,0.),(-0.0245956974413169,0.,0.999697480074535),(0.995078214041443,
0.,-0.0990926230356786),(0.,-1.,0.),(0.,-1.,0.),(0.957014160405217,0.,-0.290041198425151),
(0.,-1.,0.),(0.923654785974608,0.,-0.383225568492241),(0.,-1.,0.),(1.,0.,
0.),(0.,-1.,0.),(0.980741724785438,0.,-0.195309163289599),(0.,-1.,0.),(0.995077311698203,
0.,-0.0991016838579299),(0.,-1.,0.),(0.980740520043748,0.,-0.195315212782617),
(0.,-1.,0.),(0.957017062976061,0.,-0.290031620987562),(0.,-1.,0.),(0.923656686652984,
0.,-0.383220987422703),(0.,1.,0.),(-0.882172080785844,0.,0.470927191699497),
(0.,1.,0.),(-0.92365681818013,0.,0.383220670409828),(0.,1.,0.),(-0.882175702276116,
0.,-0.470920407620695),(-0.957017237428284,0.,0.290031045347107),(0.,1.,
0.),(-0.92365681818013,0.,0.383220670409828),(0.,-1.,0.),(0.,-1.,0.),(-0.882172080785844,
0.,0.470927191699497),(0.,1.,0.),(0.0982542588708082,0.,0.995161344010984),
(0.0245956974413169,0.,-0.999697480074535),(0.,-1.,0.),(0.0981285646751154,
0.,-0.995173746033727),(0.,1.,0.),(0.,1.,0.),(0.024611714626101,0.,0.999697085873098),
(0.,1.,0.),(-0.0245403379377846,0.,0.999698840558445),(0.,1.,0.),(-0.957017062976064,
0.,0.290031620987554),(0.,1.,0.),(-0.0981832058388331,0.,0.995168356656907),
(0.,1.,0.),(-0.195236310279973,0.,0.980756230236781),(0.,1.,0.),(-0.289967497457283,
0.,0.957036493775635),(0.,1.,0.),(-0.38273388411331,0.,0.923858633098993),
(0.,1.,0.),(-0.471483347733881,0.,0.881874964385344),(0.,1.,0.),(-0.55525427018494,
0.,0.831680645104471),(0.,1.,0.),(-0.634633128600564,0.,0.77281355583521),
(0.,1.,0.),(-0.707147124682735,0.,0.707066435388458),(0.,1.,0.),(-0.772502699525179,
0.,0.635011479601992),(0.,1.,0.),(-0.83162581471081,0.,0.555336388422892),
(0.,1.,0.),(-0.923656686653093,0.,0.383220987422439),(0.,1.,0.),(-0.882167866463961,
0.,0.470935086162014),(0.,1.,0.),(0.382734838475749,0.,0.923858237727489),
(0.,1.,0.),(0.289963928804467,0.,0.957037575015881),(0.,1.,0.),(0.471487547105601,
0.,0.881872719231264),(0.,1.,0.),(0.195236310279973,0.,0.980756230236781),
(0.,1.,0.),(0.55525427018509,0.,0.831680645104371),(0.,1.,0.),(0.634633128600564,
0.,0.77281355583521),(0.,1.,0.),(0.707147124682735,0.,0.707066435388458),
(0.,1.,0.),(0.772497042599918,0.,0.635018361289168),(0.,1.,0.),(0.831626167079395,
0.,0.555335860744499),(0.,1.,0.),(0.88217236048596,0.,0.470926667746296),
(0.,1.,0.),(0.923656686653093,0.,0.383220987422439),(0.,1.,0.),(0.957017062976064,
0.,0.290031620987554),(0.,1.,0.),(0.980740520043805,0.,0.195315212782328),
(0.,1.,0.),(0.995077311698201,0.,0.0991016838579496),(0.,1.,0.),(1.,0.,
0.),(0.,1.,0.),(0.995077311698203,0.,-0.0991016838579299),(0.,1.,0.),(0.98074045448511,
0.,-0.19531554197334),(0.,1.,0.),(0.957017237428284,0.,-0.290031045347107),
(0.,1.,0.),(-1.,0.,0.),(0.,0.,-1.),(-1.,0.,0.),(0.,0.,1.),(0.,-1.,0.),(0.,
-1.,0.),(-1.,0.,0.),(0.,-1.,0.),(-0.882175702276116,0.,-0.470920407620695),
(0.,-1.,0.),(-0.995220269766028,0.,-0.0976555919895751),(0.,-1.,0.),(-0.0245403379377846,
0.,-0.999698840558445),(0.,-1.,0.),(-0.995290430689934,0.,0.0969379109381124),
(0.,-1.,0.),(-0.831626167079415,0.,-0.55533586074447),(0.,-1.,0.),(-0.88217236048596,
0.,-0.470926667746296),(0.,-1.,0.),(-0.772497042599918,0.,-0.635018361289168),
(0.,-1.,0.),(-0.923656686652984,0.,-0.383220987422703),(0.,-1.,0.),(-0.707147124682591,
0.,-0.707066435388602),(0.,-1.,0.),(-0.634633128600545,0.,-0.772813555835224),
(0.,-1.,0.),(-0.55525427018494,0.,-0.831680645104471),(0.,-1.,0.),(-0.382734838475749,
0.,-0.923858237727489),(0.,-1.,0.),(-0.471487547105601,0.,-0.881872719231264),
(0.,-1.,0.),(-0.289963928804467,0.,-0.957037575015881),(0.,-1.,0.),(-0.0981832058388331,
0.,-0.995168356656907),(0.,-1.,0.),(-0.195236310279973,0.,-0.980756230236781),
(0.,-1.,0.),(-0.980740520043748,0.,-0.195315212782617),(0.,-1.,0.),(-0.957017062976061,
0.,-0.290031620987562),(-1.,0.,0.),(0.,-0.500000187397625,-0.866025295590342),
(0.,0.500000187397625,-0.866025295590342),(-1.,0.,0.),(0.,-0.500000187397624,
0.866025295590343),(0.,-1.,0.),(0.,-1.,0.),(-1.,0.,0.),(0.,-0.500000187397625,
-0.866025295590342),(-1.,0.,0.),(0.,-0.500000187397625,-0.866025295590342),
(0.,0.500000187397625,-0.866025295590342),(-1.,0.,0.),(0.,-0.500000187397625,
-0.866025295590342),(0.,0.500000187397625,-0.866025295590342),(-0.957017237428284,
0.,0.290031045347107),(0.,-1.,0.),(-0.980740454485053,0.,0.195315541973629),
(0.,1.,0.),(0.,1.,0.),(0.92365681818013,0.,0.383220670409828),(0.,1.,0.),
(0.923654785974608,0.,-0.383225568492241),(0.,1.,0.),(0.957017237428284,
0.,0.290031045347107),(0.,1.,0.),(0.980740454485053,0.,0.195315541973629),
(0.,1.,0.),(0.995077311698201,0.,0.0991016838579496),(0.,1.,0.),(0.8821712083897,
0.,-0.47092882592623),(0.,1.,0.),(0.882167586758844,0.,0.470935610112547),
(0.92365681818013,0.,0.383220670409828),(0.,-1.,0.),(0.,-1.,0.),(0.957017237428284,
0.,0.290031045347107),(0.8821712083897,0.,-0.47092882592623),(0.,-1.,0.),
(0.,1.,0.),(0.831620633390047,0.,-0.555344147461677),(0.831620633390047,
0.,-0.555344147461677),(0.,-1.,0.),(0.,1.,0.),(0.83162581471081,0.,0.555336388422892),
(0.882167586758844,0.,0.470935610112547),(0.,-1.,0.),(0.,1.,0.),(0.772485875660761,
0.,-0.635031945578037),(0.772485875660761,0.,-0.635031945578037),(0.,-1.,
0.),(0.,1.,0.),(0.772503291630931,0.,0.635010759294185),(0.83162581471081,
0.,0.555336388422892),(0.,-1.,0.),(0.,1.,0.),(0.707193640423896,0.,-0.707019911278316),
(0.707193640423896,0.,-0.707019911278316),(0.,-1.,0.),(0.,1.,0.),(0.707147056335563,
0.,0.707066503743423),(0.772503291630931,0.,0.635010759294185),(0.,-1.,
0.),(0.,1.,0.),(0.634690098659496,0.,-0.772766768607191),(0.634690098659496,
0.,-0.772766768607191),(0.,-1.,0.),(0.,1.,0.),(0.634631471644237,0.,0.772814916521847),
(0.707147056335563,0.,0.707066503743423),(0.,-1.,0.),(0.,-1.,0.),(0.555232822219696,
0.,-0.831694963992179),(0.555232822219696,0.,-0.831694963992179),(0.,1.,
0.),(0.,-1.,0.),(0.980740454485053,0.,0.195315541973629),(0.,-1.,0.),(0.995077311698201,
0.,0.0991016838579496),(0.,-1.,0.),(0.634631471644237,0.,0.772814916521847),
(0.,1.,0.),(0.555254332556359,0.,0.831680603463488),(0.,1.,0.),(0.471483289395122,
0.,0.881874995575425),(0.,1.,0.),(0.471415306318141,0.,-0.881911338496662),
(0.471415306318141,0.,-0.881911338496662),(0.,-1.,0.),(0.,1.,0.),(0.382733929542354,
0.,0.923858614278759),(0.471483289395122,0.,0.881874995575425),(0.,-1.,
0.),(0.,-1.,0.),(0.555254332556359,0.,0.831680603463488),(0.,1.,0.),(0.382697803707886,
0.,-0.923873579575236),(0.382697803707886,0.,-0.923873579575236),(0.,-1.,
0.),(0.,1.,0.),(0.289970036192197,0.,0.957035724573903),(0.382733929542354,
0.,0.923858614278759),(0.,-1.,0.),(0.,1.,0.),(0.290063461637991,0.,-0.957007412835755),
(0.290063461637991,0.,-0.957007412835755),(0.,-1.,0.),(0.,1.,0.),(0.195234932358615,
0.,0.9807565045346),(0.289970036192197,0.,0.957035724573903),(0.,-1.,0.),
(0.,1.,0.),(0.195318850135879,0.,-0.980739795655095),(0.195318850135879,
0.,-0.980739795655095),(0.,-1.,0.),(0.,1.,0.),(0.0981807857687656,0.,-0.995168595417795),
(0.,1.,0.),(0.0982528999139761,0.,0.995161478182558),(0.195234932358615,
0.,0.9807565045346),(0.,-1.,0.),(0.,-1.,0.),(0.0981807857687656,0.,-0.995168595417795),
(0.,1.,0.),(0.0245403144612872,0.,-0.99969884113474),(0.0245403144612872,
0.,-0.99969884113474),(0.,-1.,0.),(0.,1.,0.),(0.0246131010259251,0.,0.99969705174012),
(0.0982528999139761,0.,0.995161478182558),(0.,-1.,0.),(0.,-1.,0.),(-0.0244691440945252,
0.,-0.99970058566917),(-0.0244691440945252,0.,-0.99970058566917),(0.,1.,
0.),(0.,-1.,0.),(0.0246131010259251,0.,0.99969705174012),(0.,1.,0.),(-0.0245417203314625,
0.,0.999698806622861),(0.,1.,0.),(-0.098109937731487,0.,-0.995175582557331),
(-0.098109937731487,0.,-0.995175582557331),(0.,-1.,0.),(0.,1.,0.),(-0.0981818428820079,
0.,0.995168491125142),(-0.0245417203314625,0.,0.999698806622861),(0.,-1.,
0.),(0.,1.,0.),(-0.195318850135879,0.,-0.980739795655095),(0.,1.,0.),(-0.195234932358615,
0.,0.9807565045346),(-0.195318850135879,0.,-0.980739795655095),(0.,-1.,
0.),(0.,1.,0.),(-0.290059892854629,0.,-0.957008494506272),(-0.290059892854629,
0.,-0.957008494506272),(0.,-1.,0.),(0.,1.,0.),(-0.289966467519487,0.,0.957036805830513),
(-0.195234932358615,0.,0.9807565045346),(0.,-1.,0.),(0.,-1.,0.),(-0.0981818428820079,
0.,0.995168491125142),(0.,1.,0.),(-0.382698757095308,0.,-0.923873184651285),
(-0.382698757095308,0.,-0.923873184651285),(0.,-1.,0.),(0.,1.,0.),(-0.382734883864716,
0.,0.923858218923803),(-0.289966467519487,0.,0.957036805830513),(0.,-1.,
0.),(0.,1.,0.),(-0.47141950513783,0.,-0.881909094054259),(0.,1.,0.),(-0.471487488749727,
0.,0.881872750430852),(-0.47141950513783,0.,-0.881909094054259),(0.,-1.,
0.),(0.,1.,0.),(-0.555232822219546,0.,-0.831694963992279),(-0.555232822219546,
0.,-0.831694963992279),(0.,-1.,0.),(0.,-1.,0.),(-0.382734883864716,0.,0.923858218923803),
(-0.471487488749727,0.,0.881872750430852),(0.,-1.,0.),(0.,1.,0.),(-0.555254332556359,
0.,0.831680603463488),(0.,1.,0.),(-0.831620985571719,0.,-0.555343620073845),
(0.,1.,0.),(-0.831626167079395,0.,0.555335860744499),(-0.831626167079395,
0.,0.555335860744499),(0.,-1.,0.),(0.,1.,0.),(-0.707193640423896,0.,-0.707019911278316),
(0.,1.,0.),(-0.634690098659496,0.,-0.772766768607191),(0.,1.,0.),(-0.634631471644237,
0.,0.772814916521847),(-0.707193640423896,0.,-0.707019911278316),(0.,-1.,
0.),(0.,1.,0.),(-0.707147056335563,0.,0.707066503743423),(0.,1.,0.),(-0.772480218436091,
0.,-0.635038827257774),(0.,1.,0.),(-0.772497634712087,0.,0.635017640986635),
(-0.772480218436091,0.,-0.635038827257774),(0.,-1.,0.),(0.,-1.,0.),(-0.634690098659496,
0.,-0.772766768607191),(-0.555254332556359,0.,0.831680603463488),(0.,-1.,
0.),(0.,-1.,0.),(-0.634631471644237,0.,0.772814916521847),(-0.831620985571719,
0.,-0.555343620073845),(0.,-1.,0.),(0.,-1.,0.),(-0.707147056335563,0.,0.707066503743423),
(-0.772497634712087,0.,0.635017640986635),(0.,-1.,0.),(0.,-1.,0.),(-0.980740454485053,
0.,0.195315541973629),(0.,-1.,0.),(-0.995220269766028,0.,0.0976555919895751),
(-0.995220269766028,0.,0.0976555919895751),(0.,1.,0.),(0.,1.,0.),(-1.,0.,
0.),(-0.995220269766028,0.,-0.0976555919895751),(0.,1.,0.),(0.,1.,0.),(0.923656686652984,
0.,-0.383220987422703),(0.,1.,0.),(0.882167866463961,0.,-0.470935086162014),
(0.,1.,0.),(0.83162581471081,0.,-0.555336388422892),(0.,1.,0.),(0.772502699525179,
0.,-0.635011479601992),(0.,1.,0.),(0.707147124682591,0.,-0.707066435388602),
(-0.0122326366815829,0.,0.99992517850078),(0.,-1.,0.),(0.,1.,0.),(0.634633128600545,
0.,-0.772813555835224),(0.,1.,0.),(0.55525427018494,0.,-0.831680645104471),
(0.,1.,0.),(0.471483347733881,0.,-0.881874964385344),(0.,1.,0.),(0.38273388411331,
0.,-0.923858633098993),(0.,1.,0.),(0.289967497457283,0.,-0.957036493775635),
(0.,1.,0.),(0.195236310279973,0.,-0.980756230236781),(0.,1.,0.),(0.0982542588708101,
0.,-0.995161344010984),(0.,1.,0.),(0.024611714626101,0.,-0.999697085873098),
(0.,1.,0.),(-0.0245403379377846,0.,-0.999698840558445),(0.,1.,0.),(-0.0981832058388331,
0.,-0.995168356656907),(0.0122326366815829,0.,0.99992517850078),(0.,-1.,
0.),(0.,-1.,0.),(0.0245956974413169,0.,0.999697480074535),(0.0245956974413169,
0.,0.999697480074535),(0.,1.,0.),(0.882167866463961,0.,-0.470935086162014),
(0.,-1.,0.),(0.,-1.,0.),(0.83162581471081,0.,-0.555336388422892),(0.772502699525179,
0.,-0.635011479601992),(0.,-1.,0.),(0.,-1.,0.),(0.707147124682591,0.,-0.707066435388602),
(0.,-1.,0.),(0.634633128600545,0.,-0.772813555835224),(0.,-1.,0.),(0.55525427018494,
0.,-0.831680645104471),(0.,-1.,0.),(0.471483347733881,0.,-0.881874964385344),
(0.,-1.,0.),(0.38273388411331,0.,-0.923858633098993),(0.,-1.,0.),(0.289967497457283,
0.,-0.957036493775635),(0.,-1.,0.),(0.195236310279973,0.,-0.980756230236781),
(0.,-1.,0.),(0.0982542588708101,0.,-0.995161344010984),(0.,-1.,0.),(0.024611714626101,
0.,-0.999697085873098),(0.,-1.,0.),(-0.0980029469847312,0.,0.995186124492453),
(0.,-1.,0.),(-0.981034854399518,0.,0.193831407293337),(0.,-1.,0.),(-0.956806513388293,
0.,0.290725464893839),(0.,-1.,0.),(-0.923906543166494,0.,0.382618216364744),
(0.,-1.,0.),(-0.881690336504607,0.,0.471828518123261),(0.,-1.,0.),(-0.83126683950743,
0.,0.555873584131616),(0.,-1.,0.),(-0.772695976743808,0.,0.634776281475554),
(0.,-1.,0.),(-0.707325431323529,0.,0.706888063418094),(0.,-1.,0.),(-0.634501089096321,
0.,0.772921967559198),(0.,-1.,0.),(-0.55547033268084,0.,0.831536354894624),
(0.,-1.,0.),(-0.47141157314676,0.,0.881913334009242),(0.,-1.,0.),(-0.382873578987075,
0.,0.923800748275096),(0.,-1.,0.),(-0.290555741839145,0.,0.956858067261965),
(0.,-1.,0.),(-0.194799866603079,0.,0.980843010869437),(-0.831626167079415,
0.,-0.55533586074447),(0.,1.,0.),(0.,1.,0.),(-0.772497042599918,0.,-0.635018361289168),
(-0.88217236048596,0.,-0.470926667746296),(0.,1.,0.),(0.,1.,0.),(-0.707147124682591,
0.,-0.707066435388602),(-0.634633128600545,0.,-0.772813555835224),(0.,1.,
0.),(0.,1.,0.),(-0.55525427018494,0.,-0.831680645104471),(-0.382734838475749,
0.,-0.923858237727489),(0.,1.,0.),(0.,1.,0.),(-0.289963928804467,0.,-0.957037575015881),
(-0.471487547105601,0.,-0.881872719231264),(0.,1.,0.),(0.,1.,0.),(-0.195236310279973,
0.,-0.980756230236781),(0.,0.,1.),(0.866025295590343,-0.500000187397624,
0.),(0.,-1.,0.),(0.,-1.,0.),(0.,0.,1.),(-0.866025295590343,-0.500000187397624,
0.),(0.,0.,1.),(0.866025295590343,0.500000187397625,0.),(0.866025295590343,
-0.500000187397624,0.),(0.866025295590343,-0.500000187397624,0.),(0.,0.,
1.),(0.,-1.,0.),(0.,0.,1.),(0.,-1.,0.),(-0.866025295590343,-0.500000187397624,
0.),(0.,0.,1.),(0.866025295590343,-0.500000187397624,0.),(0.,-1.,0.),(0.,
-1.,0.),(0.,0.,1.),(-0.866025295590343,-0.500000187397624,0.),(0.,0.,1.),
(0.866025295590343,-0.500000187397624,0.),(0.,-1.,0.),(-0.980740520043748,
0.,-0.195315212782617),(0.,1.,0.),(0.,1.,0.),(-0.957017062976061,0.,-0.290031620987562),
(-0.923656686652984,0.,-0.383220987422703),(0.,1.,0.),(0.,-1.,0.),(0.0980029469847312,
0.,0.995186124492453),(0.,0.,1.),(0.,-1.,0.),(-0.866025295590343,-0.500000187397624,
0.),(0.,0.,1.),(0.866025295590343,-0.500000187397624,0.),(0.,-1.,0.),(0.,
-1.,0.),(0.,0.,1.),(-0.866025295590343,-0.500000187397624,0.),(0.,0.,1.),
(-0.866025295590343,-0.500000187397624,0.),(-0.866025295590343,0.500000187397624,
0.),(-0.866025295590343,0.500000187397624,0.),(0.,0.,1.),(0.,1.,0.),(0.,
0.,1.),(0.866025295590343,-0.500000187397624,0.),(0.,-1.,0.),(0.,-1.,0.),
(0.,0.,1.),(-0.866025295590343,-0.500000187397624,0.),(0.,0.,1.),(-0.866025295590343,
-0.500000187397624,0.),(-0.866025295590343,0.500000187397624,0.),(0.0981285646751154,
0.,0.995173746033727),(0.,-1.,0.),(0.0981285646751154,0.,0.995173746033727),
(0.,1.,0.),(0.,1.,0.),(-0.923656686652984,0.,-0.383220987422703),(0.,1.,
0.),(0.024611714626101,0.,-0.999697085873098),(0.,1.,0.),(0.0982542588708101,
0.,-0.995161344010984),(0.,1.,0.),(-0.882167866463961,0.,-0.470935086162014),
(0.,1.,0.),(-0.83162581471081,0.,-0.555336388422892),(0.,1.,0.),(-0.772502699525179,
0.,-0.635011479601992),(0.,1.,0.),(-0.707147124682591,0.,-0.707066435388602),
(0.,1.,0.),(-0.0245403379377846,0.,-0.999698840558445),(0.,1.,0.),(-0.634633128600545,
0.,-0.772813555835224),(0.,1.,0.),(-0.55525427018494,0.,-0.831680645104471),
(0.,1.,0.),(-0.471483347733881,0.,-0.881874964385344),(0.,1.,0.),(-0.38273388411331,
0.,-0.923858633098993),(0.,1.,0.),(-0.289967497457283,0.,-0.957036493775635),
(0.,1.,0.),(-0.0981832058388331,0.,-0.995168356656907),(0.,1.,0.),(-0.195236310279973,
0.,-0.980756230236781),(0.,-1.,0.),(0.0980029469847309,0.,-0.995186124492453),
(0.,0.,-1.),(-0.866025295590343,-0.500000187397624,0.),(0.,-1.,0.),(0.,
-1.,0.),(0.,0.,-1.),(0.866025295590343,-0.500000187397624,0.),(0.,0.,-1.),
(-0.866025295590343,-0.500000187397624,0.),(0.,-1.,0.),(0.,-1.,0.),(0.,
0.,-1.),(0.866025295590343,-0.500000187397624,0.),(0.,0.,-1.),(-0.866025295590343,
-0.500000187397624,0.),(0.,-1.,0.),(0.,0.,-1.),(-0.866025295590343,-0.500000187397624,
0.),(0.,-1.,0.),(0.,0.,-1.),(-0.866025295590343,0.500000187397624,0.),(-0.866025295590343,
-0.500000187397624,0.),(0.,0.,-1.),(-0.866025295590343,0.500000187397624,
0.),(-0.866025295590343,-0.500000187397624,0.),(0.,-1.,0.),(0.194799866603079,
0.,-0.980843010869437),(0.,-1.,0.),(0.290555741839145,0.,-0.956858067261965),
(0.,-1.,0.),(0.382873578987075,0.,-0.923800748275096),(0.,-1.,0.),(0.47141157314676,
0.,-0.881913334009242),(0.,-1.,0.),(0.55547033268084,0.,-0.831536354894624),
(0.,-1.,0.),(0.634501089096321,0.,-0.772921967559198),(0.,-1.,0.),(0.995290430689934,
0.,-0.0969379109381124),(0.,-1.,0.),(0.999675054507058,0.,-0.0254908884959024),
(0.,-1.,0.),(0.024611714626101,0.,0.999697085873098),(0.,-1.,0.),(0.707325431323529,
0.,-0.706888063418094),(0.,-1.,0.),(0.772695976743809,0.,-0.634776281475554),
(0.,-1.,0.),(0.831266839507429,0.,-0.555873584131617),(0.,-1.,0.),(0.881690336504607,
0.,-0.471828518123261),(0.,-1.,0.),(0.923906543166494,0.,-0.382618216364745),
(0.,-1.,0.),(0.956806513388293,0.,-0.290725464893839),(0.,-1.,0.),(0.981034854399518,
0.,-0.193831407293338),(0.,-1.,0.),(-0.0245403379377846,0.,0.999698840558445),
(0.0981285646751154,0.,-0.995173746033727),(0.,-1.,0.),(0.,-1.,0.),(-0.923656686653093,
0.,0.383220987422439),(0.,-1.,0.),(-0.0981832058388331,0.,0.995168356656907),
(0.,-1.,0.),(-0.195236310279973,0.,0.980756230236781),(0.,-1.,0.),(-0.289967497457283,
0.,0.957036493775635),(0.,-1.,0.),(-0.38273388411331,0.,0.923858633098993),
(0.,-1.,0.),(-0.471483347733881,0.,0.881874964385344),(0.,-1.,0.),(-0.55525427018494,
0.,0.831680645104471),(0.,-1.,0.),(-0.634633128600564,0.,0.77281355583521),
(0.,-1.,0.),(-0.707147124682735,0.,0.707066435388458),(0.,-1.,0.),(-0.772502699525179,
0.,0.635011479601992),(0.,-1.,0.),(-0.83162581471081,0.,0.555336388422892),
(0.,-1.,0.),(-0.882167866463961,0.,0.470935086162014),(0.382734838475749,
0.,0.923858237727489),(0.,-1.,0.),(0.,-1.,0.),(0.471487547105601,0.,0.881872719231264),
(0.289963928804467,0.,0.957037575015881),(0.,-1.,0.),(0.,-1.,0.),(0.55525427018509,
0.,0.831680645104371),(0.195236310279973,0.,0.980756230236781),(0.,-1.,
0.),(0.,-1.,0.),(0.0982542588708082,0.,0.995161344010984),(0.634633128600564,
0.,0.77281355583521),(0.,-1.,0.),(0.,-1.,0.),(0.707147124682735,0.,0.707066435388458),
(0.772497042599918,0.,0.635018361289168),(0.,-1.,0.),(0.,-1.,0.),(0.831626167079395,
0.,0.555335860744499),(0.,-1.,0.),(0.88217236048596,0.,0.470926667746296),
(0.,-1.,0.),(0.923656686653093,0.,0.383220987422439),(0.,-1.,0.),(0.957017062976064,
0.,0.290031620987554),(0.,-1.,0.),(0.980740520043805,0.,0.195315212782328),
(0.,-1.,0.),(0.995077311698201,0.,0.0991016838579496),(0.,-1.,0.),(1.,0.,
0.),(0.,-1.,0.),(0.882175702276116,0.,0.470920407620695),(0.,-1.,0.),(0.923654785974499,
0.,0.383225568492504),(0.,-1.,0.),(0.957014160405217,0.,0.290041198425151),
(0.,-1.,0.),(0.999675054507058,0.,0.0254908884959025),(1.,0.,0.),(0.,-1.,
0.),(0.,-0.500000187397624,0.866025295590343),(0.,-0.500000187397624,0.866025295590343),
(1.,0.,0.),(0.,0.500000187397624,0.866025295590343),(1.,0.,0.),(0.,0.500000187397624,
0.866025295590343),(0.,-0.500000187397624,0.866025295590343),(0.,-0.500000187397624,
0.866025295590343),(1.,0.,0.),(0.,0.500000187397624,0.866025295590343),
(1.,0.,0.),(0.,0.500000187397624,0.866025295590343),(0.,-0.500000187397624,
0.866025295590343),(0.,-0.500000187397624,0.866025295590343),(1.,0.,0.),
(0.,0.500000187397624,0.866025295590343),(0.995077311698203,0.,-0.0991016838579299),
(0.,-1.,0.),(0.194982038784654,0.,-0.980806813063296),(0.,1.,0.),(0.,1.,
0.),(-0.980740520043805,0.,0.195315212782328),(0.,1.,0.),(-0.995220269766028,
0.,0.0976555919895751),(0.,1.,0.),(-1.,0.,0.),(0.,1.,0.),(-0.957014160405217,
0.,0.290041198425151),(0.,1.,0.),(-0.980741724785496,0.,0.195309163289311),
(0.,1.,0.),(-0.995221175248134,0.,0.0976463636687128),(0.,1.,0.),(-1.,0.,
0.),(0.,1.,0.),(-0.995220269766028,0.,0.0976555919895751),(0.,1.,0.),(-1.,
0.,0.),(0.194982038784654,0.,-0.980806813063296),(0.,-1.,0.),(0.290024329423673,
0.,-0.957019272712075),(0.,1.,0.),(0.,1.,0.),(0.194982038784654,0.,0.980806813063296),
(0.,-1.,0.),(-0.957017062976064,0.,0.290031620987554),(0.,-1.,0.),(-0.980740520043805,
0.,0.195315212782328),(0.,-1.,0.),(-0.995220269766028,0.,0.0976555919895751),
(0.,-1.,0.),(-1.,0.,0.),(0.,-1.,0.),(-0.923654785974499,0.,0.383225568492504),
(0.,-1.,0.),(-0.957014160405217,0.,0.290041198425151),(0.,-1.,0.),(-0.980741724785496,
0.,0.195309163289311),(0.,-1.,0.),(-0.995221175248134,0.,0.0976463636687128),
(0.,-1.,0.),(-1.,0.,0.),(0.,-1.,0.),(-0.995220269766028,0.,0.0976555919895751),
(0.,-1.,0.),(-1.,0.,0.),(0.290024329423673,0.,-0.957019272712075),(0.,-1.,
0.),(0.382475424629156,0.,-0.923965664705538),(0.,1.,0.),(0.,1.,0.),(0.290024329423673,
0.,0.957019272712075),(0.,-1.,0.),(0.194982038784654,0.,0.980806813063296),
(0.382475424629156,0.,-0.923965664705538),(0.,-1.,0.),(0.471687153826727,
0.,-0.881765971737877),(0.,1.,0.),(0.,1.,0.),(0.382475424629156,0.,0.923965664705538),
(0.,-1.,0.),(0.290024329423673,0.,0.957019272712075),(0.471687153826727,
0.,-0.881765971737877),(0.,-1.,0.),(0.555551470946612,0.,-0.831482148412734),
(0.,1.,0.),(0.,1.,0.),(0.471687153826727,0.,0.881765971737877),(0.,-1.,
0.),(0.382475424629156,0.,0.923965664705538),(0.555551470946612,0.,-0.831482148412734),
(0.,-1.,0.),(0.634581567400899,0.,-0.772855894921568),(0.,1.,0.),(0.,1.,
0.),(0.555551470946612,0.,0.831482148412734),(0.,-1.,0.),(0.471687153826727,
0.,0.881765971737877),(0.634581567400899,0.,-0.772855894921568),(0.,-1.,
0.),(0.,-1.,0.),(0.555551470946612,0.,0.831482148412734),(0.707323822261437,
0.,-0.706889673472086),(0.,1.,0.),(0.,1.,0.),(0.634581567400899,0.,0.772855894921568),
(0.707323822261437,0.,-0.706889673472086),(0.,-1.,0.),(0.772652508445458,
0.,-0.634829190564628),(0.,1.,0.),(0.,1.,0.),(0.707323822261437,0.,0.706889673472086),
(0.,-1.,0.),(0.634581567400899,0.,0.772855894921568),(0.772652508445458,
0.,-0.634829190564628),(0.,-1.,0.),(0.83126656512312,0.,-0.555873994452349),
(0.,1.,0.),(0.,1.,0.),(0.772652508445458,0.,0.634829190564628),(0.,-1.,
0.),(0.707323822261437,0.,0.706889673472086),(0.83126656512312,0.,-0.555873994452349),
(0.,-1.,0.),(0.,-1.,0.),(0.772652508445458,0.,0.634829190564628),(0.881743745286819,
0.,-0.471728701318431),(0.,1.,0.),(0.,1.,0.),(0.83126656512312,0.,0.555873994452349),
(0.881743745286819,0.,-0.471728701318431),(0.,-1.,0.),(0.923926596592602,
0.,-0.382569789853841),(0.,1.,0.),(0.,1.,0.),(0.881743745286819,0.,0.471728701318431),
(0.,-1.,0.),(0.83126656512312,0.,0.555873994452349),(0.923926596592602,
0.,-0.382569789853841),(0.,-1.,0.),(0.,-1.,0.),(0.881743745286819,0.,0.471728701318431),
(0.957155571881441,0.,-0.289574189485721),(0.,1.,0.),(0.,1.,0.),(0.923926596592602,
0.,0.382569789853841),(0.957155571881441,0.,-0.289574189485721),(0.,-1.,
0.),(0.980773664109706,0.,-0.195148711983505),(0.,1.,0.),(0.,1.,0.),(0.957155571881441,
0.,0.289574189485721),(0.,-1.,0.),(0.923926596592602,0.,0.382569789853841),
(0.980773664109706,0.,-0.195148711983505),(0.,-1.,0.),(0.,-1.,0.),(0.957155571881441,
0.,0.289574189485721),(0.995167498429972,0.,-0.0981919042927289),(0.,1.,
0.),(0.,1.,0.),(0.980773664109706,0.,0.195148711983505),(0.995167498429972,
0.,-0.0981919042927289),(0.,-1.,0.),(0.999707048054855,0.,-0.0242036788412031),
(0.,1.,0.),(0.,1.,0.),(0.995167498429972,0.,0.0981919042927289),(0.,-1.,
0.),(0.980773664109706,0.,0.195148711983505),(-0.995220269766028,0.,-0.0976555919895751),
(0.,1.,0.),(0.999707048054855,0.,-0.0242036788412031),(0.,-1.,0.),(0.999707048054855,
0.,0.0242036788412031),(0.,1.,0.),(0.,-1.,0.),(0.995167498429972,0.,0.0981919042927289),
(0.,-1.,0.),(-0.995220269766028,0.,-0.0976555919895751),(0.999707048054855,
0.,0.0242036788412031),(0.,-1.,0.),(0.,-1.,0.),(0.98074045448511,0.,-0.19531554197334),
(0.957017237428284,0.,-0.290031045347107),(0.,-1.,0.),(0.,-1.,0.),(0.92365681818013,
0.,-0.383220670409828),(0.92365681818013,0.,-0.383220670409828),(0.,1.,
0.),(0.,1.,0.),(0.882175702276116,0.,0.470920407620695),(0.831620985571719,
0.,0.555343620073845),(0.,1.,0.),(0.831620985571719,0.,0.555343620073845),
(0.,-1.,0.),(0.,-1.,0.),(0.882172080785844,0.,-0.470927191699497),(0.,-1.,
0.),(0.831626167079415,0.,-0.55533586074447),(-0.923654785974499,0.,0.383225568492504),
(0.,1.,0.),(0.,1.,0.),(-0.923656818180021,0.,-0.383220670410091),(0.,1.,
0.),(-0.957017237428284,0.,-0.290031045347107),(0.,1.,0.),(-0.98074045448511,
0.,-0.19531554197334),(0.,-1.,0.),(-0.8821712083897,0.,0.47092882592623),
(0.,-1.,0.),(-0.923656818180021,0.,-0.383220670410091),(0.,-1.,0.),(-0.957017237428284,
0.,-0.290031045347107),(0.,-1.,0.),(-0.98074045448511,0.,-0.19531554197334),
(0.923654785974499,0.,0.383225568492504),(0.,1.,0.),(0.,1.,0.),(0.957014160405217,
0.,0.290041198425151),(0.,-1.,0.),(0.980741724785496,0.,0.195309163289311),
(0.,1.,0.),(0.882172080785844,0.,-0.470927191699497),(0.,1.,0.),(0.831626167079415,
0.,-0.55533586074447),(0.,1.,0.),(0.772497634712087,0.,-0.635017640986635),
(0.,1.,0.),(0.772480218436091,0.,0.635038827257774),(0.772497634712087,
0.,-0.635017640986635),(0.,-1.,0.),(0.,1.,0.),(0.707147056335563,0.,-0.707066503743423),
(0.707147056335563,0.,-0.707066503743423),(0.,-1.,0.),(0.,1.,0.),(0.70719364042404,
0.,0.707019911278171),(0.772480218436091,0.,0.635038827257774),(0.,-1.,
0.),(0.,1.,0.),(0.634690098659496,0.,0.772766768607191),(0.,1.,0.),(0.634631471644237,
0.,-0.772814916521847),(0.634631471644237,0.,-0.772814916521847),(0.,-1.,
0.),(0.,1.,0.),(0.555254332556209,0.,-0.831680603463589),(0.,1.,0.),(0.555232822219696,
0.,0.831694963992179),(0.634690098659496,0.,0.772766768607191),(0.,-1.,
0.),(0.,-1.,0.),(0.70719364042404,0.,0.707019911278171),(0.555254332556209,
0.,-0.831680603463589),(0.,-1.,0.),(0.,1.,0.),(0.471487488749727,0.,-0.881872750430852),
(0.471487488749727,0.,-0.881872750430852),(0.,-1.,0.),(0.,1.,0.),(0.47141950513783,
0.,0.881909094054259),(0.555232822219696,0.,0.831694963992179),(0.,-1.,
0.),(0.,-1.,0.),(0.382734883864716,0.,-0.923858218923803),(0.,1.,0.),(0.382698757095308,
0.,0.923873184651285),(0.,1.,0.),(0.382734883864716,0.,-0.923858218923803),
(0.,-1.,0.),(0.47141950513783,0.,0.881909094054259),(0.,1.,0.),(0.289966467519487,
0.,-0.957036805830513),(0.,1.,0.),(0.290059892854629,0.,0.957008494506272),
(0.382698757095308,0.,0.923873184651285),(0.,-1.,0.),(0.,-1.,0.),(0.289966467519487,
0.,-0.957036805830513),(0.,1.,0.),(0.195234932358608,0.,-0.980756504534601),
(0.195234932358608,0.,-0.980756504534601),(0.,-1.,0.),(0.,1.,0.),(0.195318850135886,
0.,0.980739795655094),(0.290059892854629,0.,0.957008494506272),(0.,-1.,
0.),(0.,1.,0.),(0.0982528999139741,0.,-0.995161478182558),(0.0982528999139741,
0.,-0.995161478182558),(0.,-1.,0.),(0.,1.,0.),(0.0981807857687656,0.,0.995168595417795),
(0.195318850135886,0.,0.980739795655094),(0.,-1.,0.),(0.,1.,0.),(0.0246131010259251,
0.,-0.99969705174012),(0.0246131010259251,0.,-0.99969705174012),(0.,-1.,
0.),(0.,1.,0.),(0.0245403144612872,0.,0.99969884113474),(0.0981807857687656,
0.,0.995168595417795),(0.,-1.,0.),(0.,1.,0.),(-0.0245417203314616,0.,-0.999698806622861),
(-0.0245417203314616,0.,-0.999698806622861),(0.,-1.,0.),(0.,1.,0.),(-0.0244691440945252,
0.,0.99970058566917),(0.0245403144612872,0.,0.99969884113474),(0.,-1.,0.),
(0.,-1.,0.),(-0.0981818428820079,0.,-0.995168491125142),(-0.0981818428820079,
0.,-0.995168491125142),(0.,1.,0.),(0.,-1.,0.),(-0.0244691440945252,0.,0.99970058566917),
(0.,1.,0.),(-0.882167586758844,0.,-0.470935610112547),(0.,1.,0.),(-0.8821712083897,
0.,0.47092882592623),(0.,1.,0.),(-0.831620633390047,0.,0.555344147461677),
(0.,1.,0.),(-0.83162581471081,0.,-0.555336388422892),(-0.882167586758844,
0.,-0.470935610112547),(0.,-1.,0.),(0.,-1.,0.),(-0.831620633390047,0.,0.555344147461677),
(0.,1.,0.),(-0.772485875660761,0.,0.635031945578037),(0.,1.,0.),(-0.772503291630931,
0.,-0.635010759294185),(-0.83162581471081,0.,-0.555336388422892),(0.,-1.,
0.),(0.,-1.,0.),(-0.772485875660761,0.,0.635031945578037),(0.,1.,0.),(-0.707193640423896,
0.,0.707019911278316),(0.,1.,0.),(-0.707147056335563,0.,-0.707066503743423),
(-0.772503291630931,0.,-0.635010759294185),(0.,-1.,0.),(0.,-1.,0.),(-0.707193640423896,
0.,0.707019911278316),(0.,1.,0.),(-0.634690098659496,0.,0.772766768607191),
(0.,1.,0.),(-0.634631471644237,0.,-0.772814916521847),(-0.707147056335563,
0.,-0.707066503743423),(0.,-1.,0.),(0.,-1.,0.),(-0.634690098659496,0.,0.772766768607191),
(0.,1.,0.),(-0.555232822219696,0.,0.831694963992179),(-0.634631471644237,
0.,-0.772814916521847),(0.,-1.,0.),(-0.555254332556359,0.,-0.831680603463488),
(0.,1.,0.),(-0.555232822219696,0.,0.831694963992179),(0.,-1.,0.),(0.,-1.,
0.),(-0.555254332556359,0.,-0.831680603463488),(0.,1.,0.),(-0.098109937731487,
0.,0.995175582557331),(0.,1.,0.),(-0.195234932358608,0.,-0.980756504534601),
(-0.195234932358608,0.,-0.980756504534601),(0.,-1.,0.),(0.,1.,0.),(-0.195318850135886,
0.,0.980739795655094),(-0.098109937731487,0.,0.995175582557331),(0.,-1.,
0.),(0.,1.,0.),(-0.289970036192197,0.,-0.957035724573903),(-0.289970036192197,
0.,-0.957035724573903),(0.,-1.,0.),(0.,1.,0.),(-0.290063461637991,0.,0.957007412835755),
(0.,1.,0.),(-0.382733929542354,0.,-0.923858614278759),(0.,1.,0.),(-0.382697803707886,
0.,0.923873579575236),(-0.382733929542354,0.,-0.923858614278759),(0.,-1.,
0.),(0.,-1.,0.),(-0.195318850135886,0.,0.980739795655094),(0.,1.,0.),(-0.471483289395122,
0.,-0.881874995575425),(-0.471483289395122,0.,-0.881874995575425),(0.,-1.,
0.),(0.,1.,0.),(-0.471415306318141,0.,0.881911338496662),(-0.382697803707886,
0.,0.923873579575236),(0.,-1.,0.),(0.,-1.,0.),(-0.290063461637991,0.,0.957007412835755),
(-0.471415306318141,0.,0.881911338496662),(0.,-1.,0.),(-0.995221175248134,
0.,-0.0976463636687128),(0.,1.,0.),(0.,1.,0.),(-0.995220269766028,0.,-0.0976555919895751),
(0.,1.,0.),(-0.957017062976061,0.,-0.290031620987562),(0.,1.,0.),(-0.980740520043748,
0.,-0.195315212782617),(0.,-1.,0.),(-0.995221175248134,0.,-0.0976463636687128),
(0.,-1.,0.),(-0.957017062976061,0.,-0.290031620987562),(0.,-1.,0.),(-0.995220269766028,
0.,-0.0976555919895751),(0.,-1.,0.),(-0.980740520043748,0.,-0.195315212782617),
(0.,1.,0.),(0.195236310279973,0.,-0.980756230236781),(0.,1.,0.),(0.980741724785496,
0.,0.195309163289311),(0.,1.,0.),(0.995078214041445,0.,0.0990926230356586),
(0.,1.,0.),(1.,0.,0.),(0.,1.,0.),(0.995078214041443,0.,-0.0990926230356786),
(0.,1.,0.),(0.980741724785438,0.,-0.195309163289599),(0.,1.,0.),(0.957014160405217,
0.,-0.290041198425151),(0.,1.,0.),(0.923654785974608,0.,-0.383225568492241),
(0.,1.,0.),(0.92365681818013,0.,0.383220670409828),(0.,1.,0.),(0.957017237428284,
0.,0.290031045347107),(0.,1.,0.),(0.980740454485053,0.,0.195315541973629),
(0.,1.,0.),(0.995077311698201,0.,0.0991016838579496),(0.,1.,0.),(1.,0.,
0.),(0.,1.,0.),(0.995077311698203,0.,-0.0991016838579299),(0.,1.,0.),(0.980740520043748,
0.,-0.195315212782617),(0.,1.,0.),(0.957017062976061,0.,-0.290031620987562),
(0.,1.,0.),(0.923656686652984,0.,-0.383220987422703),(0.,1.,0.),(0.88217236048596,
0.,-0.470926667746296),(0.,1.,0.),(0.831626167079415,0.,-0.55533586074447),
(0.,1.,0.),(0.772497042599918,0.,-0.635018361289168),(0.,1.,0.),(0.707147124682591,
0.,-0.707066435388602),(0.,1.,0.),(0.634633128600545,0.,-0.772813555835224),
(0.,1.,0.),(0.55525427018494,0.,-0.831680645104471),(0.,1.,0.),(0.471487547105601,
0.,-0.881872719231264),(0.,1.,0.),(0.382734838475749,0.,-0.923858237727489),
(0.,1.,0.),(0.289963928804467,0.,-0.957037575015881),(-1.,0.,0.),(0.,-1.,
0.),(0.,0.,-1.),(0.,-1.,0.),(-0.0245403379377846,0.,-0.999698840558445),
(0.,-1.,0.),(0.995290430689934,0.,0.0969379109381124),(0.,-1.,0.),(0.995078214041445,
0.,0.0990926230356586),(0.,-1.,0.),(1.,0.,0.),(0.,-1.,0.),(0.995078214041443,
0.,-0.0990926230356786),(0.,-1.,0.),(0.980741724785438,0.,-0.195309163289599),
(0.,-1.,0.),(0.957014160405217,0.,-0.290041198425151),(0.,-1.,0.),(0.923654785974608,
0.,-0.383225568492241),(0.,-1.,0.),(0.882175702276116,0.,-0.470920407620695),
(0.,-1.,0.),(1.,0.,0.),(0.,-1.,0.),(0.995077311698203,0.,-0.0991016838579299),
(0.,-1.,0.),(0.980740520043748,0.,-0.195315212782617),(0.,-1.,0.),(0.957017062976061,
0.,-0.290031620987562),(0.,-1.,0.),(0.923656686652984,0.,-0.383220987422703),
(0.,-1.,0.),(0.88217236048596,0.,-0.470926667746296),(0.,-1.,0.),(0.831626167079415,
0.,-0.55533586074447),(0.,-1.,0.),(0.772497042599918,0.,-0.635018361289168),
(0.,-1.,0.),(0.707147124682591,0.,-0.707066435388602),(0.,-1.,0.),(0.634633128600545,
0.,-0.772813555835224),(0.,-1.,0.),(0.55525427018494,0.,-0.831680645104471),
(0.,-1.,0.),(0.471487547105601,0.,-0.881872719231264),(0.,-1.,0.),(0.382734838475749,
0.,-0.923858237727489),(0.,-1.,0.),(0.289963928804467,0.,-0.957037575015881),
(0.,-1.,0.),(0.195236310279973,0.,-0.980756230236781),(0.,-1.,0.),(0.0982542588708101,
0.,-0.995161344010984),(0.,-1.,0.),(0.024611714626101,0.,-0.999697085873098),
(1.,0.,0.),(0.,-0.500000187397625,-0.866025295590342),(0.,-1.,0.),(1.,0.,
0.),(0.,0.500000187397625,-0.866025295590342),(0.,-0.500000187397625,-0.866025295590342),
(1.,0.,0.),(0.,-1.,0.),(0.,-0.500000187397624,0.866025295590343),(1.,0.,
0.),(0.,-0.500000187397625,-0.866025295590342),(0.,-1.,0.),(1.,0.,0.),(0.,
0.500000187397625,-0.866025295590342),(0.,-0.500000187397625,-0.866025295590342),
(1.,0.,0.),(0.,0.500000187397625,-0.866025295590342),(0.,-0.500000187397625,
-0.866025295590342),(-0.980740454485053,0.,0.195315541973629),(0.,-1.,0.),
(0.,1.,0.),(-0.980740454485053,0.,0.195315541973629),(0.,-1.,0.),(0.555470332680839,
0.,0.831536354894624),(0.,-1.,0.),(0.47141157314676,0.,0.881913334009242),
(0.,-1.,0.),(0.634501089096321,0.,0.772921967559198),(0.,-1.,0.),(0.382873578987075,
0.,0.923800748275096),(0.,-1.,0.),(0.194799866603079,0.,0.980843010869437),
(0.,-1.,0.),(0.290555741839145,0.,0.956858067261965),(0.,-1.,0.),(-0.882167866463961,
0.,-0.470935086162014),(0.,-1.,0.),(-0.923656686652984,0.,-0.383220987422703),
(0.,-1.,0.),(-0.83162581471081,0.,-0.555336388422892),(0.,-1.,0.),(-0.772502699525179,
0.,-0.635011479601992),(0.,-1.,0.),(-0.707147124682591,0.,-0.707066435388602),
(0.,-1.,0.),(-0.0981832058388331,0.,-0.995168356656907),(0.,-1.,0.),(0.981034854399518,
0.,0.193831407293337),(0.,-1.,0.),(0.956806513388293,0.,0.290725464893839),
(0.,-1.,0.),(0.923906543166494,0.,0.382618216364744),(0.,-1.,0.),(0.881690336504607,
0.,0.471828518123261),(0.,-1.,0.),(0.83126683950743,0.,0.555873584131616),
(0.,-1.,0.),(0.772695976743808,0.,0.634776281475554),(0.,-1.,0.),(0.707325431323529,
0.,0.706888063418094),(0.,-1.,0.),(-0.634633128600545,0.,-0.772813555835224),
(0.,-1.,0.),(-0.55525427018494,0.,-0.831680645104471),(0.,-1.,0.),(-0.38273388411331,
0.,-0.923858633098993),(0.,-1.,0.),(-0.471483347733881,0.,-0.881874964385344),
(0.,-1.,0.),(-0.289967497457283,0.,-0.957036493775635),(0.,-1.,0.),(-0.195236310279973,
0.,-0.980756230236781),(0.,1.,0.),(-0.980741724785438,0.,-0.195309163289599),
(0.,1.,0.),(-0.957014160405217,0.,-0.290041198425151),(-0.980741724785438,
0.,-0.195309163289599),(0.,-1.,0.),(0.,-1.,0.),(-0.957017237428284,0.,0.290031045347107),
(-0.957017237428284,0.,0.290031045347107),(0.,1.,0.),(0.,-1.,0.),(-0.92365681818013,
0.,0.383220670409828),(0.,-1.,0.),(-0.957014160405217,0.,-0.290041198425151),
(0.,-1.,0.),(-0.923654785974608,0.,-0.383225568492241),(0.,-1.,0.),(-0.882167586758844,
0.,0.470935610112547),(-0.92365681818013,0.,0.383220670409828),(0.,1.,0.),
(0.,1.,0.),(-0.923654785974608,0.,-0.383225568492241),(0.882175702276116,
0.,-0.470920407620695),(0.,1.,0.),(0.831620985571719,0.,-0.555343620073845),
(0.,-1.,0.),(0.,-1.,0.),(0.882172080785844,0.,0.470927191699497),(0.,-1.,
0.),(0.92365681818013,0.,0.383220670409828),(0.,-1.,0.),(0.957017237428284,
0.,0.290031045347107),(0.,-1.,0.),(0.980740454485053,0.,0.195315541973629),
(0.,-1.,0.),(0.995077311698201,0.,0.0991016838579496),(0.,1.,0.),(0.882172080785844,
0.,0.470927191699497),(0.,1.,0.),(0.831620985571719,0.,-0.555343620073845),
(0.,1.,0.),(0.831626167079395,0.,0.555335860744499),(0.,1.,0.),(0.772497634712087,
0.,0.635017640986635),(0.,1.,0.),(0.772480218436091,0.,-0.635038827257774),
(0.772480218436091,0.,-0.635038827257774),(0.,-1.,0.),(0.,1.,0.),(0.707193640423896,
0.,-0.707019911278316),(0.,1.,0.),(0.707147056335563,0.,0.707066503743423),
(0.831626167079395,0.,0.555335860744499),(0.,-1.,0.),(0.,-1.,0.),(0.772497634712087,
0.,0.635017640986635),(0.707193640423896,0.,-0.707019911278316),(0.,-1.,
0.),(0.,1.,0.),(0.634631471644237,0.,0.772814916521847),(0.,1.,0.),(0.634690098659496,
0.,-0.772766768607191),(0.634690098659496,0.,-0.772766768607191),(0.,-1.,
0.),(0.,1.,0.),(0.555232822219696,0.,-0.831694963992179),(0.707147056335563,
0.,0.707066503743423),(0.,-1.,0.),(0.,-1.,0.),(0.634631471644237,0.,0.772814916521847),
(0.,1.,0.),(0.555254332556359,0.,0.831680603463488),(0.555232822219696,
0.,-0.831694963992179),(0.,-1.,0.),(0.,1.,0.),(0.471487488749727,0.,0.881872750430852),
(0.,1.,0.),(0.47141950513783,0.,-0.881909094054259),(0.47141950513783,0.,
-0.881909094054259),(0.,-1.,0.),(0.,1.,0.),(0.382698757095308,0.,-0.923873184651285),
(0.555254332556359,0.,0.831680603463488),(0.,-1.,0.),(0.,-1.,0.),(0.471487488749727,
0.,0.881872750430852),(0.,1.,0.),(0.382734883864716,0.,0.923858218923803),
(0.382698757095308,0.,-0.923873184651285),(0.,-1.,0.),(0.,1.,0.),(0.290059892854629,
0.,-0.957008494506272),(0.290059892854629,0.,-0.957008494506272),(0.,-1.,
0.),(0.,1.,0.),(0.289966467519487,0.,0.957036805830513),(0.382734883864716,
0.,0.923858218923803),(0.,-1.,0.),(0.,1.,0.),(0.195234932358615,0.,0.9807565045346),
(0.,1.,0.),(0.195318850135879,0.,-0.980739795655095),(0.195318850135879,
0.,-0.980739795655095),(0.,-1.,0.),(0.,1.,0.),(0.0981807857687656,0.,-0.995168595417795),
(0.,1.,0.),(0.0982528999139761,0.,0.995161478182558),(0.195234932358615,
0.,0.9807565045346),(0.,-1.,0.),(0.,-1.,0.),(0.289966467519487,0.,0.957036805830513),
(0.0981807857687656,0.,-0.995168595417795),(0.,-1.,0.),(0.,1.,0.),(0.0245403144612872,
0.,-0.99969884113474),(0.0245403144612872,0.,-0.99969884113474),(0.,-1.,
0.),(0.,1.,0.),(0.0246131010259251,0.,0.99969705174012),(0.0982528999139761,
0.,0.995161478182558),(0.,-1.,0.),(0.,1.,0.),(-0.0244691440945252,0.,-0.99970058566917),
(-0.0244691440945252,0.,-0.99970058566917),(0.,-1.,0.),(0.,1.,0.),(-0.0245417203314625,
0.,0.999698806622861),(0.0246131010259251,0.,0.99969705174012),(0.,-1.,
0.),(0.,-1.,0.),(-0.098109937731487,0.,-0.995175582557331),(-0.098109937731487,
0.,-0.995175582557331),(0.,1.,0.),(0.,-1.,0.),(-0.0245417203314625,0.,0.999698806622861),
(0.,1.,0.),(-0.8821712083897,0.,-0.47092882592623),(0.,1.,0.),(-0.882167586758844,
0.,0.470935610112547),(0.,1.,0.),(-0.831620633390047,0.,-0.555344147461677),
(-0.8821712083897,0.,-0.47092882592623),(0.,-1.,0.),(0.,1.,0.),(-0.83162581471081,
0.,0.555336388422892),(-0.83162581471081,0.,0.555336388422892),(0.,-1.,
0.),(0.,1.,0.),(-0.772485875660761,0.,-0.635031945578037),(-0.831620633390047,
0.,-0.555344147461677),(0.,-1.,0.),(0.,1.,0.),(-0.772503291630931,0.,0.635010759294185),
(0.,1.,0.),(-0.707193640423896,0.,-0.707019911278316),(-0.772485875660761,
0.,-0.635031945578037),(0.,-1.,0.),(0.,-1.,0.),(-0.772503291630931,0.,0.635010759294185),
(0.,1.,0.),(-0.707147056335563,0.,0.707066503743423),(0.,1.,0.),(-0.634690098659496,
0.,-0.772766768607191),(-0.707193640423896,0.,-0.707019911278316),(0.,-1.,
0.),(0.,-1.,0.),(-0.707147056335563,0.,0.707066503743423),(0.,1.,0.),(-0.634631471644237,
0.,0.772814916521847),(-0.634690098659496,0.,-0.772766768607191),(0.,-1.,
0.),(-0.555232822219546,0.,-0.831694963992279),(0.,1.,0.),(-0.634631471644237,
0.,0.772814916521847),(0.,-1.,0.),(0.,-1.,0.),(-0.555254332556359,0.,0.831680603463488),
(0.,-1.,0.),(-0.555232822219546,0.,-0.831694963992279),(0.,-1.,0.),(-0.471483289395122,
0.,0.881874995575425),(-0.555254332556359,0.,0.831680603463488),(0.,1.,
0.),(0.,1.,0.),(-0.471415306318141,0.,-0.881911338496662),(-0.471415306318141,
0.,-0.881911338496662),(0.,-1.,0.),(0.,1.,0.),(-0.0981818428820079,0.,0.995168491125142),
(0.,1.,0.),(-0.195234932358615,0.,0.9807565045346),(0.,1.,0.),(-0.195318850135879,
0.,-0.980739795655095),(-0.195318850135879,0.,-0.980739795655095),(0.,-1.,
0.),(0.,1.,0.),(-0.290063461637991,0.,-0.957007412835755),(-0.290063461637991,
0.,-0.957007412835755),(0.,-1.,0.),(0.,1.,0.),(-0.289970036192197,0.,0.957035724573903),
(-0.195234932358615,0.,0.9807565045346),(0.,-1.,0.),(0.,-1.,0.),(-0.0981818428820079,
0.,0.995168491125142),(0.,1.,0.),(-0.382697803707886,0.,-0.923873579575236),
(-0.382697803707886,0.,-0.923873579575236),(0.,-1.,0.),(0.,1.,0.),(-0.382733929542354,
0.,0.923858614278759),(-0.289970036192197,0.,0.957035724573903),(0.,-1.,
0.),(0.,1.,0.),(-0.471483289395122,0.,0.881874995575425),(-0.382733929542354,
0.,0.923858614278759),(0.,-1.,0.),(-1.,0.,0.),(0.,-0.500000187397624,0.866025295590343),
(0.,-1.,0.),(0.,-0.500000187397624,0.866025295590343),(0.,0.500000187397624,
0.866025295590343),(1.,0.,0.),(-1.,0.,0.),(0.,-0.500000187397624,0.866025295590343),
(0.,-1.,0.),(-1.,0.,0.),(0.,1.,0.),(0.,0.500000187397624,0.866025295590343),
(0.,1.,0.),(0.,0.500000187397624,0.866025295590343),(1.,0.,0.),(0.,-0.500000187397624,
0.866025295590343),(0.,0.500000187397624,0.866025295590343),(1.,0.,0.),
(-1.,0.,0.),(0.,1.,0.),(0.,0.500000187397624,0.866025295590343),(0.,1.,
0.),(0.,0.500000187397624,0.866025295590343),(1.,0.,0.),(0.,-1.,0.),(0.,
-0.500000187397624,0.866025295590343),(1.,0.,0.),(0.,-0.500000187397625,
-0.866025295590342),(0.,-1.,0.),(1.,0.,0.),(-1.,0.,0.),(0.,-1.,0.),(0.,
-0.500000187397625,-0.866025295590342),(0.,-1.,0.),(0.,-0.500000187397624,
0.866025295590343),(1.,0.,0.),(-1.,0.,0.),(0.,0.500000187397625,-0.866025295590342),
(0.,1.,0.),(0.,0.500000187397625,-0.866025295590342),(0.,1.,0.),(1.,0.,
0.),(0.,-1.,0.),(-0.866025295590343,-0.500000187397624,0.),(0.,0.,1.),(0.,
0.,-1.),(0.866025295590343,-0.500000187397624,0.),(0.866025295590343,0.500000187397625,
0.),(0.,0.,-1.),(0.,-1.,0.),(0.866025295590343,-0.500000187397624,0.),(0.,
0.,-1.),(-0.866025295590343,0.500000187397624,0.),(-0.866025295590343,-0.500000187397624,
0.),(-0.866025295590343,-0.500000187397624,0.),(0.,0.,-1.),(0.,-1.,0.),
(-0.866025295590343,-0.500000187397624,0.),(-0.866025295590343,0.500000187397624,
0.),(0.,0.,1.),(0.866025295590343,-0.500000187397624,0.),(0.,-1.,0.),(0.,
0.,1.),(0.,0.,-1.),(0.866025295590343,0.500000187397625,0.),(0.,1.,0.),
(0.866025295590343,0.500000187397625,0.),(0.866025295590343,-0.500000187397624,
0.),(0.,0.,1.),(0.,-1.,0.),(-0.866025295590343,-0.500000187397624,0.),(0.,
0.,1.),(0.866025295590343,-0.500000187397624,0.),(0.,-1.,0.),(0.,0.,1.),
(0.,0.,-1.),(-0.866025295590343,0.500000187397624,0.),(-0.866025295590343,
-0.500000187397624,0.),(-0.866025295590343,0.500000187397624,0.),(-0.866025295590343,
-0.500000187397624,0.),(0.,0.,1.),(0.,0.,-1.),(0.,-1.,0.),(0.866025295590343,
-0.500000187397624,0.),(0.,-1.,0.),(0.866025295590343,-0.500000187397624,
0.),(0.,0.,1.),(0.,0.,-1.),(0.866025295590343,0.500000187397625,0.),(0.,
1.,0.),(0.866025295590343,0.500000187397625,0.),(0.866025295590343,-0.500000187397624,
0.),(0.,0.,1.),(0.,0.,-1.),(0.,1.,0.),(-0.866025295590343,0.500000187397624,
0.),(0.,1.,0.),(0.866025295590343,0.500000187397625,0.),(0.,0.,1.),(0.,
0.,-1.),(-0.866025295590343,-0.500000187397624,0.),(0.,-1.,0.),(0.,0.,-1.),
(0.866025295590343,-0.500000187397624,0.),(0.866025295590343,0.500000187397625,
0.),(-0.866025295590343,0.500000187397624,0.),(0.,1.,0.),(0.,0.,1.),(0.,
-1.,0.),(-0.866025295590343,-0.500000187397624,0.),(0.,0.,1.),(0.,0.,-1.),
(0.866025295590343,0.500000187397625,0.),(0.,1.,0.),(0.,0.,-1.),(-0.866025295590343,
0.500000187397624,0.),(-0.866025295590343,-0.500000187397624,0.),(-0.866025295590343,
0.500000187397624,0.),(-0.866025295590343,-0.500000187397624,0.),(0.,0.,
1.),(0.,-1.,0.),(-0.866025295590343,-0.500000187397624,0.),(0.,0.,1.),(0.866025295590343,
-0.500000187397624,0.),(0.,-1.,0.),(0.,0.,1.),(0.,0.,-1.),(0.866025295590343,
0.500000187397625,0.),(0.,1.,0.),(0.866025295590343,0.500000187397625,0.),
(0.866025295590343,-0.500000187397624,0.),(0.,0.,1.),(0.,0.,-1.),(0.,-1.,
0.),(0.866025295590343,-0.500000187397624,0.),(0.,0.,-1.),(-0.866025295590343,
0.500000187397624,0.),(-0.866025295590343,-0.500000187397624,0.),(-0.866025295590343,
0.500000187397624,0.),(-0.866025295590343,-0.500000187397624,0.),(0.,0.,
1.),(0.866025295590343,0.500000187397625,0.),(0.866025295590343,-0.500000187397624,
0.),(0.,0.,1.),(-1.,0.,0.),(0.,-0.500000187397624,0.866025295590343),(0.,
-1.,0.),(0.,-0.500000187397624,0.866025295590343),(0.,0.500000187397624,
0.866025295590343),(1.,0.,0.),(-1.,0.,0.),(0.,1.,0.),(0.,0.500000187397624,
0.866025295590343),(0.,1.,0.),(0.,0.500000187397624,0.866025295590343),
(1.,0.,0.),(-1.,0.,0.),(0.,-0.500000187397624,0.866025295590343),(0.,-1.,
0.),(0.,-0.500000187397624,0.866025295590343),(0.,0.500000187397624,0.866025295590343),
(1.,0.,0.),(-1.,0.,0.),(0.,1.,0.),(0.,0.500000187397624,0.866025295590343),
(0.,1.,0.),(0.,0.500000187397624,0.866025295590343),(1.,0.,0.),(0.,-0.500000187397624,
0.866025295590343),(0.,0.500000187397624,0.866025295590343),(1.,0.,0.),
(-1.,0.,0.),(0.,-0.500010924376867,0.866019096500643),(0.,-1.,0.),(-1.,
0.,0.),(0.,1.,0.),(0.,0.500000187397624,0.866025295590343),(-1.,0.,0.),
(0.,0.500010924376863,0.866019096500646),(0.,-0.500010924376867,0.866019096500643),
(0.,0.500000187397624,0.866025295590343),(0.,1.,0.),(1.,0.,0.),(-1.,0.,
0.),(0.,-1.,0.),(0.,-0.500000187397625,-0.866025295590342),(0.,-1.,0.),
(0.,-0.500000187397624,0.866025295590343),(1.,0.,0.),(-1.,0.,0.),(0.,0.500000187397625,
-0.866025295590342),(0.,1.,0.),(0.,0.500000187397625,-0.866025295590342),
(0.,1.,0.),(1.,0.,0.),(-1.,0.,0.),(0.,-1.,0.),(0.,-0.500000187397625,-0.866025295590342),
(0.,-1.,0.),(0.,-0.500000187397624,0.866025295590343),(1.,0.,0.),(-1.,0.,
0.),(0.,0.500000187397625,-0.866025295590342),(0.,1.,0.),(0.,0.500000187397625,
-0.866025295590342),(0.,1.,0.),(1.,0.,0.),(0.,0.,-1.),(0.866025295590343,
0.500000187397625,0.),(0.,1.,0.),(0.,0.,-1.),(0.,-1.,0.),(0.866025295590343,
-0.500000187397624,0.),(0.,-1.,0.),(0.866025295590343,-0.500000187397624,
0.),(0.,0.,1.),(0.866025295590343,0.500000187397625,0.),(0.866025295590343,
-0.500000187397624,0.),(0.,0.,1.),(0.,0.,-1.),(0.,-1.,0.),(0.866025295590343,
-0.500000187397624,0.),(0.,-1.,0.),(0.866025295590343,-0.500000187397624,
0.),(0.,0.,1.),(0.,0.,-1.),(0.866025295590343,0.500000187397625,0.),(0.,
1.,0.),(0.,0.,-1.),(0.866025295590343,-0.500000187397624,0.),(0.866025295590343,
0.500000187397625,0.),(0.866025295590343,-0.500000187397624,0.),(0.866025295590343,
0.500000187397625,0.),(0.,0.,1.),(0.,0.,-1.),(0.,1.,0.),(-0.866025295590343,
0.500000187397624,0.),(0.,1.,0.),(0.866025295590343,0.500000187397625,0.),
(0.,0.,1.),(0.,0.,-1.),(-0.866025295590343,-0.500000187397624,0.),(0.,-1.,
0.),(0.,0.,-1.),(0.866025295590343,-0.500000187397624,0.),(0.866025295590343,
0.500000187397625,0.),(-0.866025295590343,0.500000187397624,0.),(0.,1.,
0.),(0.,0.,1.),(0.,-1.,0.),(-0.866025295590343,-0.500000187397624,0.),(0.,
0.,1.),(0.,0.,-1.),(0.,-1.,0.),(0.866025295590343,-0.500000187397624,0.),
(0.,0.,-1.),(0.,1.,0.),(-0.866025295590343,0.500000187397624,0.),(0.,1.,
0.),(0.866025295590343,0.500000187397625,0.),(0.,0.,1.),(0.,0.,-1.),(-0.866025295590343,
-0.500000187397624,0.),(0.,-1.,0.),(-0.866025295590343,-0.500000187397624,
0.),(0.,-1.,0.),(0.,0.,1.),(0.866025295590343,-0.500000187397624,0.),(0.,
-1.,0.),(0.,0.,1.),(0.,0.,-1.),(0.866025295590343,-0.500000187397624,0.),
(0.866025295590343,0.500000187397625,0.),(-0.866025295590343,0.500000187397624,
0.),(0.,1.,0.),(0.,0.,1.),(0.,0.,-1.),(0.866025295590343,0.500000187397625,
0.),(0.,1.,0.),(0.,0.,-1.),(-0.866025295590343,0.500000187397624,0.),(-0.866025295590343,
-0.500000187397624,0.),(-0.866025295590343,0.500000187397624,0.),(-0.866025295590343,
-0.500000187397624,0.),(0.,0.,1.),(0.,0.,-1.),(0.866025295590343,0.500000187397625,
0.),(0.,1.,0.),(0.866025295590343,0.500000187397625,0.),(0.866025295590343,
-0.500000187397624,0.),(0.,0.,1.),(0.,0.,-1.),(-0.866025295590343,0.500000187397624,
0.),(-0.866025295590343,-0.500000187397624,0.),(-0.866025295590343,0.500000187397624,
0.),(-0.866025295590343,-0.500000187397624,0.),(0.,0.,1.),(0.,0.,-1.),(0.,
1.,0.),(-0.866025295590343,0.500000187397624,0.),(0.,1.,0.),(0.866025295590343,
0.500000187397625,0.),(0.,0.,1.),(0.,0.,-1.),(-0.866025295590343,-0.500000187397624,
0.),(0.,-1.,0.),(0.,0.,-1.),(0.866025295590343,-0.500000187397624,0.),(0.866025295590343,
0.500000187397625,0.),(-0.866025295590343,0.500000187397624,0.),(0.,1.,
0.),(0.,0.,1.),(0.,-1.,0.),(-0.866025295590343,-0.500000187397624,0.),(0.,
0.,1.),(0.,0.,-1.),(0.,-1.,0.),(0.866025295590343,-0.500000187397624,0.),
(0.,0.,-1.),(0.,1.,0.),(-0.866025295590343,0.500000187397624,0.),(0.,1.,
0.),(0.866025295590343,0.500000187397625,0.),(0.,0.,1.),(0.,0.,-1.),(-0.866025295590343,
-0.500000187397624,0.),(0.,-1.,0.),(0.,0.,-1.),(0.866025295590343,-0.500000187397624,
0.),(0.866025295590343,0.500000187397625,0.),(-0.866025295590343,0.500000187397624,
0.),(0.,1.,0.),(0.,0.,1.),(0.866025295590343,-0.500000187397624,0.),(0.,
-1.,0.),(0.,0.,1.),(0.,-1.,0.),(0.,0.,1.),(-0.866025295590343,-0.500000187397624,
0.),(0.,0.,-1.),(0.866025295590343,0.500000187397625,0.),(0.,1.,0.),(0.866025295590343,
0.500000187397625,0.),(0.866025295590343,-0.500000187397624,0.),(0.,0.,
1.),(0.,0.,-1.),(0.866025295590343,0.500000187397625,0.),(0.,1.,0.),(0.,
0.,-1.),(-0.866025295590343,0.500000187397624,0.),(-0.866025295590343,-0.500000187397624,
0.),(-0.866025295590343,0.500000187397624,0.),(-0.866025295590343,-0.500000187397624,
0.),(0.,0.,1.),(-1.,0.,0.),(0.,0.500000187397624,0.866025295590343),(0.,
-0.500000187397624,0.866025295590343),(-1.,0.,0.),(0.,-0.500000187397625,
-0.866025295590342),(0.,0.500000187397625,-0.866025295590342),(0.,-0.500000187397625,
-0.866025295590342),(0.,-1.,0.),(1.,0.,0.),(0.,0.500000187397625,-0.866025295590342),
(0.,-0.500000187397625,-0.866025295590342),(1.,0.,0.),(0.,-0.500000187397624,
0.866025295590343),(0.,0.500000187397624,0.866025295590343),(1.,0.,0.),
(-1.,0.,0.),(0.,1.,0.),(0.,0.500000187397624,0.866025295590343),(0.,1.,
0.),(0.,0.500000187397624,0.866025295590343),(1.,0.,0.),(0.,-1.,0.),(0.,
-0.500000187397624,0.866025295590343),(1.,0.,0.),(-1.,0.,0.),(0.,0.500000187397624,
0.866025295590343),(0.,-0.500000187397624,0.866025295590343),(-1.,0.,0.),
(0.,-0.500000187397625,-0.866025295590342),(0.,0.500000187397625,-0.866025295590342),
(0.,-0.500000187397625,-0.866025295590342),(0.,-1.,0.),(1.,0.,0.),(-1.,
0.,0.),(0.,-0.500000187397624,0.866025295590343),(0.,-1.,0.),(0.,0.500000187397625,
-0.866025295590342),(0.,-0.500000187397625,-0.866025295590342),(1.,0.,0.),
(-1.,0.,0.),(0.,0.500000187397624,0.866025295590343),(0.,-0.500000187397624,
0.866025295590343),(-1.,0.,0.),(0.,-0.500000187397625,-0.866025295590342),
(0.,0.500000187397625,-0.866025295590342),(0.,-0.500000187397625,-0.866025295590342),
(0.,-1.,0.),(1.,0.,0.),(-1.,0.,0.),(0.,-0.500000187397624,0.866025295590343),
(0.,-1.,0.),(0.,0.500000187397625,-0.866025295590342),(0.,-0.500000187397625,
-0.866025295590342),(1.,0.,0.),(0.,-0.500000187397624,0.866025295590343),
(0.,0.500000187397624,0.866025295590343),(1.,0.,0.),(-1.,0.,0.),(0.,1.,
0.),(0.,0.500000187397624,0.866025295590343),(0.,1.,0.),(0.,0.500000187397624,
0.866025295590343),(1.,0.,0.),(-1.,0.,0.),(0.,-1.,0.),(0.,-0.500000187397625,
-0.866025295590342),(0.,-1.,0.),(0.,-0.500000187397624,0.866025295590343),
(1.,0.,0.),(0.,-0.500000187397624,0.866025295590343),(1.,0.,0.),(0.,0.500000187397624,
0.866025295590343),(-1.,0.,0.),(0.,-1.,0.),(0.,-0.500000187397625,-0.866025295590342),
(0.,-1.,0.),(0.,-0.500000187397624,0.866025295590343),(1.,0.,0.),(-1.,0.,
0.),(0.,1.,0.),(0.,0.500000187397624,0.866025295590343),(0.,1.,0.),(0.,
0.500000187397624,0.866025295590343),(1.,0.,0.),(0.,-1.,0.),(-0.866025295590343,
-0.500000187397624,0.),(0.,0.,1.),(0.,0.,-1.),(0.,-1.,0.),(0.866025295590343,
-0.500000187397624,0.),(0.,0.,-1.),(-0.866025295590343,-0.500000187397624,
0.),(0.,-1.,0.),(0.,0.,-1.),(0.866025295590343,-0.500000187397624,0.),(0.866025295590343,
0.500000187397625,0.),(0.866025295590343,-0.500000187397624,0.),(0.,-1.,
0.),(0.,0.,1.),(0.,0.,-1.),(0.866025295590343,-0.500000187397624,0.),(0.866025295590343,
0.500000187397625,0.),(0.,0.,-1.),(0.,-1.,0.),(0.866025295590343,-0.500000187397624,
0.),(0.,0.,-1.),(-0.866025295590343,0.500000187397624,0.),(-0.866025295590343,
-0.500000187397624,0.),(-0.866025295590343,0.500000187397624,0.),(-0.866025295590343,
-0.500000187397624,0.),(0.,0.,1.),(0.,0.,-1.),(-0.866025295590343,-0.500000187397624,
0.),(0.,-1.,0.),(0.,-1.,0.),(0.866025295590343,-0.500000187397624,0.),(0.,
0.,1.),(0.,-1.,0.),(-0.866025295590343,-0.500000187397624,0.),(0.,0.,1.),
(0.,0.,-1.),(0.,1.,0.),(-0.866025295590343,0.500000187397624,0.),(0.,1.,
0.),(0.866025295590343,0.500000187397625,0.),(0.,0.,1.),(0.,0.,-1.),(-0.866025295590343,
-0.500000187397624,0.),(0.,-1.,0.),(-0.866025295590343,-0.500000187397624,
0.),(0.,-1.,0.),(0.,0.,1.),(0.866025295590343,-0.500000187397624,0.),(0.,
-1.,0.),(0.,0.,1.),(-0.866025295590343,0.500000187397624,0.),(0.,1.,0.),
(0.,0.,1.),(0.,0.,-1.),(0.866025295590343,-0.500000187397624,0.),(0.866025295590343,
0.500000187397625,0.),(0.866025295590343,0.500000187397625,0.),(0.,0.,-1.),
(0.,1.,0.),(0.,0.,-1.),(0.,-1.,0.),(0.866025295590343,-0.500000187397624,
0.),(0.,0.,-1.),(-0.866025295590343,0.500000187397624,0.),(-0.866025295590343,
-0.500000187397624,0.),(-0.866025295590343,0.500000187397624,0.),(-0.866025295590343,
-0.500000187397624,0.),(0.,0.,1.),(0.,-1.,0.),(-0.866025295590343,-0.500000187397624,
0.),(0.,0.,1.),(0.866025295590343,-0.500000187397624,0.),(0.,-1.,0.),(0.,
0.,1.),(0.,0.,-1.),(0.866025295590343,0.500000187397625,0.),(0.,1.,0.),
(0.,0.,-1.),(-0.866025295590343,0.500000187397624,0.),(-0.866025295590343,
-0.500000187397624,0.),(-0.866025295590343,0.500000187397624,0.),(-0.866025295590343,
-0.500000187397624,0.),(0.,0.,1.),(0.866025295590343,0.500000187397625,
0.),(0.866025295590343,-0.500000187397624,0.),(0.,0.,1.),(0.866025295590343,
0.500000187397625,0.),(0.866025295590343,-0.500000187397624,0.),(0.,0.,
1.),(0.,0.,-1.),(0.,-1.,0.),(0.866025295590343,-0.500000187397624,0.),(0.,
0.,-1.),(0.,1.,0.),(-0.866025295590343,0.500000187397624,0.),(0.,1.,0.),
(0.866025295590343,0.500000187397625,0.),(0.,0.,1.),(0.,0.,-1.),(0.866025295590343,
-0.500000187397624,0.),(0.866025295590343,0.500000187397625,0.),(0.,0.,
-1.),(0.,1.,0.),(-0.866025295590343,0.500000187397624,0.),(0.,1.,0.),(-0.866025295590343,
0.500000187397624,0.),(0.,0.,1.),(0.,0.,-1.),(-0.866025295590343,-0.500000187397624,
0.),(0.,-1.,0.),(-0.866025295590343,-0.500000187397624,0.),(0.,-1.,0.),
(0.,0.,1.),(0.866025295590343,-0.500000187397624,0.),(0.,-1.,0.),(0.,0.,
1.),(0.,0.,-1.),(0.866025295590343,-0.500000187397624,0.),(0.866025295590343,
0.500000187397625,0.),(-0.866025295590343,0.500000187397624,0.),(0.,1.,
0.),(0.,0.,1.),(0.,0.,-1.),(0.866025295590343,0.500000187397625,0.),(0.,
1.,0.),(0.866025295590343,-0.500000187397624,0.),(0.,-1.,0.),(0.,0.,1.),
(0.866025295590343,0.500000187397625,0.),(0.866025295590343,-0.500000187397624,
0.),(0.,0.,1.),(0.,0.,-1.),(-0.866025295590343,0.500000187397624,0.),(-0.866025295590343,
-0.500000187397624,0.),(-0.866025295590343,0.500000187397624,0.),(-0.866025295590343,
-0.500000187397624,0.),(0.,0.,1.),(0.,-1.,0.),(-0.866025295590343,-0.500000187397624,
0.),(0.,0.,1.),(0.,0.,-1.),(0.866025295590343,0.500000187397625,0.),(0.,
1.,0.),(0.,0.,-1.),(-0.866025295590343,0.500000187397624,0.),(-0.866025295590343,
-0.500000187397624,0.),(-0.866025295590343,0.500000187397624,0.),(-0.866025295590343,
-0.500000187397624,0.),(0.,0.,1.),(0.866025295590343,0.500000187397625,
0.),(0.866025295590343,-0.500000187397624,0.),(0.,0.,1.),(0.,0.,-1.),(0.866025295590343,
-0.500000187397624,0.),(0.866025295590343,0.500000187397625,0.),(0.,0.,
-1.),(0.,-1.,0.),(0.866025295590343,-0.500000187397624,0.),(0.,0.,-1.),
(0.,1.,0.),(-0.866025295590343,0.500000187397624,0.),(0.,1.,0.),(0.866025295590343,
0.500000187397625,0.),(0.,0.,1.),(0.866025295590343,0.500000187397625,0.),
(0.,0.,1.),(0.866025295590343,-0.500000187397624,0.),(0.,0.,-1.),(0.,-1.,
0.),(0.866025295590343,-0.500000187397624,0.),(0.,0.,-1.),(0.,1.,0.),(-0.866025295590343,
0.500000187397624,0.),(0.,1.,0.),(0.866025295590343,0.500000187397625,0.),
(0.,0.,1.),(0.,0.,-1.),(-0.866025295590343,-0.500000187397624,0.),(0.,-1.,
0.),(-0.866025295590343,-0.500000187397624,0.),(0.,-1.,0.),(0.,0.,1.),(0.866025295590343,
-0.500000187397624,0.),(0.,-1.,0.),(0.,0.,1.),(0.,0.,-1.),(0.866025295590343,
-0.500000187397624,0.),(0.866025295590343,0.500000187397625,0.),(-0.866025295590343,
0.500000187397624,0.),(0.,1.,0.),(0.,0.,1.),(0.,1.,0.),(0.,0.,1.),(0.866025295590343,
0.500000187397625,0.),(0.,0.,-1.),(-0.866025295590343,-0.500000187397624,
0.),(0.,-1.,0.),(-0.866025295590343,-0.500000187397624,0.),(0.,-1.,0.),
(0.,0.,1.),(0.866025295590343,-0.500000187397624,0.),(0.,-1.,0.),(0.,0.,
1.),(0.,0.,-1.),(0.866025295590343,0.500000187397625,0.),(0.,1.,0.),(0.,
0.,-1.),(0.,-1.,0.),(0.866025295590343,-0.500000187397624,0.),(0.,0.,-1.),
(-0.866025295590343,0.500000187397624,0.),(-0.866025295590343,-0.500000187397624,
0.),(-0.866025295590343,0.500000187397624,0.),(-0.866025295590343,-0.500000187397624,
0.),(0.,0.,1.),(0.,0.,-1.),(0.866025295590343,0.500000187397625,0.),(0.,
1.,0.),(0.866025295590343,0.500000187397625,0.),(0.866025295590343,-0.500000187397624,
0.),(0.,0.,1.),(0.,0.,-1.),(-0.866025295590343,0.500000187397624,0.),(-0.866025295590343,
-0.500000187397624,0.),(-0.866025295590343,0.500000187397624,0.),(-0.866025295590343,
-0.500000187397624,0.),(0.,0.,1.),(0.866025295590343,0.500000187397625,
0.),(0.866025295590343,-0.500000187397624,0.),(0.,0.,1.),(0.,0.,-1.),(0.,
-1.,0.),(0.866025295590343,-0.500000187397624,0.),(0.,0.,-1.),(0.,1.,0.),
(-0.866025295590343,0.500000187397624,0.),(0.,1.,0.),(0.866025295590343,
0.500000187397625,0.),(0.,0.,1.),(0.,0.,-1.),(0.866025295590343,-0.500000187397624,
0.),(0.866025295590343,0.500000187397625,0.),(0.,0.,-1.),(0.,1.,0.),(-0.866025295590343,
0.500000187397624,0.),(0.,1.,0.),(-0.866025295590343,0.500000187397624,
0.),(0.,0.,1.),(0.,0.,-1.),(-0.866025295590343,-0.500000187397624,0.),(0.,
-1.,0.),(0.,0.,-1.),(0.866025295590343,-0.500000187397624,0.),(0.866025295590343,
0.500000187397625,0.),(-0.866025295590343,0.500000187397624,0.),(0.,1.,
0.),(0.,0.,1.),(0.866025295590343,-0.500000187397624,0.),(0.,-1.,0.),(0.,
0.,1.),(0.,-1.,0.),(0.,0.,1.),(-0.866025295590343,-0.500000187397624,0.),
(0.,0.,-1.),(0.,-1.,0.),(0.866025295590343,-0.500000187397624,0.),(0.,0.,
-1.),(0.,1.,0.),(-0.866025295590343,0.500000187397624,0.),(0.,1.,0.),(0.866025295590343,
0.500000187397625,0.),(0.,0.,1.),(0.,0.,-1.),(-0.866025295590343,-0.500000187397624,
0.),(0.,-1.,0.),(0.,0.,-1.),(0.866025295590343,-0.500000187397624,0.),(0.866025295590343,
0.500000187397625,0.),(-0.866025295590343,0.500000187397624,0.),(0.,1.,
0.),(0.,0.,1.),(0.866025295590343,-0.500000187397624,0.),(0.,-1.,0.),(0.,
0.,1.),(0.,-1.,0.),(0.,0.,1.),(-0.866025295590343,-0.500000187397624,0.),
(0.,0.,-1.),(0.866025295590343,0.500000187397625,0.),(0.,1.,0.),(0.866025295590343,
0.500000187397625,0.),(0.866025295590343,-0.500000187397624,0.),(0.,0.,
1.),(0.,0.,-1.),(0.866025295590343,0.500000187397625,0.),(0.,1.,0.),(0.,
0.,-1.),(-0.866025295590343,0.500000187397624,0.),(-0.866025295590343,-0.500000187397624,
0.),(-0.866025295590343,0.500000187397624,0.),(-0.866025295590343,-0.500000187397624,
0.),(0.,0.,1.),(0.866025295590343,-0.500000187397624,0.),(0.,-1.,0.),(0.,
0.,1.),(0.866025295590343,0.500000187397625,0.),(0.866025295590343,-0.500000187397624,
0.),(0.,0.,1.),(0.866025295590343,0.500000187397625,0.),(0.866025295590343,
-0.500000187397624,0.),(0.,0.,1.),(0.,0.,-1.),(0.,1.,0.),(-0.866025295590343,
0.500000187397624,0.),(0.,1.,0.),(0.866025295590343,0.500000187397625,0.),
(0.,0.,1.),(0.,0.,-1.),(-0.866025295590343,-0.500000187397624,0.),(0.,-1.,
0.),(-0.866025295590343,-0.500000187397624,0.),(0.,-1.,0.),(0.,0.,1.),(0.,
0.,-1.),(0.866025295590343,-0.500000187397624,0.),(0.866025295590343,0.500000187397625,
0.),(-0.866025295590343,0.500000187397624,0.),(0.,1.,0.),(0.,0.,1.),(0.,
0.,-1.),(0.866025295590343,0.500000187397625,0.),(0.,1.,0.),(0.,0.,-1.),
(0.,-1.,0.),(0.866025295590343,-0.500000187397624,0.),(0.,-1.,0.),(0.866025295590343,
-0.500000187397624,0.),(0.,0.,1.),(0.866025295590343,0.500000187397625,
0.),(0.866025295590343,-0.500000187397624,0.),(0.,0.,1.),(0.,0.,-1.),(0.,
1.,0.),(-0.866025295590343,0.500000187397624,0.),(0.,1.,0.),(0.866025295590343,
0.500000187397625,0.),(0.,0.,1.),(0.,0.,-1.),(-0.866025295590343,-0.500000187397624,
0.),(0.,-1.,0.),(-0.866025295590343,-0.500000187397624,0.),(0.,-1.,0.),
(0.,0.,1.),(-0.866025295590343,0.500000187397624,0.),(0.,1.,0.),(0.,0.,
1.),(0.,0.,-1.),(0.866025295590343,0.500000187397625,0.),(0.,1.,0.),(0.,
0.,-1.),(-0.866025295590343,0.500000187397624,0.),(-0.866025295590343,-0.500000187397624,
0.),(-0.866025295590343,0.500000187397624,0.),(-0.866025295590343,-0.500000187397624,
0.),(0.,0.,1.),(0.866025295590343,0.500000187397625,0.),(0.866025295590343,
-0.500000187397624,0.),(0.,0.,1.),(0.866025295590343,-0.500000187397624,
0.),(0.,0.,1.),(0.,-1.,0.),(0.,0.,-1.),(0.866025295590343,-0.500000187397624,
0.),(0.866025295590343,0.500000187397625,0.),(0.,0.,-1.),(0.,-1.,0.),(0.866025295590343,
-0.500000187397624,0.),(0.,0.,-1.),(0.,1.,0.),(-0.866025295590343,0.500000187397624,
0.),(0.,1.,0.),(0.866025295590343,0.500000187397625,0.),(0.,0.,1.),(0.,
0.,-1.),(0.,-1.,0.),(0.866025295590343,-0.500000187397624,0.),(0.,0.,-1.),
(-0.866025295590343,0.500000187397624,0.),(-0.866025295590343,-0.500000187397624,
0.),(-0.866025295590343,0.500000187397624,0.),(-0.866025295590343,-0.500000187397624,
0.),(0.,0.,1.),(0.,0.,-1.),(0.,1.,0.),(-0.866025295590343,0.500000187397624,
0.),(0.,1.,0.),(0.866025295590343,0.500000187397625,0.),(0.,0.,1.),(0.,
0.,-1.),(0.,-1.,0.),(0.866025295590343,-0.500000187397624,0.),(0.,0.,-1.),
(0.,1.,0.),(-0.866025295590343,0.500000187397624,0.),(0.,1.,0.),(0.866025295590343,
0.500000187397625,0.),(0.,0.,1.),(0.,0.,-1.),(0.866025295590343,-0.500000187397624,
0.),(0.866025295590343,0.500000187397625,0.),(0.,0.,-1.),(0.,1.,0.),(-0.866025295590343,
0.500000187397624,0.),(0.,1.,0.),(-0.866025295590343,0.500000187397624,
0.),(0.,0.,1.),(0.,0.,-1.),(-0.866025295590343,-0.500000187397624,0.),(0.,
-1.,0.),(0.,0.,-1.),(0.866025295590343,-0.500000187397624,0.),(0.866025295590343,
0.500000187397625,0.),(-0.866025295590343,0.500000187397624,0.),(0.,1.,
0.),(0.,0.,1.),(0.866025295590343,-0.500000187397624,0.),(0.,-1.,0.),(0.,
0.,1.),(0.,-1.,0.),(0.,0.,1.),(-0.866025295590343,-0.500000187397624,0.),
(0.866025295590343,-0.500000187397624,0.),(0.,-1.,0.),(0.,0.,1.),(0.,0.,
-1.),(0.866025295590343,0.500000187397625,0.),(0.,1.,0.),(0.866025295590343,
0.500000187397625,0.),(0.866025295590343,-0.500000187397624,0.),(0.,0.,
1.),(0.,0.,-1.),(-0.866025295590343,-0.500000187397624,0.),(0.,-1.,0.),
(-0.866025295590343,-0.500000187397624,0.),(0.,-1.,0.),(0.,0.,1.),(-0.866025295590343,
0.500000187397624,0.),(0.,1.,0.),(0.,0.,1.),(0.,0.,-1.),(0.866025295590343,
0.500000187397625,0.),(0.,1.,0.),(0.866025295590343,0.500000187397625,0.),
(0.866025295590343,-0.500000187397624,0.),(0.,0.,1.),(0.866025295590343,
-0.500000187397624,0.),(0.,0.,1.),(0.,-1.,0.),(0.,-1.,0.),(0.,0.,-1.),(0.866025295590343,
-0.500000187397624,0.),(0.,0.,-1.),(-0.866025295590343,0.500000187397624,
0.),(-0.866025295590343,-0.500000187397624,0.),(-0.866025295590343,0.500000187397624,
0.),(-0.866025295590343,-0.500000187397624,0.),(0.,0.,1.),(0.,0.,-1.),(0.,
1.,0.),(-0.866025295590343,0.500000187397624,0.),(0.,1.,0.),(0.866025295590343,
0.500000187397625,0.),(0.,0.,1.),(-1.,0.,0.),(0.,-1.,0.),(0.,-0.500000187397625,
-0.866025295590342),(0.,-1.,0.),(0.,-0.500000187397624,0.866025295590343),
(1.,0.,0.),(-1.,0.,0.),(0.,0.500000187397625,-0.866025295590342),(0.,1.,
0.),(0.,0.500000187397625,-0.866025295590342),(0.,1.,0.),(1.,0.,0.),(-1.,
0.,0.),(0.,-1.,0.),(0.,-0.50001092437687,-0.866019096500642),(0.,-0.500010924376867,
0.866019096500643),(0.,0.500010924376863,0.866019096500646),(1.,0.,0.),
(0.,-1.,0.),(0.,-0.500010924376867,0.866019096500643),(1.,0.,0.),(-1.,0.,
0.),(0.,0.500000187397625,-0.866025295590342),(0.,1.,0.),(0.,0.500000187397625,
-0.866025295590342),(0.,1.,0.),(1.,0.,0.),(0.,0.,-1.),(-0.866025295590343,
0.500000187397624,0.),(-0.866025295590343,-0.500000187397624,0.),(-0.866025295590343,
0.500000187397624,0.),(-0.866025295590343,-0.500000187397624,0.),(0.,0.,
1.),(0.,0.,-1.),(0.,-1.,0.),(0.866025295590343,-0.500000187397624,0.),(0.,
1.,0.),(0.866025295590343,0.500000187397625,0.),(0.,0.,1.),(0.,0.,-1.),
(0.866025295590343,-0.500000187397624,0.),(0.866025295590343,0.500000187397625,
0.),(0.,0.,-1.),(0.,1.,0.),(-0.866025295590343,0.500000187397624,0.),(0.,
1.,0.),(-0.866025295590343,0.500000187397624,0.),(0.,0.,1.),(0.866025295590343,
-0.500000187397624,0.),(0.,-1.,0.),(0.,0.,1.),(0.,0.,-1.),(-0.866025295590343,
-0.500000187397624,0.),(0.,-1.,0.),(-0.866025295590343,-0.500000187397624,
0.),(0.,-1.,0.),(0.,0.,1.),(0.,0.,-1.),(-0.866025295590343,-0.500000187397624,
0.),(0.,-1.,0.),(0.,-1.,0.),(0.,0.,-1.),(0.866025295590343,-0.500000187397624,
0.),(0.,1.,0.),(0.866025295590343,0.500000187397625,0.),(0.,0.,1.),(0.,
0.,-1.),(0.866025295590343,0.500000187397625,0.),(0.,1.,0.),(0.866025295590343,
0.500000187397625,0.),(0.866025295590343,-0.500000187397624,0.),(0.,0.,
1.),(0.,0.,-1.),(0.866025295590343,0.500000187397625,0.),(0.,1.,0.),(0.,
0.,-1.),(-0.866025295590343,0.500000187397624,0.),(-0.866025295590343,-0.500000187397624,
0.),(-0.866025295590343,0.500000187397624,0.),(-0.866025295590343,-0.500000187397624,
0.),(0.,0.,1.),(0.866025295590343,-0.500000187397624,0.),(0.,-1.,0.),(0.,
0.,1.),(0.,0.,-1.),(0.866025295590343,0.500000187397625,0.),(0.,1.,0.),
(0.,0.,-1.),(0.866019096500643,-0.500010924376868,0.),(0.866019096500644,
0.500010924376866,0.),(0.866025295590343,0.500000187397625,0.),(0.866025295590343,
-0.500000187397624,0.),(0.,0.,1.),(0.,-1.,0.),(-0.866025295590343,-0.500000187397624,
0.),(0.,0.,1.),(0.,0.,-1.),(-0.866025295590343,0.500000187397624,0.),(-0.866025295590343,
-0.500000187397624,0.),(-0.866025295590343,0.500000187397624,0.),(-0.866025295590343,
-0.500000187397624,0.),(0.,0.,1.),(0.,0.,-1.),(0.,-1.,0.),(0.866025295590343,
-0.500000187397624,0.),(0.,0.,-1.),(0.,1.,0.),(-0.866025295590343,0.500000187397624,
0.),(0.,1.,0.),(0.866025295590343,0.500000187397625,0.),(0.,0.,1.),(0.,
0.,-1.),(0.866025295590343,-0.500000187397624,0.),(0.866019096500644,0.500010924376866,
0.),(0.,0.,-1.),(0.,1.,0.),(-0.866025295590343,0.500000187397624,0.),(0.,
1.,0.),(-0.866025295590343,0.500000187397624,0.),(0.,0.,1.),(0.866025295590343,
-0.500000187397624,0.),(0.,-1.,0.),(0.,0.,1.),(0.,0.,-1.),(-0.866025295590343,
-0.500000187397624,0.),(0.,-1.,0.),(-0.866025295590343,-0.500000187397624,
0.),(0.,-1.,0.),(0.,0.,1.),(0.,0.,-1.),(-0.866019096500643,-0.500010924376868,
0.),(0.,-1.,0.),(0.,0.,-1.),(0.866019096500644,0.500010924376866,0.),(0.,
1.,0.),(0.866019096500644,0.500010924376866,0.),(0.866025295590343,-0.500000187397624,
0.),(0.,0.,1.),(0.,0.,-1.),(0.,-1.,0.),(0.866019096500643,-0.500010924376868,
0.),(0.,1.,0.),(0.866025295590343,0.500000187397625,0.),(0.,0.,1.),(0.,
0.,-1.),(0.866025295590343,-0.500000187397624,0.),(0.866025295590343,0.500000187397625,
0.),(-0.866025295590343,0.500000187397624,0.),(0.,1.,0.),(0.,0.,1.),(0.,
0.,-1.),(0.866025295590343,0.500000187397625,0.),(0.,1.,0.),(0.,0.,-1.),
(-0.866019096500644,0.500010924376867,0.),(-0.866025295590343,-0.500000187397624,
0.),(-0.866019096500644,0.500010924376867,0.),(-0.866025295590343,-0.500000187397624,
0.),(0.,0.,1.),(0.,0.500010924376863,0.866019096500646),(0.,1.,0.),(1.,
0.,0.),(0.,0.500010924376863,0.866019096500646),(-1.,0.,0.),(0.,1.,0.),
(0.,1.,0.),(0.,0.500010924376857,-0.866019096500649),(1.,0.,0.),(0.,1.,
0.),(-1.,0.,0.),(0.,0.500010924376857,-0.866019096500649),(0.866019096500643,
-0.500010924376868,0.),(0.,-1.,0.),(0.,0.,1.),(0.866019096500644,0.500010924376866,
0.),(0.866019096500643,-0.500010924376868,0.),(0.,0.,1.),(0.866019096500644,
0.500010924376866,0.),(0.,1.,0.),(0.,0.,-1.),(0.,-1.,0.),(-0.866019096500643,
-0.500010924376868,0.),(0.,0.,1.),(0.,0.,-1.),(-0.866019096500644,0.500010924376867,
0.),(-0.866019096500643,-0.500010924376868,0.),(-0.866019096500644,0.500010924376867,
0.),(-0.866019096500643,-0.500010924376868,0.),(0.,0.,1.),(0.,0.,-1.),(0.866019096500644,
0.500010924376866,0.),(0.,1.,0.),(0.,1.,0.),(0.,0.,-1.),(-0.866019096500644,
0.500010924376867,0.),(0.,1.,0.),(0.866019096500644,0.500010924376866,0.),
(0.,0.,1.),(0.,0.,-1.),(0.,1.,0.),(-0.866019096500644,0.500010924376867,
0.),(0.,1.,0.),(-0.866019096500644,0.500010924376867,0.),(0.,0.,1.),(0.,
0.,-1.),(0.866019096500643,-0.500010924376868,0.),(0.866019096500644,0.500010924376866,
0.),(-0.866019096500644,0.500010924376867,0.),(0.,1.,0.),(0.,0.,1.),(0.,
1.,0.),(0.,0.,1.),(0.866019096500644,0.500010924376866,0.),(0.,1.,0.),(-0.866019096500644,
0.500010924376867,0.),(0.,0.,-1.),(0.866019096500644,0.500010924376866,
0.),(0.866019096500643,-0.500010924376868,0.),(0.,0.,1.),(0.,1.,0.),(0.866019096500644,
0.500010924376866,0.),(0.,0.,1.),(0.,0.,-1.),(-0.866019096500644,0.500010924376867,
0.),(-0.866019096500643,-0.500010924376868,0.),(0.,0.,-1.),(0.866019096500644,
0.500010924376866,0.),(0.,1.,0.),(0.,1.,0.),(-0.866019096500644,0.500010924376867,
0.),(0.,0.,1.),(-1.,0.,0.),(0.,0.500000187397624,0.866025295590343),(0.,
-0.500000187397624,0.866025295590343),(-1.,0.,0.),(0.,-0.500000187397625,
-0.866025295590342),(0.,0.500000187397625,-0.866025295590342),(0.,-0.500000187397625,
-0.866025295590342),(0.,-1.,0.),(1.,0.,0.),(-1.,0.,0.),(0.,-0.500000187397624,
0.866025295590343),(0.,-1.,0.),(0.,0.500000187397625,-0.866025295590342),
(0.,-0.500000187397625,-0.866025295590342),(1.,0.,0.),(0.,-0.500000187397624,
0.866025295590343),(0.,0.500000187397624,0.866025295590343),(1.,0.,0.),
(-1.,0.,0.),(0.,1.,0.),(0.,0.500000187397624,0.866025295590343),(0.,1.,
0.),(0.,0.500000187397624,0.866025295590343),(1.,0.,0.),(1.,0.,0.),(0.,
-0.500000187397624,0.866025295590343),(0.,-1.,0.),(-1.,0.,0.),(0.,-0.500000187397624,
0.866025295590343),(0.,-1.,0.),(0.,0.500000187397625,-0.866025295590342),
(0.,-0.500000187397625,-0.866025295590342),(1.,0.,0.),(-1.,0.,0.),(0.,0.500010924376863,
0.866019096500646),(0.,-0.500000187397624,0.866025295590343),(0.,0.500010924376863,
0.866019096500646),(0.,-0.500000187397624,0.866025295590343),(1.,0.,0.),
(0.,-0.500000187397624,0.866025295590343),(1.,0.,0.),(0.,-1.,0.),(1.,0.,
0.),(0.,-1.,0.),(0.,-0.50001092437687,-0.866019096500642),(0.866025295590343,
0.500000187397625,0.),(0.866025295590343,-0.500000187397624,0.),(0.,0.,
1.),(0.,0.,-1.),(-0.866025295590343,0.500000187397624,0.),(-0.866025295590343,
-0.500000187397624,0.),(-0.866025295590343,0.500000187397624,0.),(-0.866025295590343,
-0.500000187397624,0.),(0.,0.,1.),(0.,0.,-1.),(0.,-1.,0.),(0.866025295590343,
-0.500000187397624,0.),(0.,0.,-1.),(0.,1.,0.),(-0.866025295590343,0.500000187397624,
0.),(0.,1.,0.),(0.866025295590343,0.500000187397625,0.),(0.,0.,1.),(0.,
0.,-1.),(0.,-1.,0.),(0.866025295590343,-0.500000187397624,0.),(0.,1.,0.),
(0.866025295590343,0.500000187397625,0.),(0.,0.,1.),(0.,0.,-1.),(0.866025295590343,
-0.500000187397624,0.),(0.866025295590343,0.500000187397625,0.),(-0.866025295590343,
0.500000187397624,0.),(0.,1.,0.),(0.,0.,1.),(0.866025295590343,-0.500000187397624,
0.),(0.,-1.,0.),(0.,0.,1.),(0.,0.,-1.),(-0.866025295590343,-0.500000187397624,
0.),(0.,-1.,0.),(-0.866025295590343,-0.500000187397624,0.),(0.,-1.,0.),
(0.,0.,1.),(0.,0.,-1.),(-0.866025295590343,-0.500000187397624,0.),(0.,-1.,
0.),(0.,0.,-1.),(0.866025295590343,0.500000187397625,0.),(0.,1.,0.),(0.866025295590343,
0.500000187397625,0.),(0.866025295590343,-0.500000187397624,0.),(0.,0.,
1.),(0.,0.,-1.),(0.866025295590343,0.500000187397625,0.),(0.,1.,0.),(0.,
0.,-1.),(-0.866025295590343,0.500000187397624,0.),(-0.866025295590343,-0.500000187397624,
0.),(-0.866025295590343,0.500000187397624,0.),(-0.866025295590343,-0.500000187397624,
0.),(0.,0.,1.),(0.866025295590343,0.500000187397625,0.),(0.866025295590343,
-0.500000187397624,0.),(0.,0.,1.),(0.866025295590343,-0.500000187397624,
0.),(0.,0.,1.),(0.,-1.,0.),(0.,-1.,0.),(-0.866025295590343,-0.500000187397624,
0.),(0.,0.,1.),(0.866025295590343,0.500000187397625,0.),(0.866025295590343,
-0.500000187397624,0.),(0.,0.,1.),(0.,0.,-1.),(-0.866025295590343,0.500000187397624,
0.),(-0.866025295590343,-0.500000187397624,0.),(-0.866025295590343,0.500000187397624,
0.),(-0.866025295590343,-0.500000187397624,0.),(0.,0.,1.),(0.,0.,-1.),(0.,
-1.,0.),(0.866019096500643,-0.500010924376868,0.),(0.,0.,-1.),(0.,1.,0.),
(-0.866025295590343,0.500000187397624,0.),(0.,1.,0.),(0.866025295590343,
0.500000187397625,0.),(0.,0.,1.),(0.,0.,-1.),(0.,-1.,0.),(0.866025295590343,
-0.500000187397624,0.),(0.,0.,-1.),(0.,1.,0.),(-0.866025295590343,0.500000187397624,
0.),(0.,1.,0.),(0.866025295590343,0.500000187397625,0.),(0.,0.,1.),(0.,
0.,-1.),(0.866025295590343,-0.500000187397624,0.),(0.866019096500644,0.500010924376866,
0.),(-0.866025295590343,0.500000187397624,0.),(0.,1.,0.),(0.,0.,1.),(0.866025295590343,
-0.500000187397624,0.),(0.,-1.,0.),(0.,0.,1.),(0.,0.,-1.),(-0.866025295590343,
-0.500000187397624,0.),(0.,-1.,0.),(-0.866025295590343,-0.500000187397624,
0.),(0.,-1.,0.),(0.,0.,1.),(0.,0.,-1.),(-0.866019096500643,-0.500010924376868,
0.),(0.,-1.,0.),(0.,0.,-1.),(0.866019096500644,0.500010924376866,0.),(0.,
1.,0.),(0.866019096500644,0.500010924376866,0.),(0.866025295590343,-0.500000187397624,
0.),(0.,0.,1.),(0.,0.,-1.),(0.866025295590343,-0.500000187397624,0.),(0.866025295590343,
0.500000187397625,0.),(-0.866025295590343,0.500000187397624,0.),(0.,1.,
0.),(0.,0.,1.),(0.,0.,-1.),(0.866025295590343,0.500000187397625,0.),(0.,
1.,0.),(0.,0.,-1.),(-0.866019096500644,0.500010924376867,0.),(-0.866025295590343,
-0.500000187397624,0.),(-0.866019096500644,0.500010924376867,0.),(-0.866025295590343,
-0.500000187397624,0.),(0.,0.,1.),(0.,0.,-1.),(0.,-1.,0.),(0.866025295590343,
-0.500000187397624,0.),(0.,-1.,0.),(0.866025295590343,-0.500000187397624,
0.),(0.,0.,1.),(0.866025295590343,0.500000187397625,0.),(0.866025295590343,
-0.500000187397624,0.),(0.,0.,1.),(0.,0.,-1.),(-0.866025295590343,0.500000187397624,
0.),(-0.866025295590343,-0.500000187397624,0.),(-0.866025295590343,0.500000187397624,
0.),(-0.866025295590343,-0.500000187397624,0.),(0.,0.,1.),(0.,0.,-1.),(0.,
1.,0.),(-0.866025295590343,0.500000187397624,0.),(0.,1.,0.),(0.866025295590343,
0.500000187397625,0.),(0.,0.,1.),(0.,0.,-1.),(0.866025295590343,-0.500000187397624,
0.),(0.866025295590343,0.500000187397625,0.),(0.,0.,-1.),(0.,-1.,0.),(0.866025295590343,
-0.500000187397624,0.),(-0.866025295590343,0.500000187397624,0.),(0.,1.,
0.),(0.,0.,1.),(0.,0.,-1.),(-0.866025295590343,-0.500000187397624,0.),(0.,
-1.,0.),(0.,-1.,0.),(0.866025295590343,-0.500000187397624,0.),(0.,0.,1.),
(0.,0.,-1.),(0.866025295590343,0.500000187397625,0.),(0.,1.,0.),(0.866025295590343,
0.500000187397625,0.),(0.866025295590343,-0.500000187397624,0.),(0.,0.,
1.),(0.,0.,-1.),(0.,1.,0.),(-0.866025295590343,0.500000187397624,0.),(0.,
1.,0.),(0.866025295590343,0.500000187397625,0.),(0.,0.,1.),(0.,0.,-1.),
(0.866025295590343,-0.500000187397624,0.),(0.866025295590343,0.500000187397625,
0.),(-0.866025295590343,0.500000187397624,0.),(0.,1.,0.),(0.,0.,1.),(0.,
0.,-1.),(-0.866025295590343,-0.500000187397624,0.),(0.,-1.,0.),(0.,0.,-1.),
(0.866025295590343,0.500000187397625,0.),(0.,1.,0.),(0.866025295590343,
0.500000187397625,0.),(0.866025295590343,-0.500000187397624,0.),(0.,0.,
1.),(0.866025295590343,-0.500000187397624,0.),(0.,0.,1.),(0.,-1.,0.),(0.,
-1.,0.),(-0.866025295590343,-0.500000187397624,0.),(0.,0.,1.),(0.,0.,-1.),
(-0.866025295590343,0.500000187397624,0.),(-0.866025295590343,-0.500000187397624,
0.),(-0.866025295590343,0.500000187397624,0.),(-0.866025295590343,-0.500000187397624,
0.),(0.,0.,1.),(0.,0.,-1.),(0.,-1.,0.),(0.866025295590343,-0.500000187397624,
0.),(0.,0.,-1.),(0.,1.,0.),(-0.866025295590343,0.500000187397624,0.),(0.,
1.,0.),(0.866025295590343,0.500000187397625,0.),(0.,0.,1.),(0.,-1.,0.),
(-0.866025295590343,-0.500000187397624,0.),(0.,0.,1.),(0.,0.,-1.),(-0.866025295590343,
0.500000187397624,0.),(-0.866025295590343,-0.500000187397624,0.),(-0.866025295590343,
0.500000187397624,0.),(-0.866025295590343,-0.500000187397624,0.),(0.,0.,
1.),(0.,0.,-1.),(0.,-1.,0.),(0.866019096500643,-0.500010924376868,0.),(0.,
0.,-1.),(0.,1.,0.),(-0.866025295590343,0.500000187397624,0.),(0.,1.,0.),
(0.866025295590343,0.500000187397625,0.),(0.,0.,1.),(0.,0.,-1.),(0.866019096500643,
-0.500010924376868,0.),(0.866019096500644,0.500010924376866,0.),(0.,0.,
-1.),(0.,1.,0.),(-0.866019096500644,0.500010924376867,0.),(0.,1.,0.),(-0.866019096500644,
0.500010924376867,0.),(0.,0.,1.),(0.,0.,-1.),(0.866025295590343,-0.500000187397624,
0.),(0.866019096500644,0.500010924376866,0.),(0.,0.,-1.),(0.,-1.,0.),(0.866025295590343,
-0.500000187397624,0.),(-0.866025295590343,0.500000187397624,0.),(0.,1.,
0.),(0.,0.,1.),(0.,0.,-1.),(-0.866019096500643,-0.500010924376868,0.),(0.,
-1.,0.),(0.,-1.,0.),(0.866025295590343,-0.500000187397624,0.),(0.,0.,1.),
(0.,0.,-1.),(0.866019096500644,0.500010924376866,0.),(0.,1.,0.),(0.866019096500644,
0.500010924376866,0.),(0.866025295590343,-0.500000187397624,0.),(0.,0.,
1.),(0.,0.,-1.),(0.,1.,0.),(-0.866025295590343,0.500000187397624,0.),(0.,
1.,0.),(0.866025295590343,0.500000187397625,0.),(0.,0.,1.),(0.,0.,-1.),
(0.866025295590343,-0.500000187397624,0.),(0.866025295590343,0.500000187397625,
0.),(-0.866025295590343,0.500000187397624,0.),(0.,1.,0.),(0.,0.,1.),(0.,
0.,-1.),(-0.866025295590343,-0.500000187397624,0.),(0.,-1.,0.),(0.,0.,-1.),
(0.866025295590343,0.500000187397625,0.),(0.,1.,0.),(0.866025295590343,
0.500000187397625,0.),(0.866025295590343,-0.500000187397624,0.),(0.,0.,
1.),(0.866025295590343,-0.500000187397624,0.),(0.,0.,1.),(0.,-1.,0.),(0.,
-1.,0.),(-0.866025295590343,-0.500000187397624,0.),(0.,0.,1.),(0.,0.,-1.),
(-0.866019096500644,0.500010924376867,0.),(-0.866025295590343,-0.500000187397624,
0.),(-0.866019096500644,0.500010924376867,0.),(-0.866025295590343,-0.500000187397624,
0.),(0.,0.,1.),(0.,0.,-1.),(0.,-1.,0.),(0.866019096500643,-0.500010924376868,
0.),(0.,0.,-1.),(0.,1.,0.),(-0.866025295590343,0.500000187397624,0.),(0.,
1.,0.),(0.866025295590343,0.500000187397625,0.),(0.,0.,1.),(0.866019096500643,
-0.500010924376868,0.),(0.,-1.,0.),(0.,0.,1.),(0.,-1.,0.),(0.,0.,1.),(-0.866019096500643,
-0.500010924376868,0.),(-0.866019096500643,-0.500010924376868,0.),(-0.866019096500644,
0.500010924376867,0.),(0.,0.,1.),(0.,1.,0.),(0.866019096500644,0.500010924376866,
0.),(0.,0.,1.),(0.866019096500644,0.500010924376866,0.),(0.,0.,1.),(0.866019096500643,
-0.500010924376868,0.),(0.,1.,0.),(0.866019096500644,0.500010924376866,
0.),(0.,0.,1.),(0.,1.,0.),(-0.866019096500644,0.500010924376867,0.),(0.,
0.,-1.),(0.866019096500643,-0.500010924376868,0.),(0.,-1.,0.),(0.,0.,1.),
(0.,-1.,0.),(0.,0.,1.),(-0.866019096500643,-0.500010924376868,0.),(0.,0.,
-1.),(-0.866019096500644,0.500010924376867,0.),(-0.866019096500643,-0.500010924376868,
0.),(-0.866019096500644,0.500010924376867,0.),(-0.866019096500643,-0.500010924376868,
0.),(0.,0.,1.),(0.,0.,-1.),(0.866019096500644,0.500010924376866,0.),(0.,
1.,0.),(0.,1.,0.),(0.,0.,-1.),(-0.866019096500644,0.500010924376867,0.),
(0.,1.,0.),(0.866019096500644,0.500010924376866,0.),(0.,0.,1.),(-0.866019096500644,
0.500010924376867,0.),(0.,1.,0.),(0.,0.,1.),(0.,0.,-1.),(0.866019096500643,
-0.500010924376868,0.),(0.866019096500644,0.500010924376866,0.),(-0.866019096500644,
0.500010924376867,0.),(0.,1.,0.),(0.,0.,1.),(0.866019096500644,0.500010924376866,
0.),(0.866019096500643,-0.500010924376868,0.),(0.,0.,1.),(0.866019096500643,
-0.500010924376868,0.),(0.,0.,1.),(0.,-1.,0.),(0.,1.,0.),(0.866019096500644,
0.500010924376866,0.),(0.,0.,1.),(0.,1.,0.),(-0.866019096500644,0.500010924376867,
0.),(0.,0.,-1.),(-1.,0.,0.),(0.,0.500000187397625,-0.866025295590342),(0.,
1.,0.),(0.,0.500000187397625,-0.866025295590342),(0.,1.,0.),(1.,0.,0.),
(-1.,0.,0.),(0.,0.500000187397625,-0.866025295590342),(0.,1.,0.),(0.,0.500000187397625,
-0.866025295590342),(0.,1.,0.),(1.,0.,0.),(0.,-0.500000187397625,-0.866025295590342),
(0.,-1.,0.),(1.,0.,0.),(0.,0.500000187397625,-0.866025295590342),(0.,-0.500000187397625,
-0.866025295590342),(1.,0.,0.),(1.,0.,0.),(0.,-1.,0.),(0.,-0.500000187397625,
-0.866025295590342),(0.,-0.500000187397625,-0.866025295590342),(0.,0.500000187397625,
-0.866025295590342),(1.,0.,0.),(0.,-0.500000187397625,-0.866025295590342),
(0.,-1.,0.),(1.,0.,0.),(0.,-1.,0.),(0.866025295590343,-0.500000187397624,
0.),(0.,0.,-1.),(0.866025295590343,-0.500000187397624,0.),(0.,0.,-1.),(0.866025295590343,
0.500000187397625,0.),(0.866025295590343,0.500000187397625,0.),(0.,0.,1.),
(0.866025295590343,-0.500000187397624,0.),(0.,0.,1.),(0.866025295590343,
-0.500000187397624,0.),(0.,-1.,0.),(0.,0.,1.),(-0.866025295590343,-0.500000187397624,
0.),(-0.866025295590343,0.500000187397624,0.),(0.,0.,1.),(0.,-1.,0.),(-0.866025295590343,
-0.500000187397624,0.),(0.,-1.,0.),(-0.866025295590343,-0.500000187397624,
0.),(0.,0.,-1.),(0.866025295590343,0.500000187397625,0.),(0.,1.,0.),(0.,
0.,-1.),(0.866025295590343,0.500000187397625,0.),(0.,0.,1.),(0.,1.,0.),
(0.,-1.,0.),(0.866025295590343,-0.500000187397624,0.),(0.,0.,-1.),(0.,-1.,
0.),(-0.866025295590343,-0.500000187397624,0.),(0.,0.,1.),(0.866025295590343,
-0.500000187397624,0.),(0.866025295590343,0.500000187397625,0.),(0.,0.,
-1.),(0.,0.,1.),(0.866025295590343,0.500000187397625,0.),(0.866025295590343,
-0.500000187397624,0.),(0.,0.,1.),(-0.866025295590343,-0.500000187397624,
0.),(-0.866025295590343,0.500000187397624,0.),(0.,0.,1.),(0.,-1.,0.),(-0.866025295590343,
-0.500000187397624,0.),(0.,-1.,0.),(-0.866025295590343,-0.500000187397624,
0.),(0.,0.,-1.),(0.,1.,0.),(-0.866025295590343,0.500000187397624,0.),(0.,
0.,-1.),(0.,1.,0.),(0.,0.,1.),(-0.866025295590343,0.500000187397624,0.),
(0.,0.,1.),(0.866025295590343,-0.500000187397624,0.),(0.,-1.,0.),(-0.866025295590343,
0.500000187397624,0.),(-0.866025295590343,-0.500000187397624,0.),(0.,0.,
-1.),(0.,0.,1.),(0.866025295590343,0.500000187397625,0.),(0.866025295590343,
-0.500000187397624,0.),(0.,0.,1.),(-0.866025295590343,-0.500000187397624,
0.),(-0.866025295590343,0.500000187397624,0.),(0.,-1.,0.),(0.866025295590343,
-0.500000187397624,0.),(0.,0.,-1.),(-0.866025295590343,-0.500000187397624,
0.),(0.,-1.,0.),(0.,0.,-1.),(0.,0.,1.),(0.,1.,0.),(0.866025295590343,0.500000187397625,
0.),(0.,1.,0.),(0.866025295590343,0.500000187397625,0.),(0.,0.,-1.),(0.866025295590343,
-0.500000187397624,0.),(0.866025295590343,0.500000187397625,0.),(0.,0.,
-1.),(0.,-1.,0.),(0.866025295590343,-0.500000187397624,0.),(0.,0.,-1.),
(0.866025295590343,-0.500000187397624,0.),(0.,0.,-1.),(0.866025295590343,
0.500000187397625,0.),(0.,0.,1.),(-0.866025295590343,-0.500000187397624,
0.),(-0.866025295590343,0.500000187397624,0.),(-0.866025295590343,-0.500000187397624,
0.),(0.,-1.,0.),(0.,0.,-1.),(0.,-1.,0.),(0.,0.,-1.),(0.866025295590343,
-0.500000187397624,0.),(0.866025295590343,-0.500000187397624,0.),(0.,0.,
1.),(0.,-1.,0.),(0.,0.,1.),(0.,-1.,0.),(-0.866025295590343,-0.500000187397624,
0.),(0.,0.,1.),(0.866025295590343,0.500000187397625,0.),(0.866025295590343,
-0.500000187397624,0.),(0.866025295590343,0.500000187397625,0.),(0.866025295590343,
-0.500000187397624,0.),(0.,0.,-1.),(0.,0.,-1.),(-0.866025295590343,-0.500000187397624,
0.),(-0.866025295590343,0.500000187397624,0.),(-0.866025295590343,0.500000187397624,
0.),(0.,1.,0.),(0.,0.,-1.),(0.,1.,0.),(0.,0.,1.),(-0.866025295590343,0.500000187397624,
0.),(0.,0.,1.),(0.866025295590343,-0.500000187397624,0.),(0.,-1.,0.),(-0.866025295590343,
0.500000187397624,0.),(-0.866025295590343,-0.500000187397624,0.),(0.,0.,
-1.),(0.,0.,1.),(0.866025295590343,0.500000187397625,0.),(0.866025295590343,
-0.500000187397624,0.),(0.866025295590343,-0.500000187397624,0.),(0.,-1.,
0.),(0.,0.,-1.),(0.,0.,1.),(-0.866025295590343,-0.500000187397624,0.),(-0.866025295590343,
0.500000187397624,0.),(-0.866025295590343,-0.500000187397624,0.),(0.,-1.,
0.),(0.,0.,-1.),(0.866025295590343,-0.500000187397624,0.),(0.866025295590343,
0.500000187397625,0.),(0.,0.,-1.),(0.866025295590343,0.500000187397625,
0.),(0.,0.,-1.),(0.,1.,0.),(0.866025295590343,0.500000187397625,0.),(0.,
0.,1.),(0.,1.,0.),(0.,0.,1.),(-0.866025295590343,-0.500000187397624,0.),
(-0.866025295590343,0.500000187397624,0.),(-0.866025295590343,-0.500000187397624,
0.),(0.,-1.,0.),(0.,0.,-1.),(0.,0.,1.),(0.866025295590343,-0.500000187397624,
0.),(0.,-1.,0.),(0.,-1.,0.),(0.,0.,1.),(-0.866025295590343,-0.500000187397624,
0.),(0.,0.,1.),(0.866025295590343,0.500000187397625,0.),(0.866025295590343,
-0.500000187397624,0.),(0.866025295590343,0.500000187397625,0.),(0.866025295590343,
-0.500000187397624,0.),(0.,0.,-1.),(0.,-1.,0.),(0.866025295590343,-0.500000187397624,
0.),(0.,0.,-1.),(0.,0.,-1.),(-0.866025295590343,-0.500000187397624,0.),
(-0.866025295590343,0.500000187397624,0.),(-0.866025295590343,0.500000187397624,
0.),(0.,1.,0.),(0.,0.,-1.),(0.,1.,0.),(0.,0.,1.),(-0.866025295590343,0.500000187397624,
0.),(-0.866025295590343,0.500000187397624,0.),(-0.866025295590343,-0.500000187397624,
0.),(0.,0.,-1.),(0.,0.,1.),(0.866025295590343,0.500000187397625,0.),(0.866025295590343,
-0.500000187397624,0.),(0.866025295590343,-0.500000187397624,0.),(0.,-1.,
0.),(0.,0.,-1.),(0.866025295590343,-0.500000187397624,0.),(0.866025295590343,
0.500000187397625,0.),(0.,0.,-1.),(0.,0.,1.),(-0.866025295590343,-0.500000187397624,
0.),(-0.866025295590343,0.500000187397624,0.),(-0.866025295590343,-0.500000187397624,
0.),(0.,-1.,0.),(0.,0.,-1.),(0.,0.,1.),(0.,1.,0.),(0.866025295590343,0.500000187397625,
0.),(0.,1.,0.),(0.866025295590343,0.500000187397625,0.),(0.,0.,-1.),(0.,
0.,-1.),(-0.866025295590343,-0.500000187397624,0.),(-0.866025295590343,
0.500000187397624,0.),(0.,1.,0.),(0.,0.500000187397625,-0.866025295590342),
(1.,0.,0.),(0.,1.,0.),(-1.,0.,0.),(0.,0.500000187397625,-0.866025295590342),
(0.,0.,-1.),(-0.866025295590343,-0.500000187397624,0.),(0.,-1.,0.),(0.,
0.,-1.),(-0.866025295590343,0.500000187397624,0.),(-0.866025295590343,-0.500000187397624,
0.),(0.,0.,-1.),(0.866025295590343,-0.500000187397624,0.),(0.866025295590343,
0.500000187397625,0.),(-0.866025295590343,0.500000187397624,0.),(0.,1.,
0.),(0.,0.,1.),(0.,-1.,0.),(-0.866025295590343,-0.500000187397624,0.),(0.,
0.,1.),(0.,0.,-1.),(0.,-1.,0.),(0.866025295590343,-0.500000187397624,0.),
(-0.866025295590343,-0.500000187397624,0.),(-0.866025295590343,0.500000187397624,
0.),(0.,0.,1.),(0.,0.,-1.),(0.866025295590343,0.500000187397625,0.),(0.,
1.,0.),(0.866025295590343,-0.500000187397624,0.),(0.,-1.,0.),(0.,0.,1.),
(0.866025295590343,0.500000187397625,0.),(0.866025295590343,-0.500000187397624,
0.),(0.,0.,1.),(0.,0.,-1.),(-0.866025295590343,0.500000187397624,0.),(-0.866025295590343,
-0.500000187397624,0.),(-0.866025295590343,0.500000187397624,0.),(-0.866025295590343,
-0.500000187397624,0.),(0.,0.,1.),(0.,0.,-1.),(-0.866025295590343,-0.500000187397624,
0.),(0.,-1.,0.),(0.,0.,-1.),(0.866025295590343,-0.500000187397624,0.),(0.866025295590343,
0.500000187397625,0.),(0.866025295590343,-0.500000187397624,0.),(0.,-1.,
0.),(0.,0.,1.),(0.,-1.,0.),(0.,0.,1.),(-0.866025295590343,-0.500000187397624,
0.),(-0.866025295590343,-0.500000187397624,0.),(0.,-1.,0.),(0.,0.,1.),(0.,
0.,-1.),(0.866025295590343,0.500000187397625,0.),(0.,1.,0.),(0.,0.,-1.),
(-0.866025295590343,0.500000187397624,0.),(-0.866025295590343,-0.500000187397624,
0.),(-0.866025295590343,0.500000187397624,0.),(-0.866025295590343,-0.500000187397624,
0.),(0.,0.,1.),(0.866025295590343,0.500000187397625,0.),(0.866025295590343,
-0.500000187397624,0.),(0.,0.,1.),(0.,0.,-1.),(0.,-1.,0.),(0.866025295590343,
-0.500000187397624,0.),(0.,0.,-1.),(0.,1.,0.),(-0.866025295590343,0.500000187397624,
0.),(0.,1.,0.),(0.866025295590343,0.500000187397625,0.),(0.,0.,1.),(0.,
0.,-1.),(0.866025295590343,-0.500000187397624,0.),(0.866025295590343,0.500000187397625,
0.),(0.,0.,-1.),(0.,1.,0.),(-0.866025295590343,0.500000187397624,0.),(0.,
1.,0.),(-0.866025295590343,0.500000187397624,0.),(0.,0.,1.),(0.,0.,-1.),
(-0.866025295590343,0.500000187397624,0.),(-0.866025295590343,-0.500000187397624,
0.),(-0.866025295590343,0.500000187397624,0.),(-0.866025295590343,-0.500000187397624,
0.),(0.,0.,1.),(0.,0.,-1.),(-0.866025295590343,-0.500000187397624,0.),(0.,
-1.,0.),(-0.866025295590343,-0.500000187397624,0.),(0.,-1.,0.),(0.,0.,1.),
(0.866025295590343,-0.500000187397624,0.),(0.,-1.,0.),(0.,0.,1.),(-0.866025295590343,
0.500000187397624,0.),(0.,1.,0.),(0.,0.,1.),(0.,0.,-1.),(0.866025295590343,
-0.500000187397624,0.),(0.866025295590343,0.500000187397625,0.),(0.866025295590343,
0.500000187397625,0.),(0.,0.,-1.),(0.,1.,0.),(0.,0.,-1.),(-0.866025295590343,
0.500000187397624,0.),(-0.866025295590343,-0.500000187397624,0.),(-0.866025295590343,
0.500000187397624,0.),(-0.866025295590343,-0.500000187397624,0.),(0.,0.,
1.),(0.,0.,-1.),(0.,-1.,0.),(0.866025295590343,-0.500000187397624,0.),(0.,
-1.,0.),(0.866025295590343,-0.500000187397624,0.),(0.,0.,1.),(0.,0.,-1.),
(-0.866025295590343,-0.500000187397624,0.),(0.,-1.,0.),(-0.866025295590343,
-0.500000187397624,0.),(0.,-1.,0.),(0.,0.,1.),(0.866025295590343,0.500000187397625,
0.),(0.866025295590343,-0.500000187397624,0.),(0.,0.,1.),(0.,0.,-1.),(0.866025295590343,
-0.500000187397624,0.),(0.866025295590343,0.500000187397625,0.),(0.866025295590343,
-0.500000187397624,0.),(0.,-1.,0.),(0.,0.,1.),(0.,-1.,0.),(0.,0.,1.),(-0.866025295590343,
-0.500000187397624,0.),(0.,0.,-1.),(0.866025295590343,0.500000187397625,
0.),(0.,1.,0.),(0.,0.,-1.),(-0.866025295590343,0.500000187397624,0.),(-0.866025295590343,
-0.500000187397624,0.),(-0.866025295590343,0.500000187397624,0.),(-0.866025295590343,
-0.500000187397624,0.),(0.,0.,1.),(0.866025295590343,0.500000187397625,
0.),(0.866025295590343,-0.500000187397624,0.),(0.,0.,1.),(0.,0.,-1.),(0.,
-1.,0.),(0.866025295590343,-0.500000187397624,0.),(0.,0.,-1.),(0.,1.,0.),
(-0.866025295590343,0.500000187397624,0.),(0.,1.,0.),(0.866025295590343,
0.500000187397625,0.),(0.,0.,1.),(0.,0.,-1.),(0.866025295590343,-0.500000187397624,
0.),(0.866025295590343,0.500000187397625,0.),(0.,0.,-1.),(0.,1.,0.),(-0.866025295590343,
0.500000187397624,0.),(0.,1.,0.),(-0.866025295590343,0.500000187397624,
0.),(0.,0.,1.),(0.866025295590343,-0.500000187397624,0.),(0.,-1.,0.),(0.,
0.,1.),(0.,0.,-1.),(-0.866025295590343,-0.500000187397624,0.),(0.,-1.,0.),
(-0.866025295590343,-0.500000187397624,0.),(0.,-1.,0.),(0.,0.,1.),(0.,0.,
-1.),(0.,-1.,0.),(0.866025295590343,-0.500000187397624,0.),(0.,1.,0.),(0.866025295590343,
0.500000187397625,0.),(0.,0.,1.),(0.,0.,-1.),(0.866025295590343,-0.500000187397624,
0.),(0.866025295590343,0.500000187397625,0.),(-0.866025295590343,0.500000187397624,
0.),(0.,1.,0.),(0.,0.,1.),(0.,0.,-1.),(-0.866025295590343,-0.500000187397624,
0.),(0.,-1.,0.),(-0.866025295590343,-0.500000187397624,0.),(0.,-1.,0.),
(0.,0.,1.),(0.,0.,-1.),(0.866025295590343,0.500000187397625,0.),(0.,1.,
0.),(0.866025295590343,-0.500000187397624,0.),(0.,-1.,0.),(0.,0.,1.),(0.866025295590343,
0.500000187397625,0.),(0.866025295590343,-0.500000187397624,0.),(0.,0.,
1.),(0.,0.,-1.),(-0.866025295590343,0.500000187397624,0.),(-0.866025295590343,
-0.500000187397624,0.),(-0.866025295590343,0.500000187397624,0.),(-0.866025295590343,
-0.500000187397624,0.),(0.,0.,1.),(0.,0.,-1.),(-0.866025295590343,-0.500000187397624,
0.),(0.,-1.,0.),(-0.866025295590343,-0.500000187397624,0.),(0.,-1.,0.),
(0.,0.,1.),(0.,0.,-1.),(0.866025295590343,0.500000187397625,0.),(0.,1.,
0.),(0.866025295590343,0.500000187397625,0.),(0.866025295590343,-0.500000187397624,
0.),(0.,0.,1.),(0.,0.,-1.),(-0.866025295590343,0.500000187397624,0.),(-0.866025295590343,
-0.500000187397624,0.),(-0.866025295590343,0.500000187397624,0.),(-0.866025295590343,
-0.500000187397624,0.),(0.,0.,1.),(0.,0.,-1.),(0.,-1.,0.),(0.866025295590343,
-0.500000187397624,0.),(0.,0.,-1.),(0.,1.,0.),(-0.866025295590343,0.500000187397624,
0.),(0.,1.,0.),(0.866025295590343,0.500000187397625,0.),(0.,0.,1.),(0.,
0.,-1.),(0.866025295590343,-0.500000187397624,0.),(0.866025295590343,0.500000187397625,
0.),(0.,0.,-1.),(0.,1.,0.),(-0.866025295590343,0.500000187397624,0.),(0.,
1.,0.),(-0.866025295590343,0.500000187397624,0.),(0.,0.,1.),(0.,0.,-1.),
(0.,-1.,0.),(0.866025295590343,-0.500000187397624,0.),(0.,1.,0.),(0.866025295590343,
0.500000187397625,0.),(0.,0.,1.),(0.,0.,-1.),(0.866025295590343,-0.500000187397624,
0.),(0.866025295590343,0.500000187397625,0.),(-0.866025295590343,0.500000187397624,
0.),(0.,1.,0.),(0.,0.,1.),(0.,0.,-1.),(-0.866025295590343,-0.500000187397624,
0.),(0.,-1.,0.),(-0.866025295590343,-0.500000187397624,0.),(0.,-1.,0.),
(0.,0.,1.),(0.,0.,-1.),(0.866025295590343,0.500000187397625,0.),(0.,1.,
0.),(0.866025295590343,-0.500000187397624,0.),(0.,-1.,0.),(0.,0.,1.),(0.866025295590343,
0.500000187397625,0.),(0.866025295590343,-0.500000187397624,0.),(0.,0.,
1.),(0.,0.,-1.),(-0.866025295590343,-0.500000187397624,0.),(0.,-1.,0.),
(-0.866025295590343,-0.500000187397624,0.),(0.,-1.,0.),(0.,0.,1.),(0.866025295590343,
-0.500000187397624,0.),(0.,-1.,0.),(0.,0.,1.),(0.,0.,-1.),(-0.866025295590343,
-0.500000187397624,0.),(0.,-1.,0.),(-0.866025295590343,-0.500000187397624,
0.),(0.,-1.,0.),(0.,0.,1.),(0.,0.,-1.),(0.866025295590343,0.500000187397625,
0.),(0.,1.,0.),(0.866025295590343,0.500000187397625,0.),(0.866025295590343,
-0.500000187397624,0.),(0.,0.,1.),(0.,0.,-1.),(-0.866025295590343,0.500000187397624,
0.),(-0.866025295590343,-0.500000187397624,0.),(-0.866025295590343,0.500000187397624,
0.),(-0.866025295590343,-0.500000187397624,0.),(0.,0.,1.),(0.,0.,-1.),(0.,
-1.,0.),(0.866025295590343,-0.500000187397624,0.),(0.,0.,-1.),(0.,1.,0.),
(-0.866025295590343,0.500000187397624,0.),(0.,1.,0.),(0.866025295590343,
0.500000187397625,0.),(0.,0.,1.),(0.,0.,-1.),(0.866025295590343,-0.500000187397624,
0.),(0.866025295590343,0.500000187397625,0.),(0.,0.,-1.),(0.,1.,0.),(-0.866025295590343,
0.500000187397624,0.),(0.,1.,0.),(-0.866025295590343,0.500000187397624,
0.),(0.,0.,1.),(0.,0.,-1.),(0.866025295590343,-0.500000187397624,0.),(0.866025295590343,
0.500000187397625,0.),(0.,0.,-1.),(0.,-1.,0.),(0.866025295590343,-0.500000187397624,
0.),(0.,1.,0.),(0.866025295590343,0.500000187397625,0.),(0.,0.,1.),(-0.866025295590343,
0.500000187397624,0.),(0.,1.,0.),(0.,0.,1.),(0.866025295590343,-0.500000187397624,
0.),(0.,-1.,0.),(0.,0.,1.),(0.,0.,-1.),(0.866025295590343,0.500000187397625,
0.),(0.,1.,0.),(0.866025295590343,0.500000187397625,0.),(0.866025295590343,
-0.500000187397624,0.),(0.,0.,1.),(0.,0.,-1.),(-0.866025295590343,-0.500000187397624,
0.),(0.,-1.,0.),(-0.866025295590343,-0.500000187397624,0.),(0.,-1.,0.),
(0.,0.,1.),(0.,0.,-1.),(-0.866025295590343,0.500000187397624,0.),(-0.866025295590343,
-0.500000187397624,0.),(-0.866025295590343,0.500000187397624,0.),(-0.866025295590343,
-0.500000187397624,0.),(0.,0.,1.),(0.,0.,-1.),(0.866025295590343,0.500000187397625,
0.),(0.,1.,0.),(0.,0.,-1.),(-0.866025295590343,0.500000187397624,0.),(-0.866025295590343,
-0.500000187397624,0.),(-0.866025295590343,0.500000187397624,0.),(-0.866025295590343,
-0.500000187397624,0.),(0.,0.,1.),(0.866025295590343,0.500000187397625,
0.),(0.866025295590343,-0.500000187397624,0.),(0.,0.,1.),(0.,0.,-1.),(0.,
-1.,0.),(0.866025295590343,-0.500000187397624,0.),(0.,0.,-1.),(0.,1.,0.),
(-0.866025295590343,0.500000187397624,0.),(0.,1.,0.),(0.866025295590343,
0.500000187397625,0.),(0.,0.,1.),(0.,0.,-1.),(0.866025295590343,-0.500000187397624,
0.),(0.866025295590343,0.500000187397625,0.),(0.,0.,-1.),(0.,1.,0.),(-0.866025295590343,
0.500000187397624,0.),(0.,1.,0.),(-0.866025295590343,0.500000187397624,
0.),(0.,0.,1.),(0.866025295590343,-0.500000187397624,0.),(0.,-1.,0.),(0.,
0.,1.),(0.,0.,-1.),(-0.866025295590343,-0.500000187397624,0.),(0.,-1.,0.),
(-0.866025295590343,-0.500000187397624,0.),(0.,-1.,0.),(0.,0.,1.),(0.,0.,
-1.),(0.866025295590343,-0.500000187397624,0.),(0.866025295590343,0.500000187397625,
0.),(0.,0.,-1.),(0.,-1.,0.),(0.866025295590343,-0.500000187397624,0.),(0.,
1.,0.),(0.866025295590343,0.500000187397625,0.),(0.,0.,1.),(0.,0.,-1.),
(-0.866025295590343,-0.500000187397624,0.),(0.,-1.,0.),(-0.866025295590343,
0.500000187397624,0.),(0.,1.,0.),(0.,0.,1.),(0.,-1.,0.),(-0.866025295590343,
-0.500000187397624,0.),(0.,0.,1.),(0.866025295590343,-0.500000187397624,
0.),(0.,-1.,0.),(0.,0.,1.),(0.866025295590343,-0.500000187397624,0.),(0.,
-1.,0.),(0.,0.,1.),(0.,0.,-1.),(0.866025295590343,0.500000187397625,0.),
(0.,1.,0.),(0.866025295590343,0.500000187397625,0.),(0.866025295590343,
-0.500000187397624,0.),(0.,0.,1.),(0.,0.,-1.),(-0.866025295590343,-0.500000187397624,
0.),(0.,-1.,0.),(-0.866025295590343,-0.500000187397624,0.),(0.,-1.,0.),
(0.,0.,1.),(0.,0.,-1.),(-0.866025295590343,0.500000187397624,0.),(-0.866025295590343,
-0.500000187397624,0.),(-0.866025295590343,0.500000187397624,0.),(-0.866025295590343,
-0.500000187397624,0.),(0.,0.,1.),(0.,0.,-1.),(0.866025295590343,0.500000187397625,
0.),(0.,1.,0.),(0.866025295590343,0.500000187397625,0.),(0.866025295590343,
-0.500000187397624,0.),(0.,0.,1.),(0.,0.,-1.),(-0.866025295590343,0.500000187397624,
0.),(-0.866025295590343,-0.500000187397624,0.),(-0.866025295590343,0.500000187397624,
0.),(-0.866025295590343,-0.500000187397624,0.),(0.,0.,1.),(0.,0.,-1.),(0.,
-1.,0.),(0.866025295590343,-0.500000187397624,0.),(0.,0.,-1.),(0.,1.,0.),
(-0.866025295590343,0.500000187397624,0.),(0.,1.,0.),(0.866025295590343,
0.500000187397625,0.),(0.,0.,1.),(0.,0.,-1.),(0.866025295590343,-0.500000187397624,
0.),(0.866025295590343,0.500000187397625,0.),(0.,0.,-1.),(0.,1.,0.),(-0.866025295590343,
0.500000187397624,0.),(0.,1.,0.),(-0.866025295590343,0.500000187397624,
0.),(0.,0.,1.),(0.,0.,-1.),(0.,-1.,0.),(0.866025295590343,-0.500000187397624,
0.),(0.,0.,-1.),(-0.866025295590343,0.500000187397624,0.),(-0.866025295590343,
-0.500000187397624,0.),(-0.866025295590343,0.500000187397624,0.),(-0.866025295590343,
-0.500000187397624,0.),(0.,0.,1.),(0.,-1.,0.),(-0.866025295590343,-0.500000187397624,
0.),(0.,0.,1.),(-0.866025295590343,-0.500000187397624,0.),(0.,0.,1.),(-0.866025295590343,
0.500000187397624,0.),(0.,0.,-1.),(0.866025295590343,-0.500000187397624,
0.),(0.866025295590343,0.500000187397625,0.),(0.866025295590343,-0.500000187397624,
0.),(0.,-1.,0.),(0.,0.,1.),(-0.866025295590343,0.500000187397624,0.),(0.,
1.,0.),(0.,0.,1.),(0.,0.,-1.),(0.866025295590343,0.500000187397625,0.),
(0.,1.,0.),(0.,0.,-1.),(-0.866025295590343,0.500000187397624,0.),(-0.866025295590343,
-0.500000187397624,0.),(-0.866025295590343,0.500000187397624,0.),(-0.866025295590343,
-0.500000187397624,0.),(0.,0.,1.),(0.866025295590343,0.500000187397625,
0.),(0.866025295590343,-0.500000187397624,0.),(0.,0.,1.),(0.,0.,-1.),(-0.866025295590343,
-0.500000187397624,0.),(0.,-1.,0.),(0.,0.,-1.),(0.,1.,0.),(-0.866025295590343,
0.500000187397624,0.),(0.,1.,0.),(-0.866025295590343,0.500000187397624,
0.),(0.,0.,1.),(-0.866025295590343,-0.500000187397624,0.),(-0.866025295590343,
0.500000187397624,0.),(0.,0.,1.),(0.,0.,-1.),(0.,1.,0.),(-0.866025295590343,
0.500000187397624,0.),(0.,0.,-1.),(-0.866025295590343,-0.500000187397624,
0.),(0.,-1.,0.),(-0.866025295590343,0.500000187397624,0.),(0.,1.,0.),(0.,
0.,1.),(0.,0.,-1.),(-0.866025295590343,0.500000187397624,0.),(-0.866025295590343,
-0.500000187397624,0.),(1.,0.,0.),(0.,0.500000187397624,0.866025295590343),
(0.,1.,0.),(0.,-0.500000187397624,0.866025295590343),(0.,-1.,0.),(-1.,0.,
0.),(0.,0.500000187397624,0.866025295590343),(0.,-0.500000187397624,0.866025295590343),
(-1.,0.,0.),(1.,0.,0.),(0.,-1.,0.),(0.,-0.500000187397624,0.866025295590343),
(1.,0.,0.),(0.,0.500000187397624,0.866025295590343),(0.,1.,0.),(0.,0.500000187397624,
0.866025295590343),(0.,-0.500000187397624,0.866025295590343),(-1.,0.,0.),
(0.,-0.500000187397624,0.866025295590343),(-1.,0.,0.),(0.,-1.,0.),(0.,-1.,
0.),(0.,-0.500000187397625,-0.866025295590342),(-1.,0.,0.),(1.,0.,0.),(0.,
1.,0.),(0.,0.500000187397625,-0.866025295590342),(0.,1.,0.),(0.,0.500000187397624,
0.866025295590343),(-1.,0.,0.),(0.,0.,-1.),(0.,-1.,0.),(0.866025295590343,
-0.500000187397624,0.),(0.,1.,0.),(0.866025295590343,0.500000187397625,
0.),(0.,0.,1.),(0.,0.,-1.),(0.866025295590343,-0.500000187397624,0.),(0.866025295590343,
0.500000187397625,0.),(-0.866025295590343,0.500000187397624,0.),(0.,1.,
0.),(0.,0.,1.),(0.866025295590343,-0.500000187397624,0.),(0.,-1.,0.),(0.,
0.,1.),(0.,-1.,0.),(0.,0.,1.),(-0.866025295590343,-0.500000187397624,0.),
(0.,0.,-1.),(0.866025295590343,0.500000187397625,0.),(0.,1.,0.),(0.866025295590343,
0.500000187397625,0.),(0.866025295590343,-0.500000187397624,0.),(0.,0.,
1.),(0.,0.,-1.),(-0.866025295590343,0.500000187397624,0.),(-0.866025295590343,
-0.500000187397624,0.),(-0.866025295590343,0.500000187397624,0.),(-0.866025295590343,
-0.500000187397624,0.),(0.,0.,1.),(0.,0.,-1.),(0.,-1.,0.),(0.866025295590343,
-0.500000187397624,0.),(0.,1.,0.),(0.866025295590343,0.500000187397625,
0.),(0.,0.,1.),(0.,0.,-1.),(0.866025295590343,-0.500000187397624,0.),(0.866025295590343,
0.500000187397625,0.),(-0.866025295590343,0.500000187397624,0.),(0.,1.,
0.),(0.,0.,1.),(0.,0.,-1.),(-0.866025295590343,-0.500000187397624,0.),(0.,
-1.,0.),(0.,-1.,0.),(0.866025295590343,-0.500000187397624,0.),(0.,0.,1.),
(0.,-1.,0.),(-0.866025295590343,-0.500000187397624,0.),(0.,0.,1.),(0.866025295590343,
-0.500000187397624,0.),(0.,-1.,0.),(0.,0.,1.),(0.,-1.,0.),(0.,0.,1.),(-0.866025295590343,
-0.500000187397624,0.),(0.,0.,-1.),(0.866025295590343,0.500000187397625,
0.),(0.,1.,0.),(0.866025295590343,0.500000187397625,0.),(0.866025295590343,
-0.500000187397624,0.),(0.,0.,1.),(-0.866025295590343,-0.500000187397624,
0.),(-0.866025295590343,0.500000187397624,0.),(0.,0.,1.),(0.,0.,-1.),(0.,
1.,0.),(-0.866025295590343,0.500000187397624,0.),(0.,0.,-1.),(-0.866025295590343,
-0.500000187397624,0.),(0.,-1.,0.),(-0.866025295590343,0.500000187397624,
0.),(0.,1.,0.),(0.,0.,1.),(0.,0.,-1.),(-0.866025295590343,0.500000187397624,
0.),(-0.866025295590343,-0.500000187397624,0.),(1.,0.,0.),(0.,0.500000187397624,
0.866025295590343),(0.,1.,0.),(1.,0.,0.),(0.,-1.,0.),(0.,-0.500000187397624,
0.866025295590343),(0.,-0.500000187397624,0.866025295590343),(0.,0.500000187397624,
0.866025295590343),(-1.,0.,0.),(0.,-0.500000187397624,0.866025295590343),
(0.,-1.,0.),(-1.,0.,0.),(1.,0.,0.),(0.,0.500000187397624,0.866025295590343),
(0.,1.,0.),(1.,0.,0.),(0.,-1.,0.),(0.,-0.500000187397624,0.866025295590343),
(0.,-1.,0.),(0.,-0.500000187397624,0.866025295590343),(-1.,0.,0.),(0.,0.500000187397624,
0.866025295590343),(0.,-0.500000187397624,0.866025295590343),(-1.,0.,0.),
(1.,0.,0.),(0.,-1.,0.),(0.,-0.500000187397624,0.866025295590343),(0.,-1.,
0.),(0.,-0.500000187397624,0.866025295590343),(-1.,0.,0.),(1.,0.,0.),(0.,
0.500000187397624,0.866025295590343),(0.,1.,0.),(1.,0.,0.),(0.,-0.500010924376867,
0.866019096500643),(0.,0.500010924376863,0.866019096500646),(0.,0.500000187397624,
0.866025295590343),(0.,-0.500000187397624,0.866025295590343),(-1.,0.,0.),
(1.,0.,0.),(0.,1.,0.),(0.,0.500000187397625,-0.866025295590342),(0.,1.,
0.),(0.,0.500000187397624,0.866025295590343),(-1.,0.,0.),(1.,0.,0.),(0.,
-0.500000187397625,-0.866025295590342),(0.,-1.,0.),(0.,-0.500000187397625,
-0.866025295590342),(0.,-1.,0.),(-1.,0.,0.),(1.,0.,0.),(0.,1.,0.),(0.,0.500000187397625,
-0.866025295590342),(0.,1.,0.),(0.,0.500000187397624,0.866025295590343),
(-1.,0.,0.),(1.,0.,0.),(0.,-0.500000187397625,-0.866025295590342),(0.,-1.,
0.),(0.,-0.500000187397625,-0.866025295590342),(0.,-1.,0.),(-1.,0.,0.),
(1.,0.,0.),(0.,-0.500000187397624,0.866025295590343),(0.,0.500000187397624,
0.866025295590343),(0.,0.500000187397625,-0.866025295590342),(0.,1.,0.),
(-1.,0.,0.),(1.,0.,0.),(0.,0.500000187397624,0.866025295590343),(0.,1.,
0.),(1.,0.,0.),(0.,0.500000187397625,-0.866025295590342),(0.,-0.500000187397625,
-0.866025295590342),(0.,0.500000187397625,-0.866025295590342),(0.,-0.500000187397625,
-0.866025295590342),(-1.,0.,0.),(0.,0.500000187397624,0.866025295590343),
(0.,-0.500000187397624,0.866025295590343),(-1.,0.,0.),(0.,-0.500000187397624,
0.866025295590343),(-1.,0.,0.),(0.,-1.,0.),(0.,-0.500000187397625,-0.866025295590342),
(0.,0.500000187397625,-0.866025295590342),(-1.,0.,0.),(1.,0.,0.),(0.,-0.500000187397624,
0.866025295590343),(0.,0.500000187397624,0.866025295590343),(0.,0.500000187397625,
-0.866025295590342),(0.,1.,0.),(-1.,0.,0.),(1.,0.,0.),(0.,-0.500000187397625,
-0.866025295590342),(0.,-1.,0.),(1.,0.,0.),(0.,0.500000187397625,-0.866025295590342),
(0.,-0.500000187397625,-0.866025295590342),(1.,0.,0.),(0.,-0.500000187397624,
0.866025295590343),(0.,0.500000187397624,0.866025295590343),(0.,0.500000187397625,
-0.866025295590342),(0.,1.,0.),(-1.,0.,0.),(0.,-1.,0.),(0.,-0.500000187397625,
-0.866025295590342),(-1.,0.,0.),(1.,0.,0.),(0.,0.500000187397624,0.866025295590343),
(0.,1.,0.),(0.,-0.500000187397625,-0.866025295590342),(0.,0.500000187397625,
-0.866025295590342),(-1.,0.,0.),(1.,0.,0.),(0.,-1.,0.),(0.,-0.500000187397624,
0.866025295590343),(1.,0.,0.),(0.,1.,0.),(0.,0.500000187397625,-0.866025295590342),
(0.,1.,0.),(0.,0.500000187397624,0.866025295590343),(-1.,0.,0.),(0.,0.500000187397624,
0.866025295590343),(-1.,0.,0.),(0.,-0.500000187397624,0.866025295590343),
(0.,-0.500000187397624,0.866025295590343),(0.,-1.,0.),(-1.,0.,0.),(1.,0.,
0.),(0.,-1.,0.),(0.,-0.500000187397624,0.866025295590343),(1.,0.,0.),(0.,
1.,0.),(0.,0.500000187397625,-0.866025295590342),(0.,1.,0.),(0.,0.500000187397624,
0.866025295590343),(-1.,0.,0.),(1.,0.,0.),(0.,0.500000187397624,0.866025295590343),
(0.,1.,0.),(0.,0.500000187397624,0.866025295590343),(0.,-0.500000187397624,
0.866025295590343),(-1.,0.,0.),(0.,-0.500000187397624,0.866025295590343),
(-1.,0.,0.),(0.,-1.,0.),(0.,-1.,0.),(0.,0.,-1.),(0.866025295590343,-0.500000187397624,
0.),(0.,0.,-1.),(-0.866025295590343,0.500000187397624,0.),(-0.866025295590343,
-0.500000187397624,0.),(-0.866025295590343,0.500000187397624,0.),(-0.866025295590343,
-0.500000187397624,0.),(0.,0.,1.),(0.,1.,0.),(0.866025295590343,0.500000187397625,
0.),(0.,0.,1.),(0.,0.,-1.),(0.866025295590343,-0.500000187397624,0.),(0.866025295590343,
0.500000187397625,0.),(0.866025295590343,-0.500000187397624,0.),(0.,-1.,
0.),(0.,0.,1.),(0.,0.,-1.),(-0.866025295590343,-0.500000187397624,0.),(0.,
-1.,0.),(-0.866025295590343,-0.500000187397624,0.),(0.,-1.,0.),(0.,0.,1.),
(-0.866025295590343,0.500000187397624,0.),(0.,1.,0.),(0.,0.,1.),(0.,0.,
-1.),(-0.866025295590343,-0.500000187397624,0.),(0.,-1.,0.),(0.,0.,-1.),
(0.866025295590343,0.500000187397625,0.),(0.,1.,0.),(0.866025295590343,
0.500000187397625,0.),(0.866025295590343,-0.500000187397624,0.),(0.,0.,
1.),(0.,0.,-1.),(0.866025295590343,0.500000187397625,0.),(0.,1.,0.),(0.866025295590343,
0.500000187397625,0.),(0.866025295590343,-0.500000187397624,0.),(0.,0.,
1.),(0.,0.,-1.),(0.,-1.,0.),(0.866025295590343,-0.500000187397624,0.),(0.,
0.,-1.),(-0.866025295590343,0.500000187397624,0.),(-0.866025295590343,-0.500000187397624,
0.),(-0.866025295590343,0.500000187397624,0.),(-0.866025295590343,-0.500000187397624,
0.),(0.,0.,1.),(0.,0.,-1.),(0.,1.,0.),(-0.866025295590343,0.500000187397624,
0.),(0.,1.,0.),(0.866025295590343,0.500000187397625,0.),(0.,0.,1.),(0.,
0.,-1.),(0.866025295590343,-0.500000187397624,0.),(0.866025295590343,0.500000187397625,
0.),(0.866025295590343,-0.500000187397624,0.),(0.,-1.,0.),(0.,0.,1.),(0.,
0.,-1.),(0.866025295590343,-0.500000187397624,0.),(0.866025295590343,0.500000187397625,
0.),(0.,0.,-1.),(-0.866025295590343,-0.500000187397624,0.),(0.,-1.,0.),
(-0.866025295590343,-0.500000187397624,0.),(0.,-1.,0.),(0.,0.,1.),(0.,0.,
-1.),(0.,1.,0.),(-0.866025295590343,0.500000187397624,0.),(0.,1.,0.),(-0.866025295590343,
0.500000187397624,0.),(0.,0.,1.),(0.,-1.,0.),(-0.866025295590343,-0.500000187397624,
0.),(0.,0.,1.),(0.,0.,-1.),(-0.866025295590343,0.500000187397624,0.),(-0.866025295590343,
-0.500000187397624,0.),(-0.866025295590343,0.500000187397624,0.),(-0.866025295590343,
-0.500000187397624,0.),(0.,0.,1.),(0.,0.,-1.),(0.,-1.,0.),(0.866025295590343,
-0.500000187397624,0.),(0.,1.,0.),(0.866025295590343,0.500000187397625,
0.),(0.,0.,1.),(0.,0.,-1.),(0.866025295590343,-0.500000187397624,0.),(0.866019096500644,
0.500010924376866,0.),(-0.866025295590343,0.500000187397624,0.),(0.,1.,
0.),(0.,0.,1.),(0.,0.,-1.),(-0.866019096500643,-0.500010924376868,0.),(0.,
-1.,0.),(0.,-1.,0.),(0.866025295590343,-0.500000187397624,0.),(0.,0.,1.),
(0.,0.,-1.),(0.866019096500644,0.500010924376866,0.),(0.,1.,0.),(0.866019096500644,
0.500010924376866,0.),(0.866025295590343,-0.500000187397624,0.),(0.,0.,
1.),(0.,0.,-1.),(-0.866025295590343,-0.500000187397624,0.),(0.,-1.,0.),
(0.,0.,-1.),(0.866025295590343,0.500000187397625,0.),(0.,1.,0.),(0.866025295590343,
0.500000187397625,0.),(0.866025295590343,-0.500000187397624,0.),(0.,0.,
1.),(0.,-1.,0.),(-0.866025295590343,-0.500000187397624,0.),(0.,0.,1.),(0.,
0.,-1.),(-0.866019096500644,0.500010924376867,0.),(-0.866025295590343,-0.500000187397624,
0.),(-0.866019096500644,0.500010924376867,0.),(-0.866025295590343,-0.500000187397624,
0.),(0.,0.,1.),(0.,0.,-1.),(0.,-1.,0.),(0.866019096500643,-0.500010924376868,
0.),(0.,0.,-1.),(0.,1.,0.),(-0.866025295590343,0.500000187397624,0.),(0.,
1.,0.),(0.866025295590343,0.500000187397625,0.),(0.,0.,1.),(0.,0.,-1.),
(0.866019096500643,-0.500010924376868,0.),(0.866019096500644,0.500010924376866,
0.),(0.,0.,-1.),(0.,1.,0.),(-0.866019096500644,0.500010924376867,0.),(0.,
1.,0.),(-0.866019096500644,0.500010924376867,0.),(0.,0.,1.),(0.,0.,-1.),
(0.,-1.,0.),(0.866025295590343,-0.500000187397624,0.),(0.,1.,0.),(0.866025295590343,
0.500000187397625,0.),(0.,0.,1.),(-0.866025295590343,0.500000187397624,
0.),(0.,1.,0.),(0.,0.,1.),(0.866025295590343,-0.500000187397624,0.),(0.,
-1.,0.),(0.,0.,1.),(0.,0.,-1.),(0.866025295590343,0.500000187397625,0.),
(0.,1.,0.),(0.866025295590343,0.500000187397625,0.),(0.866025295590343,
-0.500000187397624,0.),(0.,0.,1.),(0.,0.,-1.),(-0.866025295590343,-0.500000187397624,
0.),(0.,-1.,0.),(-0.866025295590343,-0.500000187397624,0.),(0.,-1.,0.),
(0.,0.,1.),(0.,0.,-1.),(0.866025295590343,0.500000187397625,0.),(0.,1.,
0.),(0.866025295590343,0.500000187397625,0.),(0.866025295590343,-0.500000187397624,
0.),(0.,0.,1.),(0.,0.,-1.),(-0.866025295590343,0.500000187397624,0.),(-0.866025295590343,
-0.500000187397624,0.),(-0.866025295590343,0.500000187397624,0.),(-0.866025295590343,
-0.500000187397624,0.),(0.,0.,1.),(0.,0.,-1.),(0.,-1.,0.),(0.866025295590343,
-0.500000187397624,0.),(0.,0.,-1.),(0.,1.,0.),(-0.866025295590343,0.500000187397624,
0.),(0.,1.,0.),(0.866025295590343,0.500000187397625,0.),(0.,0.,1.),(0.,
0.,-1.),(0.866025295590343,-0.500000187397624,0.),(0.866025295590343,0.500000187397625,
0.),(0.,0.,-1.),(0.,1.,0.),(-0.866025295590343,0.500000187397624,0.),(0.,
1.,0.),(-0.866025295590343,0.500000187397624,0.),(0.,0.,1.),(0.,0.,-1.),
(0.,-1.,0.),(0.866025295590343,-0.500000187397624,0.),(0.,0.,-1.),(-0.866025295590343,
0.500000187397624,0.),(-0.866025295590343,-0.500000187397624,0.),(-0.866025295590343,
0.500000187397624,0.),(-0.866025295590343,-0.500000187397624,0.),(0.,0.,
1.),(0.,1.,0.),(0.866025295590343,0.500000187397625,0.),(0.,0.,1.),(0.,
0.,-1.),(0.866025295590343,-0.500000187397624,0.),(0.866019096500644,0.500010924376866,
0.),(0.866025295590343,-0.500000187397624,0.),(0.,-1.,0.),(0.,0.,1.),(0.,
0.,-1.),(-0.866025295590343,-0.500000187397624,0.),(0.,-1.,0.),(-0.866025295590343,
-0.500000187397624,0.),(0.,-1.,0.),(0.,0.,1.),(-0.866025295590343,0.500000187397624,
0.),(0.,1.,0.),(0.,0.,1.),(0.,0.,-1.),(-0.866019096500643,-0.500010924376868,
0.),(0.,-1.,0.),(0.,0.,-1.),(0.866019096500644,0.500010924376866,0.),(0.,
1.,0.),(0.866019096500644,0.500010924376866,0.),(0.866025295590343,-0.500000187397624,
0.),(0.,0.,1.),(0.866025295590343,-0.500000187397624,0.),(0.,0.,1.),(0.,
-1.,0.),(0.,0.,-1.),(-0.866025295590343,-0.500000187397624,0.),(0.,-1.,
0.),(-0.866025295590343,-0.500000187397624,0.),(0.,-1.,0.),(0.,0.,1.),(0.,
0.,-1.),(0.866025295590343,0.500000187397625,0.),(0.,1.,0.),(0.866025295590343,
0.500000187397625,0.),(0.866025295590343,-0.500000187397624,0.),(0.,0.,
1.),(0.,0.,-1.),(0.,-1.,0.),(0.866019096500643,-0.500010924376868,0.),(0.,
0.,-1.),(-0.866019096500644,0.500010924376867,0.),(-0.866025295590343,-0.500000187397624,
0.),(-0.866019096500644,0.500010924376867,0.),(-0.866025295590343,-0.500000187397624,
0.),(0.,0.,1.),(0.,0.,-1.),(0.,1.,0.),(-0.866025295590343,0.500000187397624,
0.),(0.,1.,0.),(0.866025295590343,0.500000187397625,0.),(0.,0.,1.),(0.,
0.,-1.),(0.866019096500643,-0.500010924376868,0.),(0.866019096500644,0.500010924376866,
0.),(0.866019096500643,-0.500010924376868,0.),(0.,-1.,0.),(0.,0.,1.),(0.,
0.,-1.),(-0.866019096500643,-0.500010924376868,0.),(0.,-1.,0.),(-0.866019096500643,
-0.500010924376868,0.),(0.,-1.,0.),(0.,0.,1.),(0.,-1.,0.),(0.,0.,1.),(-0.866019096500643,
-0.500010924376868,0.),(0.,0.,-1.),(-0.866019096500644,0.500010924376867,
0.),(-0.866019096500643,-0.500010924376868,0.),(-0.866019096500644,0.500010924376867,
0.),(-0.866019096500643,-0.500010924376868,0.),(0.,0.,1.),(0.,0.,-1.),(0.866019096500644,
0.500010924376866,0.),(0.,1.,0.),(0.866019096500644,0.500010924376866,0.),
(0.,1.,0.),(0.,0.,1.),(-0.866019096500644,0.500010924376867,0.),(0.,1.,
0.),(0.,0.,1.),(0.866019096500643,-0.500010924376868,0.),(0.,-1.,0.),(0.,
0.,1.),(0.,-1.,0.),(0.,0.,1.),(-0.866019096500643,-0.500010924376868,0.),
(0.866019096500644,0.500010924376866,0.),(0.866019096500643,-0.500010924376868,
0.),(0.,0.,1.),(0.,1.,0.),(0.866019096500644,0.500010924376866,0.),(0.,
0.,1.),(0.,1.,0.),(-0.866019096500644,0.500010924376867,0.),(0.,0.,-1.),
(-0.866019096500644,0.500010924376867,0.),(0.,0.,-1.),(-0.866019096500643,
-0.500010924376868,0.),(-0.866019096500643,-0.500010924376868,0.),(-0.866019096500644,
0.500010924376867,0.),(0.,0.,1.),(0.,0.,-1.),(0.866019096500644,0.500010924376866,
0.),(0.,1.,0.),(0.,1.,0.),(0.,0.,-1.),(-0.866019096500644,0.500010924376867,
0.),(0.,1.,0.),(0.866019096500644,0.500010924376866,0.),(0.,0.,1.),(-0.866019096500644,
0.500010924376867,0.),(0.,1.,0.),(0.,0.,1.),(-0.866019096500644,0.500010924376867,
0.),(0.,1.,0.),(0.,0.,1.),(0.866019096500644,0.500010924376866,0.),(0.866019096500643,
-0.500010924376868,0.),(0.,0.,1.),(0.,1.,0.),(0.866019096500644,0.500010924376866,
0.),(0.,0.,1.),(0.,1.,0.),(-0.866019096500644,0.500010924376867,0.),(0.,
0.,-1.),(0.,0.,-1.),(-0.866025295590343,0.500000187397624,0.),(-0.866025295590343,
-0.500000187397624,0.),(-0.866025295590343,0.500000187397624,0.),(-0.866025295590343,
-0.500000187397624,0.),(0.,0.,1.),(0.,0.,-1.),(0.,-1.,0.),(0.866025295590343,
-0.500000187397624,0.),(0.,1.,0.),(0.866025295590343,0.500000187397625,
0.),(0.,0.,1.),(0.,0.,-1.),(0.866025295590343,-0.500000187397624,0.),(0.866025295590343,
0.500000187397625,0.),(-0.866025295590343,0.500000187397624,0.),(0.,1.,
0.),(0.,0.,1.),(0.866025295590343,-0.500000187397624,0.),(0.,-1.,0.),(0.,
0.,1.),(0.,-1.,0.),(0.,0.,1.),(-0.866025295590343,-0.500000187397624,0.),
(0.,0.,-1.),(0.866025295590343,0.500000187397625,0.),(0.,1.,0.),(0.866025295590343,
0.500000187397625,0.),(0.866025295590343,-0.500000187397624,0.),(0.,0.,
1.),(-0.866025295590343,-0.500000187397624,0.),(-0.866025295590343,0.500000187397624,
0.),(0.,0.,1.),(0.,0.,-1.),(0.,1.,0.),(-0.866025295590343,0.500000187397624,
0.),(0.,0.,-1.),(-0.866025295590343,-0.500000187397624,0.),(0.,-1.,0.),
(-0.866025295590343,0.500000187397624,0.),(0.,1.,0.),(0.,0.,1.),(0.,0.,
-1.),(-0.866019096500644,0.500010924376867,0.),(-0.866025295590343,-0.500000187397624,
0.),(0.,0.,-1.),(-0.866025295590343,0.500000187397624,0.),(-0.866025295590343,
-0.500000187397624,0.),(-0.866025295590343,0.500000187397624,0.),(-0.866025295590343,
-0.500000187397624,0.),(0.,0.,1.),(0.,0.,-1.),(0.,-1.,0.),(0.866025295590343,
-0.500000187397624,0.),(0.,1.,0.),(0.866025295590343,0.500000187397625,
0.),(0.,0.,1.),(0.,0.,-1.),(0.866025295590343,-0.500000187397624,0.),(0.866019096500644,
0.500010924376866,0.),(-0.866025295590343,0.500000187397624,0.),(0.,1.,
0.),(0.,0.,1.),(0.866025295590343,-0.500000187397624,0.),(0.,-1.,0.),(0.,
0.,1.),(0.,-1.,0.),(0.,0.,1.),(-0.866025295590343,-0.500000187397624,0.),
(0.,0.,-1.),(0.866019096500644,0.500010924376866,0.),(0.,1.,0.),(0.866019096500644,
0.500010924376866,0.),(0.866025295590343,-0.500000187397624,0.),(0.,0.,
1.),(-0.866025295590343,-0.500000187397624,0.),(-0.866019096500644,0.500010924376867,
0.),(0.,0.,1.),(-0.866019096500644,0.500010924376867,0.),(0.,0.,1.),(0.,
1.,0.),(-0.866019096500644,0.500010924376867,0.),(0.,0.,-1.),(0.,1.,0.),
(0.,1.,0.),(1.,0.,0.),(0.,0.500000187397625,-0.866025295590342),(0.,1.,
0.),(0.,0.500000187397624,0.866025295590343),(-1.,0.,0.),(1.,0.,0.),(0.,
-0.500000187397625,-0.866025295590342),(0.,-1.,0.),(0.,-0.500000187397625,
-0.866025295590342),(0.,-1.,0.),(-1.,0.,0.),(0.,0.,-1.),(-0.866019096500644,
0.500010924376867,0.),(-0.866019096500643,-0.500010924376868,0.),(0.,1.,
0.),(0.866019096500644,0.500010924376866,0.),(0.,0.,1.),(-0.866019096500644,
0.500010924376867,0.),(0.,1.,0.),(0.,0.,1.),(-0.866019096500643,-0.500010924376868,
0.),(-0.866019096500644,0.500010924376867,0.),(0.,0.,1.),(1.,0.,0.),(0.,
-1.,0.),(0.,-0.500010924376867,0.866019096500643),(0.,-1.,0.),(0.,-0.500010924376867,
0.866019096500643),(-1.,0.,0.),(0.,0.500010924376863,0.866019096500646),
(0.,-0.500010924376867,0.866019096500643),(-1.,0.,0.),(0.,0.500010924376863,
0.866019096500646),(0.,1.,0.),(1.,0.,0.),(0.,1.,0.),(1.,0.,0.),(0.,0.500000187397625,
-0.866025295590342),(0.,1.,0.),(0.,0.500000187397624,0.866025295590343),
(-1.,0.,0.),(1.,0.,0.),(0.,-0.50001092437687,-0.866019096500642),(0.,-1.,
0.),(0.,-0.50001092437687,-0.866019096500642),(0.,-1.,0.),(-1.,0.,0.),(0.,
1.,0.),(0.,0.500010924376863,0.866019096500646),(-1.,0.,0.),(0.,1.,0.),
(0.,0.500010924376857,-0.866019096500649),(1.,0.,0.),(0.,1.,0.),(-1.,0.,
0.),(0.,0.500010924376857,-0.866019096500649),(1.,0.,0.),(0.,0.500000187397625,
-0.866025295590342),(0.,-0.500000187397625,-0.866025295590342),(0.,0.500000187397625,
-0.866025295590342),(0.,-0.500000187397625,-0.866025295590342),(-1.,0.,
0.),(1.,0.,0.),(0.,-0.500000187397624,0.866025295590343),(0.,0.500000187397624,
0.866025295590343),(0.,0.500000187397625,-0.866025295590342),(0.,1.,0.),
(-1.,0.,0.),(1.,0.,0.),(0.,0.500000187397624,0.866025295590343),(0.,1.,
0.),(1.,0.,0.),(0.,0.500000187397625,-0.866025295590342),(0.,-0.500000187397625,
-0.866025295590342),(0.,0.500000187397625,-0.866025295590342),(0.,-0.500000187397625,
-0.866025295590342),(-1.,0.,0.),(1.,0.,0.),(0.,-1.,0.),(0.,-0.500000187397624,
0.866025295590343),(1.,0.,0.),(0.,1.,0.),(0.,0.500000187397625,-0.866025295590342),
(0.,1.,0.),(0.,0.500000187397624,0.866025295590343),(-1.,0.,0.),(0.,0.500000187397624,
0.866025295590343),(-1.,0.,0.),(0.,-0.500000187397624,0.866025295590343),
(0.,-0.500000187397624,0.866025295590343),(0.,-1.,0.),(-1.,0.,0.),(1.,0.,
0.),(0.,-1.,0.),(0.,-0.500000187397624,0.866025295590343),(0.,0.500000187397624,
0.866025295590343),(-1.,0.,0.),(0.,1.,0.),(1.,0.,0.),(0.,-0.500000187397624,
0.866025295590343),(0.,0.500010924376863,0.866019096500646),(0.,0.500000187397625,
-0.866025295590342),(0.,1.,0.),(-1.,0.,0.),(0.,-0.500000187397624,0.866025295590343),
(0.,-1.,0.),(-1.,0.,0.),(-1.,0.,0.),(0.,-0.500000187397624,0.866025295590343),
(0.,0.500010924376863,0.866019096500646),(0.,1.,0.),(-0.866025295590343,
0.500000187397624,0.),(0.,0.,-1.),(0.,1.,0.),(0.,0.,1.),(-0.866025295590343,
0.500000187397624,0.),(0.,0.,1.),(0.866025295590343,0.500000187397625,0.),
(0.866025295590343,-0.500000187397624,0.),(-0.866025295590343,0.500000187397624,
0.),(-0.866025295590343,-0.500000187397624,0.),(0.,0.,-1.),(0.866025295590343,
-0.500000187397624,0.),(0.866025295590343,0.500000187397625,0.),(0.,0.,
-1.),(0.,-1.,0.),(0.866025295590343,-0.500000187397624,0.),(0.,0.,-1.),
(0.,0.,1.),(-0.866025295590343,-0.500000187397624,0.),(-0.866025295590343,
0.500000187397624,0.),(-0.866025295590343,-0.500000187397624,0.),(0.,-1.,
0.),(0.,0.,-1.),(0.,0.,1.),(0.,1.,0.),(0.866025295590343,0.500000187397625,
0.),(0.,1.,0.),(0.866025295590343,0.500000187397625,0.),(0.,0.,-1.),(0.,
0.,-1.),(-0.866025295590343,-0.500000187397624,0.),(-0.866025295590343,
0.500000187397624,0.),(-0.866025295590343,0.500000187397624,0.),(0.,1.,
0.),(0.,0.,-1.),(0.,1.,0.),(0.,0.,1.),(-0.866025295590343,0.500000187397624,
0.),(0.,0.,1.),(-0.866025295590343,0.500000187397624,0.),(-0.866025295590343,
-0.500000187397624,0.),(0.,0.,1.),(0.,-1.,0.),(-0.866025295590343,-0.500000187397624,
0.),(0.,-1.,0.),(-0.866025295590343,-0.500000187397624,0.),(0.,0.,-1.),
(0.,0.,1.),(0.866025295590343,0.500000187397625,0.),(0.866025295590343,
-0.500000187397624,0.),(0.866025295590343,-0.500000187397624,0.),(0.,0.,
1.),(0.,-1.,0.),(0.,0.,1.),(0.866025295590343,0.500000187397625,0.),(0.866025295590343,
-0.500000187397624,0.),(-0.866025295590343,0.500000187397624,0.),(-0.866025295590343,
-0.500000187397624,0.),(0.,0.,-1.),(0.866025295590343,-0.500000187397624,
0.),(0.866025295590343,0.500000187397625,0.),(0.,0.,-1.),(0.,-1.,0.),(0.866025295590343,
-0.500000187397624,0.),(0.,0.,-1.),(0.866025295590343,-0.500000187397624,
0.),(0.,0.,-1.),(0.866025295590343,0.500000187397625,0.),(0.,0.,1.),(-0.866025295590343,
-0.500000187397624,0.),(-0.866025295590343,0.500000187397624,0.),(0.,0.,
1.),(0.,1.,0.),(0.866025295590343,0.500000187397625,0.),(0.,1.,0.),(0.866025295590343,
0.500000187397625,0.),(0.,0.,-1.),(0.,-1.,0.),(0.866025295590343,-0.500000187397624,
0.),(0.,0.,-1.),(-0.866025295590343,-0.500000187397624,0.),(0.,-1.,0.),
(0.,0.,-1.),(0.,0.,-1.),(-0.866025295590343,-0.500000187397624,0.),(-0.866025295590343,
0.500000187397624,0.),(-0.866025295590343,0.500000187397624,0.),(0.,1.,
0.),(0.,0.,-1.),(0.,-1.,0.),(0.,-0.500000187397625,-0.866025295590342),
(-1.,0.,0.),(1.,0.,0.),(0.,-0.500000187397625,-0.866025295590342),(0.,-1.,
0.),(0.,-0.500000187397625,-0.866025295590342),(0.,-1.,0.),(-1.,0.,0.),
(1.,0.,0.),(0.,-0.500000187397625,-0.866025295590342),(0.,-1.,0.),(0.,-0.500000187397625,
-0.866025295590342),(0.,-1.,0.),(-1.,0.,0.),(0.,0.500000187397625,-0.866025295590342),
(0.,1.,0.),(-1.,0.,0.),(0.,-0.500000187397625,-0.866025295590342),(0.,0.500000187397625,
-0.866025295590342),(-1.,0.,0.),(0.,0.500000187397625,-0.866025295590342),
(-1.,0.,0.),(0.,1.,0.),(-0.866025295590343,-0.500000187397624,0.),(0.,-1.,
0.),(0.,0.,-1.),(-0.866025295590343,0.500000187397624,0.),(-0.866025295590343,
-0.500000187397624,0.),(0.,0.,-1.),(0.866025295590343,-0.500000187397624,
0.),(0.866024408969189,0.500001723066599,0.),(0.,0.,-1.),(0.866025295590343,
-0.500000187397624,0.),(0.,0.,1.),(0.866024905743423,0.500000862630564,
0.),(0.,-1.,0.),(0.866025295590343,-0.500000187397624,0.),(0.,0.,-1.),(-0.866025295590343,
-0.500000187397624,0.),(0.,-1.,0.),(0.,0.,-1.),(0.,0.,-1.),(-0.866025295590343,
-0.500000187397624,0.),(-0.866025295590343,0.500000187397624,0.),(0.,-0.500000187397625,
-0.866025295590342),(0.,0.500000187397625,-0.866025295590342),(-1.,0.,0.),
(-1.,0.,0.),(0.,1.,0.),(0.,0.500000187397625,-0.866025295590342),(0.,-1.,
0.),(-1.,0.,0.),(0.,0.,-1.),(0.,-1.,0.),(0.,0.,1.),(-1.,0.,0.),(0.,1.,0.),
(0.,1.,0.),(0.,1.,0.),(0.,1.,0.),(0.,1.,0.),(0.,1.,0.),(0.,1.,0.),(0.,1.,
0.),(0.,1.,0.),(0.,1.,0.),(0.,1.,0.),(0.,1.,0.),(0.,1.,0.),(0.,1.,0.),(0.,
1.,0.),(0.,1.,0.),(0.,1.,0.),(0.,1.,0.),(0.,1.,0.),(0.,1.,0.),(0.,1.,0.),
(0.,1.,0.),(0.,1.,0.),(0.,1.,0.),(0.,1.,0.),(0.,1.,0.),(0.,1.,0.),(0.,1.,
0.),(0.,1.,0.),(0.,1.,0.),(0.,1.,0.),(0.,1.,0.),(0.,1.,0.),(0.,1.,0.),(0.,
1.,0.),(0.,1.,0.),(0.,1.,0.),(0.,1.,0.),(0.,1.,0.),(0.,1.,0.),(0.,1.,0.),
(0.,1.,0.),(0.,1.,0.),(0.,1.,0.),(0.,1.,0.),(0.,1.,0.),(0.,1.,0.),(0.,1.,
0.),(0.,1.,0.),(0.,1.,0.),(0.,1.,0.),(0.,1.,0.),(0.,1.,0.),(0.,1.,0.),(0.,
0.,1.),(0.,0.,-1.),(0.,-1.,0.),(0.,0.,-1.),(0.,0.,-1.),(0.,0.,-1.),(0.,
0.,-1.),(0.,0.,-1.),(0.,0.,-1.),(0.,0.,-1.),(0.,0.,-1.),(0.,0.,-1.),(0.,
0.,-1.),(1.,0.,0.),(1.,0.,0.),(1.,0.,0.),(1.,0.,0.),(1.,0.,0.),(1.,0.,0.),
(1.,0.,0.),(1.,0.,0.),(1.,0.,0.),(1.,0.,0.),(0.,0.,1.),(0.,0.,1.),(0.,0.,
1.),(0.,0.,1.),(0.,0.,1.),(0.,0.,1.),(0.,0.,1.),(0.,0.,1.),(0.,0.,1.),(0.,
0.,1.),(0.,0.,1.),(0.,0.,1.),(0.,0.,1.),(0.,1.,0.),(0.,1.,0.),(0.,1.,0.),
(0.,1.,0.),(0.,0.,1.),(0.,1.,0.),(0.,1.,0.),(0.,0.,1.),(0.,0.,1.),(0.,-1.,
0.),(1.,0.,0.),(0.,0.,-1.),(0.,0.,-1.),(0.,0.,-1.),(0.,-1.,0.),(0.,0.,-1.),
(0.,-1.,0.),(0.,-1.,0.),(0.,0.,-1.),(0.,1.,0.),(0.,0.,1.),(0.,-1.,0.),(0.,
0.,1.),(1.,0.,0.),(0.,0.,1.),(0.,0.,1.),(0.,0.,1.),(0.,0.,1.),(0.,0.,1.),
(0.,0.,1.),(0.,0.,1.),(0.,0.,1.),(0.,0.,1.),(0.,0.,1.),(0.,0.,1.),(0.,0.,
1.),(0.,0.,1.),(0.,0.,1.),(0.,0.,1.),(0.,0.,1.),(0.,0.,1.),(0.,0.,1.),(0.,
0.,1.),(0.,0.,1.),(0.,0.,1.),(0.,0.,1.),(0.,0.,1.),(0.,0.,1.),(0.,0.,1.),
(0.,0.,1.),(0.,0.,1.),(0.,0.,1.),(0.,0.,1.),(0.,0.,1.),(0.,0.,1.),(0.,0.,
1.),(0.,0.,1.),(0.,0.,1.),(0.,0.,1.),(0.,0.,1.),(0.,0.,1.),(0.,0.,1.),(0.,
0.,1.),(0.,0.,1.),(0.,0.,1.),(0.,0.,1.),(0.,0.,1.),(0.,0.,1.),(0.,0.,1.),
(0.,0.,1.),(0.,0.,1.),(0.,0.,1.),(0.,0.,1.),(0.,0.,1.),(0.,0.,1.),(0.,0.,
1.),(0.,0.,1.),(0.,0.,1.),(0.,0.,1.),(0.,0.,1.),(0.,0.,1.),(0.,0.,1.),(0.,
0.,1.),(0.,0.,1.),(0.,0.,1.),(0.,0.,1.),(0.,0.,1.),(0.,0.,1.),(0.,0.,-1.),
(0.,0.,-1.),(0.,0.,-1.),(0.,0.,-1.),(0.,0.,-1.),(0.,0.,-1.),(0.,0.,-1.),
(0.,0.,-1.),(0.,0.,-1.),(0.,0.,-1.),(0.,0.,-1.),(0.,0.,-1.),(0.,0.,-1.),
(0.,0.,-1.),(0.,0.,-1.),(0.,0.,-1.),(0.,0.,-1.),(0.,0.,-1.),(0.,0.,-1.),
(0.,0.,-1.),(0.,0.,-1.),(0.,0.,-1.),(0.,0.,-1.),(0.,0.,-1.),(0.,0.,-1.),
(0.,0.,-1.),(0.,0.,-1.),(0.,0.,-1.),(0.,0.,-1.),(0.,0.,-1.),(0.,0.,-1.),
(0.,0.,-1.),(0.,0.,-1.),(0.,0.,-1.),(0.,0.,-1.),(0.,0.,-1.),(0.,0.,-1.),
(0.,0.,-1.),(0.,0.,-1.),(0.,0.,-1.),(0.,0.,-1.),(0.,0.,-1.),(0.,0.,-1.),
(0.,0.,-1.),(0.,0.,-1.),(0.,0.,-1.),(0.,0.,-1.),(0.,0.,-1.),(0.,0.,-1.),
(0.,0.,-1.),(0.,0.,-1.),(0.,0.,-1.),(0.,0.,-1.),(0.,0.,-1.),(0.,0.,-1.),
(0.,0.,-1.),(0.,0.,-1.),(0.,0.,-1.),(0.,0.,-1.),(0.,0.,-1.),(0.,0.,-1.),
(0.,0.,-1.),(0.,0.,-1.),(0.,0.,-1.),(0.,0.,-1.),(0.,0.,-1.),(0.,0.,-1.),
(0.,0.,-1.),(0.,0.,-1.),(0.,0.,-1.),(0.,0.,-1.),(0.,0.,-1.),(0.,0.,-1.),
(0.,0.,-1.),(0.,0.,-1.),(0.,0.,-1.),(0.,0.,-1.),(0.,0.,-1.),(0.,0.,-1.),
(0.,0.,-1.),(0.,0.,-1.),(0.,0.,-1.),(0.,0.,-1.),(0.,0.,-1.),(0.,0.,-1.),
(0.,0.,-1.),(0.,0.,-1.),(0.,0.,-1.),(0.,0.,-1.),(0.,0.,-1.),(0.,0.,-1.),
(0.,0.,-1.),(0.,0.,-1.),(0.,0.,-1.),(0.,0.,-1.),(0.,0.,-1.),(0.,0.,-1.),
(0.,0.,-1.),(0.,0.,-1.),(0.,0.,-1.),(0.,0.,-1.),(0.,0.,-1.),(0.,0.,-1.),
(0.,0.,-1.),(0.,0.,-1.),(0.,0.,-1.),(0.,0.,-1.),(0.,0.,-1.),(0.,0.,-1.),
(0.,0.,-1.),(0.,0.,-1.),(0.,0.,-1.),(0.,0.,-1.),(0.,0.,-1.),(0.,0.,-1.),
(0.,0.,-1.),(0.,0.,-1.),(0.,0.,-1.),(0.,0.,-1.),(0.,0.,-1.),(0.,0.,-1.),
(0.,0.,-1.),(0.,0.,-1.),(0.,0.,-1.),(0.,0.,-1.),(0.,0.,-1.),(0.,0.,-1.),
(0.,0.,-1.),(0.,0.,-1.),(0.,0.,-1.),(0.,0.,-1.),(0.,0.,-1.),(0.,0.,-1.),
(0.,0.,-1.),(0.,0.,-1.),(0.,0.,-1.),(0.,0.,-1.),(0.,0.,-1.),(0.,0.,-1.),
(0.,0.,-1.),(0.,0.,-1.),(0.,0.,-1.),(0.,0.,-1.),(0.,0.,-1.),(0.,0.,-1.),
(0.,0.,-1.),(0.,0.,1.),(0.,0.,1.),(0.,0.,1.),(0.,0.,1.),(0.,0.,1.),(0.,
0.,1.),(0.,0.,1.),(0.,0.,1.),(0.,0.,1.),(0.,0.,1.),(0.,0.,1.),(0.,0.,1.),
(0.,0.,1.),(0.,0.,1.),(0.,0.,1.),(0.,0.,1.),(0.,0.,1.),(0.,0.,1.),(0.,0.,
1.),(0.,0.,1.),(0.,0.,1.),(0.,0.,1.),(0.,0.,1.),(0.,0.,1.),(0.,0.,1.),(0.,
0.,1.),(0.,0.,1.),(0.,0.,1.),(0.,0.,1.),(0.,0.,1.),(0.,0.,1.),(0.,0.,1.),
(0.,0.,1.),(0.,0.,1.),(0.,0.,1.),(0.,0.,1.),(0.,0.,1.),(0.,0.,1.),(0.,0.,
1.),(0.,0.,1.),(0.,0.,1.),(0.,0.,1.),(0.,0.,1.),(0.,0.,1.),(0.,0.,1.),(0.,
0.,1.),(0.,0.,1.),(0.,0.,1.),(0.,0.,1.),(0.,0.,1.),(0.,0.,1.),(0.,0.,1.),
(0.,0.,1.),(0.,0.,1.),(0.,0.,1.),(0.,0.,1.),(0.,0.,1.),(0.,0.,1.),(0.,0.,
1.),(0.,0.,1.),(0.,0.,1.),(0.,0.,1.),(0.,0.,1.),(0.,0.,1.),(0.,0.,1.),(0.,
0.,1.),(0.,0.,1.),(0.,0.,1.),(0.,0.,1.),(0.,0.,1.),(0.,0.,1.),(0.,0.,1.),
(0.,0.,1.),(0.,0.,1.),(0.,0.,1.),(0.,0.,1.),(0.,0.,1.),(0.,0.,1.),(0.,0.,
1.),(0.,0.,1.),(0.,0.,1.),(0.,0.,1.),(0.,0.,1.),(0.,0.,1.),(0.,0.,1.),(0.,
0.,1.),(0.,0.,1.),(0.,0.,-1.),(0.,0.,-1.),(0.,0.,-1.),(0.,0.,-1.),(0.,0.,
-1.),(0.,0.,-1.),(0.,0.,-1.),(0.,0.,-1.),(0.,0.,-1.),(0.,0.,-1.),(0.,0.,
-1.),(0.,0.,-1.),(0.,0.,-1.),(0.,0.,-1.),(0.,0.,-1.),(0.,0.,-1.),(0.,0.,
-1.),(0.,0.,-1.),(0.,0.,-1.),(-0.866025295590343,0.500000187397624,0.),
(0.866025295590343,0.500000187397625,0.),(-0.866025295590343,0.500000187397624,
0.),(0.,0.,1.),(0.,0.,1.),(0.,0.,1.),(0.,0.,1.),(0.,0.,1.),(0.,0.,1.),(0.,
0.,1.),(0.866025295590343,0.500000187397625,0.),(0.,0.,-1.),(0.,0.,-1.),
(0.,0.,-1.),(0.,0.,-1.),(0.,0.,-1.),(0.,0.,-1.),(-0.866025295590343,0.500000187397624,
0.),(0.,0.,1.),(0.,0.,1.),(0.,0.,1.),(0.,0.,1.),(0.,0.,1.),(0.,0.,1.),(0.,
0.,1.),(0.,0.,1.),(0.866025295590343,0.500000187397625,0.),(0.,0.,-1.),
(0.,0.,-1.),(0.,0.,-1.),(0.,0.,-1.),(0.,0.,-1.),(0.,0.,-1.),(0.,0.,-1.),
(0.866025295590343,0.500000187397625,0.),(0.,0.,-1.),(0.,0.,-1.),(0.,0.,
-1.),(0.,0.,-1.),(0.,0.,-1.),(0.,0.,-1.),(0.,0.,1.),(0.,0.,1.),(0.,0.,1.),
(0.,0.,1.),(0.,0.,1.),(0.,0.,1.),(-0.866025295590343,0.500000187397624,
0.),(-0.866025295590343,0.500000187397624,0.),(0.,0.,1.),(0.,0.,1.),(0.,
0.,1.),(0.,0.,1.),(0.,0.,1.),(0.,0.,1.),(0.866025295590343,0.500000187397625,
0.),(0.,0.,-1.),(0.,0.,-1.),(0.,0.,-1.),(0.,0.,-1.),(0.,0.,-1.),(0.,0.,
-1.),(-0.866025295590343,0.500000187397624,0.),(0.,0.,1.),(0.,0.,1.),(0.,
0.,1.),(0.,0.,1.),(0.,0.,1.),(0.,0.,1.),(0.,0.,1.),(0.866024962556915,0.500000764225143,
1.60237869920048E-6),(0.866025850355427,0.499999226505548,3.16446061871439E-6),
(0.,0.,-1.),(0.,0.,-1.),(0.,0.,-1.),(0.,0.,-1.),(0.,0.,-1.),(-0.866025295590343,
0.500000187397624,0.),(0.,0.,1.),(-0.866025295590343,0.500000187397624,
0.),(0.,0.,1.),(0.866025295590343,0.500000187397625,0.),(0.,0.,-1.),(-0.866025295590343,
0.500000187397624,0.),(0.,0.,1.),(-0.866025295590343,0.500000187397624,
0.),(0.,0.,1.),(0.,0.,1.),(-0.866025295590343,0.500000187397624,0.),(0.,
0.,1.),(0.,0.,-1.),(-0.866025295590343,0.500000187397624,0.),(0.,0.,1.),
(0.866025295590343,0.500000187397625,0.),(0.866024408969189,0.500001723066599,
0.),(0.,0.,-1.),(0.,0.,-1.),(-0.866025295590343,0.500000187397624,0.),(0.866025295590343,
0.500000187397625,0.),(0.,0.,-1.),(0.,0.,1.),(0.866025295590343,0.500000187397625,
0.),(0.,0.,-1.),(-0.866025295590343,0.500000187397624,0.),(0.,0.,-1.),(-0.866025295590343,
0.500000187397624,0.),(-0.866025295590343,0.500000187397624,0.),(0.,0.,
1.),(0.,0.,1.),(0.866025295590343,0.500000187397625,0.),(0.,0.,1.),(0.866025295590343,
0.500000187397625,0.),(0.866025295590343,0.500000187397625,0.),(0.,0.,-1.),
(0.,0.,-1.),(-0.866025295590343,0.500000187397624,0.),(0.866025295590343,
0.500000187397625,0.),(0.,0.,-1.),(0.,0.,1.),(0.866025295590343,0.500000187397625,
0.),(0.,0.,-1.),(-0.866025295590343,0.500000187397624,0.),(0.866025295590343,
0.500000187397625,0.),(0.,0.,-1.),(0.,0.,1.),(0.866025295590343,0.500000187397625,
0.),(0.,0.,-1.),(0.,0.,-1.),(0.,0.,1.),(-0.105597344498298,0.,0.994408970612649),
(-0.0489195610886669,0.,0.998802721533583),(-0.146848944405102,0.,0.989158929357213),
(-0.242289415945514,0.,0.970204019225225),(-0.208853229547214,0.,0.977946996778301),
(-0.338093425801354,0.,0.941112551945783),(-0.310149584844032,0.,0.950687769470647),
(-0.496298644564672,0.,0.868151861947707),(-0.426771223633167,0.,0.904359620216786),
(-0.580083881076024,0.,0.814556745055725),(-0.514874998144149,0.,0.857265265997674),
(-0.59478255404949,0.,0.803886629692499),(-0.672610293138789,0.,0.739996887536531),
(-0.659905178146909,0.,0.751348890898827),(-0.794685986564129,0.,0.607020743268792),
(-0.740412776698246,0.,0.672152453020885),(-0.730442740107895,0.,0.682973940515794),
(-0.404994774414188,0.,0.914318999418256),(-0.0254832277349469,0.,0.999675249820765),
(0.,0.,1.),(-1.,0.,0.),(-1.,0.,0.),(-1.,0.,0.),(-1.,0.,0.),(-1.,0.,0.),
(-0.999664569848631,0.,-0.0258987989943939),(-0.99870042920732,0.,-0.0509652106943098),
(-0.980876627596743,0.,-0.194630525443569),(-0.989765323301741,0.,-0.142704606756052),
(-0.969665234157265,0.,-0.244436768238202),(-0.923625570642119,0.,-0.383295976049867),
(-0.941739492621759,0.,-0.336343170045879),(-0.903801343505164,0.,-0.427952253736631),
(-0.830904721458246,0.,-0.556414722898662),(-0.857450908573075,0.,-0.51456577751266),
(-0.772307830717176,0.,-0.635248466832411),(-0.803094429742881,0.,-0.595851774282796),
(-0.740412776695859,0.,-0.672152453023515),(-0.634105346397186,0.,-0.773246668062983),
(-0.672610293139153,0.,-0.739996887536199),(-0.706941110333535,0.,-0.70727241323297),
(-0.881362797801421,0.,-0.472440068846464),(-0.956592278988669,0.,-0.29142960003964),
(-0.995218957036953,0.,-0.0976689692495995),(0.,0.500010924376857,-0.866019096500649),
(1.,0.,0.),(1.,0.,0.),(1.,0.,0.),(1.,0.,0.),(1.,0.,0.),(1.,0.,0.),(1.,0.,
0.),(1.,0.,0.),(-0.594782554049347,0.,-0.803886629692605),(-0.514874998144084,
0.,-0.857265265997713),(-0.555114634643041,0.,-0.831773852922249),(-0.382601488855805,
0.,-0.923913470366853),(-0.426771223632601,0.,-0.904359620217053),(-0.290332654500519,
0.,-0.956925780680342),(-0.33809342580186,0.,-0.941112551945601),(-0.242289415944811,
0.,-0.970204019225401),(-0.0979260313842723,0.,-0.995193695909156),(-0.146848944406077,
0.,-0.989158929357068),(-0.0489195610885764,0.,-0.998802721533587),(0.,
0.,-1.),(0.,0.,-1.),(0.,0.,-1.),(0.,0.,-1.),(0.,0.,-1.),(0.,0.,-1.),(0.,
0.,-1.),(0.,0.,-1.),(0.,0.,-1.),(0.,0.,-1.),(0.,0.,-1.),(0.,0.,-1.),(0.,
0.,-1.),(0.,0.,-1.),(0.,0.,-1.),(0.,0.,-1.),(0.,0.,-1.),(0.,0.,-1.),(0.,
0.,-1.),(0.,0.,-1.),(0.,0.,-1.),(0.,0.,-1.),(0.,0.,-1.),(0.,0.,-1.),(0.0244575164951242,
0.,-0.999700870204128),(0.0489195610893996,0.,-0.998802721533547),(0.194650869719606,
0.,-0.980872590562812),(0.146848944405606,0.,-0.989158929357138),(0.0979260313830586,
0.,-0.995193695909276),(0.,0.,-1.),(-0.0244575164944415,0.,-0.999700870204145),
(-0.194650869718981,0.,-0.980872590562936),(-0.471078725404106,0.,-0.882091171292198),
(0.242289415945384,0.,-0.970204019225258),(0.38260148885591,0.,-0.923913470366809),
(0.426771223632601,0.,-0.904359620217053),(0.514874998145091,0.,-0.857265265997108),
(0.594782554049525,0.,-0.803886629692474),(0.706941110335421,0.,-0.707272413231085),
(0.740412776700954,0.,-0.672152453017902),(0.830904721457765,0.,-0.55641472289938),
(0.857450908573075,0.,-0.51456577751266),(0.881362797801421,0.,-0.472440068846464),
(0.80309442973987,0.,-0.595851774286855),(0.772307830717034,0.,-0.635248466832584),
(0.672610293138586,0.,-0.739996887536715),(0.634105346397336,0.,-0.77324666806286),
(0.555114634643351,0.,-0.831773852922042),(0.47107872540509,0.,-0.882091171291673),
(0.338093425801761,0.,-0.941112551945637),(0.2903326545008,0.,-0.956925780680257),
(0.923625570641846,0.,-0.383295976050524),(0.956592278987532,0.,-0.291429600043372),
(0.969665234158469,0.,-0.244436768233427),(0.995218957036374,0.,-0.0976689692554992),
(0.99870042920732,0.,-0.0509652106943078),(0.999664569848668,0.,-0.025898798992961),
(1.,0.,0.),(1.,0.,0.),(1.,0.,0.),(1.,0.,0.),(0.989765323301182,0.,-0.142704606759929),
(0.980876627597561,0.,-0.194630525439446),(0.941739492619766,0.,-0.33634317005146),
(0.903801343505164,0.,-0.427952253736631),(0.,0.500010924376857,-0.866019096500649),
(0.,0.,1.),(0.,0.,1.),(0.,0.,1.),(0.,0.,1.),(0.,0.,1.),(0.,0.,1.),(0.,0.,
1.),(0.,0.,1.),(0.,0.,1.),(0.,0.,1.),(0.,0.,1.),(0.,0.,1.),(0.,0.,1.),(0.,
0.,1.),(0.,0.,1.),(0.,0.,1.),(0.,0.,1.),(0.,0.,1.),(0.,0.,1.),(0.,0.,1.),
(0.,0.,1.),(0.,0.,1.),(0.,0.,1.),(0.,0.,1.),(0.,0.,1.),(0.,0.,1.),(0.,0.,
1.),(0.,0.,1.),(0.,0.,1.),(0.,0.,1.),(0.,0.,1.),(0.,0.,1.),(0.,0.,1.),(0.,
0.,1.),(0.,0.,1.),(0.,0.,1.),(0.,0.,1.),(0.,0.,1.),(0.,0.,1.),(0.,0.,1.),
(0.,0.,1.),(0.,0.,1.),(0.,0.,1.),(0.,0.,1.),(0.,0.,1.),(0.,0.,1.),(0.,0.,
1.),(0.,0.,1.),(0.,0.,1.),(0.,0.,1.),(0.,0.,1.),(0.,0.,1.),(0.,0.,1.),(0.,
0.,1.),(0.,0.,1.),(0.,0.,1.),(0.,0.,1.),(0.,0.,1.),(0.,0.,1.),(0.,0.,1.),
(0.,0.,1.),(0.,0.,1.),(0.,0.,1.),(0.,0.,1.),(0.,0.,1.),(-1.,0.,0.),(-1.,
0.,0.),(-1.,0.,0.),(-1.,0.,0.),(-1.,0.,0.),(-1.,0.,0.),(-1.,0.,0.),(0.,
-0.50001092437687,-0.866019096500642),(0.,0.500010924376863,0.866019096500646),
(-1.,0.,0.),(0.,-1.,0.),(1.,0.,0.),(0.,1.,0.),(0.,-1.,0.),(1.,0.,0.),(-1.,
0.,0.),(-1.,0.,0.),(-1.,0.,0.),(0.,0.500000187397625,-0.866025295590342),
(0.,-0.500000187397625,-0.866025295590342),(1.,0.,0.),(1.,0.,0.),(-1.,0.,
0.),(-0.803094429741171,0.,0.595851774285101),(-0.898486250708063,0.,0.43900165977883),
(-0.857450908570659,0.,0.514565777516686),(-0.903801343504542,0.,0.427952253737943),
(-0.966907089448763,0.,0.255128752542165),(-0.941739492621375,0.,0.336343170046955),
(-0.969665234158033,0.,0.244436768235154),(-0.989765323301809,0.,0.142704606755583),
(-0.988041064873463,0.,0.154190966414096),(-0.999984479014181,0.,0.00557151063321226),
(-0.998700429207381,0.,0.0509652106931126),(-1.,0.,0.),(-1.,0.,0.),(-0.998132020689992,
0.,0.0610939381061185),(-0.937699163699506,0.,0.34744823844315),(-0.850731941150026,
0.,0.525599813838542),(0.,-0.50001092437687,-0.866019096500642),(-1.,0.,
0.),(0.,0.500010924376863,0.866019096500646),(1.,0.,0.),(0.,-1.,0.),(0.,
1.,0.),(-1.,0.,0.),(-1.,0.,0.),(0.,-1.,0.),(1.,0.,0.),(0.,0.500000187397625,
-0.866025295590342),(-1.,0.,0.),(-1.,0.,0.),(-1.,0.,0.),(-1.,0.,0.),(-1.,
0.,0.),(-1.,0.,0.),(0.,-0.500000187397625,-0.866025295590342),(1.,0.,0.),
(0.999984479014181,0.,0.00557151063321226),(1.,0.,0.),(0.998700429207381,
0.,0.0509652106931126),(0.988041064873464,0.,0.15419096641409),(0.969665234158045,
0.,0.244436768235106),(0.941739492621375,0.,0.336343170046955),(0.898486250708063,
0.,0.43900165977883),(0.857450908570659,0.,0.514565777516686),(0.794685986564129,
0.,0.607020743268792),(0.740412776698246,0.,0.672152453020885),(0.659905178146967,
0.,0.751348890898776),(0.672610293138789,0.,0.739996887536531),(0.730442740107895,
0.,0.682973940515794),(0.803094429741171,0.,0.595851774285101),(0.850731941150026,
0.,0.525599813838542),(0.903801343504542,0.,0.427952253737943),(0.937699163699506,
0.,0.34744823844315),(0.966907089448774,0.,0.255128752542125),(0.989765323301809,
0.,0.142704606755583),(0.998132020689992,0.,0.0610939381061185),(0.594782554049651,
0.,0.80388662969238),(0.514874998144149,0.,0.857265265997674),(0.404994774414153,
0.,0.914318999418271),(0.310149584843989,0.,0.950687769470661),(0.242289415945467,
0.,0.970204019225237),(0.105597344498298,0.,0.994408970612649),(0.0489195610886669,
0.,0.998802721533583),(0.0254832277349467,0.,0.999675249820765),(0.,0.,
1.),(0.146848944405102,0.,0.989158929357213),(0.208853229547323,0.,0.977946996778278),
(0.338093425801354,0.,0.941112551945783),(0.426771223633361,0.,0.904359620216694),
(0.496298644564728,0.,0.868151861947675),(0.580083881075509,0.,0.814556745056092),
(0.,-1.,0.),(-1.,0.,0.),(1.,0.,0.),(0.,-1.,0.),(0.,-0.50001092437687,-0.866019096500642),
(-1.,0.,0.),(-1.,0.,0.),(0.,-1.,0.),(-1.,0.,0.),(0.,-1.,0.),(-1.,0.,0.),
(0.,1.,0.),(-1.,0.,0.),(1.,0.,0.),(0.,0.500010924376863,0.866019096500646),
(1.,0.,0.),(1.,0.,0.),(0.,-0.50001092437687,-0.866019096500642),(-1.,0.,
0.),(0.,0.500010924376857,-0.866019096500649),(0.,0.,1.),(0.,0.,-1.),(1.,
0.,0.),(0.,0.,-1.),(0.,0.,-1.),(1.,0.,0.),(0.,0.,1.),(0.,0.,1.),(-1.,0.,
0.),(-1.,0.,0.),(0.,0.500000187397625,-0.866025295590342),(0.,0.500000187397625,
-0.866025295590342),(1.,0.,0.),(1.,0.,0.),(0.,-1.,0.),(0.,-1.,0.),(-1.,
0.,0.),(-1.,0.,0.),(0.,1.,0.),(0.,1.,0.),(1.,0.,0.),(1.,0.,0.),(0.,0.500010924376863,
0.866019096500646),(1.,0.,0.),(0.,-0.50001092437687,-0.866019096500642),
(1.,0.,0.),(-1.,0.,0.),(0.,0.500010924376863,0.866019096500646),(-1.,0.,
0.),(-1.,0.,0.),(-1.,0.,0.),(0.,0.500010924376857,-0.866019096500649),(0.,
0.500010924376857,-0.866019096500649),(1.,0.,0.),(1.,0.,0.),(1.,0.,0.),
(1.,0.,0.),(0.,0.500000187397625,-0.866025295590342),(0.,0.500000187397625,
-0.866025295590342),(-1.,0.,0.),(1.,0.,0.),(0.,-1.,0.),(0.,1.,0.),(1.,0.,
0.),(1.,0.,0.),(0.,-1.,0.),(-1.,0.,0.),(0.,0.500010924376863,0.866019096500646),
(0.,-0.50001092437687,-0.866019096500642),(-1.,0.,0.),(0.,0.500010924376857,
-0.866019096500649),(1.,0.,0.),(1.,0.,0.),(0.,-0.500000187397625,-0.866025295590342),
(0.,-0.500000187397625,-0.866025295590342),(-1.,0.,0.),(-1.,0.,0.),(0.,
0.,-1.),(0.,0.,-1.),(0.,0.,-1.),(0.,-0.500000187397625,-0.866025295590342),
(-1.,0.,0.),(1.,0.,0.),(0.,-0.500000187397625,-0.866025295590342),(0.,0.,
1.),(1.,0.,0.),(-1.,0.,0.)),$,(43,43,47,47,41,41,44,44,37,37,39,39,40,40,
45,45,51,51,48,48,42,42,38,38,55,55,59,59,53,53,56,56,49,49,52,52,57,57,
63,63,60,60,50,50,54,54,46,46,61,61,109,109,117,117,101,101,89,89,77,77,
68,68,64,64,58,58,107,107,2901,2901,129,129,213,213,225,225,201,201,237,
237,249,249,261,261,273,273,285,285,189,189,177,177,165,165,153,153,141,
141,2256,2256,2256,95,95,83,83,71,71,65,65,62,62,111,111,219,219,207,207,
231,231,195,195,243,243,255,255,546,546,183,183,171,171,159,159,147,147,
135,135,609,609,603,603,615,615,596,596,589,589,583,583,577,577,570,570,
564,564,558,558,552,552,123,123,633,633,627,627,639,639,621,621,646,646,
33,33,34,34,35,35,36,36,29,29,30,30,31,31,32,32,25,25,26,26,27,27,28,28,
21,21,22,22,23,23,24,24,17,17,18,18,19,19,20,20,13,13,14,14,15,15,16,16,
9,9,10,10,11,11,12,12,267,267,279,279,291,291,303,303,315,315,327,327,339,
339,351,351,363,363,375,375,387,387,399,399,411,411,423,423,435,435,447,
447,459,459,401,401,413,413,425,425,437,437,449,449,460,460,450,450,438,
438,426,426,547,547,545,545,545,530,530,530,542,542,542,517,517,517,544,
544,544,500,500,500,486,486,486,297,297,309,309,321,321,333,333,5,5,6,6,
7,7,8,8,1,1,2,2,3,3,4,4,72,72,78,78,345,345,357,357,369,369,381,381,393,
393,405,405,417,417,2370,2370,1739,1739,1739,967,967,967,895,895,895,1245,
1245,1245,859,859,859,855,855,855,1282,1282,1282,1431,1431,1431,853,853,
853,851,851,851,1463,1463,1463,429,429,441,441,453,453,462,462,454,454,
448,448,442,442,436,436,430,430,424,424,418,418,407,407,419,419,412,412,
406,406,389,389,400,400,431,431,103,103,102,102,90,90,119,119,91,91,97,
97,85,85,96,96,118,118,112,112,79,79,84,84,69,69,73,73,66,66,131,131,113,
113,124,124,130,130,143,143,125,125,142,142,136,136,155,155,137,137,154,
154,148,148,167,167,149,149,166,166,160,160,179,179,161,161,178,178,172,
172,190,190,191,191,173,173,184,184,203,203,202,202,196,196,215,215,197,
197,185,185,214,214,208,208,226,226,227,227,209,209,220,220,238,238,232,
232,239,239,221,221,250,250,244,244,251,251,233,233,262,262,256,256,263,
263,245,245,268,268,274,274,257,257,395,395,394,394,382,382,370,370,371,
371,376,376,383,383,388,388,359,359,358,358,364,364,353,353,365,365,347,
347,352,352,346,346,341,341,377,377,340,340,275,275,286,286,280,280,287,
287,269,269,298,298,292,292,299,299,281,281,310,310,304,304,334,334,322,
322,323,323,328,328,335,335,316,316,311,311,317,317,305,305,293,293,329,
329,443,443,455,455,463,463,456,456,444,444,432,432,420,420,414,414,80,
80,108,108,104,104,92,92,70,70,82,82,94,94,106,106,110,110,74,74,98,98,
114,114,67,67,86,86,76,76,88,88,100,100,116,116,409,409,421,421,408,408,
433,433,415,415,403,403,2725,2725,2899,2899,2947,2947,2737,2737,2749,2749,
2909,2909,2761,2761,2773,2773,2785,2785,2797,2797,2809,2809,2821,2821,2833,
2833,2845,2845,2857,2857,2869,2869,2893,2893,2881,2881,2689,2689,2701,2701,
2677,2677,2713,2713,2665,2665,2653,2653,2641,2641,2629,2629,2617,2617,2605,
2605,2593,2593,2581,2581,2569,2569,2557,2557,2548,2548,2558,2558,2570,2570,
2582,2582,2257,2257,2257,2254,2254,2254,461,461,402,402,452,452,272,272,
553,553,392,392,404,404,380,380,416,416,368,368,356,356,344,344,320,320,
332,332,308,308,284,284,296,296,440,440,428,428,543,543,543,540,540,540,
541,541,541,537,537,537,525,525,525,427,427,445,445,121,121,120,120,105,
105,93,93,81,81,132,132,133,133,115,115,99,99,126,126,144,144,138,138,145,
145,127,127,156,156,150,150,157,157,139,139,168,168,162,162,169,169,151,
151,180,180,174,174,181,181,163,163,186,186,192,192,87,87,75,75,175,175,
193,193,205,205,204,204,198,198,217,217,199,199,187,187,216,216,210,210,
229,229,211,211,228,228,222,222,241,241,223,223,240,240,234,234,252,252,
253,253,235,235,246,246,264,264,258,258,265,265,247,247,270,270,276,276,
259,259,277,277,288,288,282,282,289,289,271,271,300,300,301,301,294,294,
312,312,306,306,313,313,295,295,283,283,324,324,318,318,325,325,307,307,
336,336,337,337,330,330,348,348,342,342,319,319,331,331,349,349,396,396,
397,397,391,391,372,372,360,360,361,361,366,366,373,373,384,384,385,385,
378,378,354,354,343,343,355,355,390,390,367,367,379,379,439,439,451,451,
457,457,464,464,458,458,122,122,134,134,146,146,158,158,170,170,647,647,
182,182,194,194,206,206,218,218,230,230,242,242,254,254,266,266,278,278,
290,290,2371,2371,2900,2900,2902,2902,128,128,140,140,152,152,164,164,176,
176,188,188,200,200,212,212,224,224,236,236,248,248,260,260,640,640,559,
559,565,565,571,571,578,578,584,584,590,590,597,597,604,604,610,610,616,
616,622,622,628,628,634,634,398,398,386,386,410,410,374,374,362,362,350,
350,326,326,314,314,338,338,302,302,898,898,898,970,970,970,862,862,862,
1434,1434,1434,1466,1466,1466,1742,1742,1742,1776,1776,1776,1920,1920,1920,
446,446,434,434,422,422,2377,2377,1954,1954,1954,2100,2100,2100,2132,2132,
2132,2166,2166,2166,2128,2128,2128,2190,2190,2190,2214,2214,2214,2234,2234,
2234,2946,2946,2948,2948,2898,2898,2742,2742,2730,2730,2886,2886,2874,2874,
2862,2862,2850,2850,2754,2754,2838,2838,2826,2826,2814,2814,2802,2802,2790,
2790,2766,2766,2778,2778,2376,2376,1773,1773,1773,1917,1917,1917,1951,1951,
1951,2097,2097,2097,2129,2129,2129,2211,2211,2211,2231,2231,2231,2227,2227,
2227,2382,2382,2388,2388,2394,2394,2401,2401,2407,2407,2413,2413,2461,2461,
2543,2543,2731,2731,2419,2419,2425,2425,2431,2431,2437,2437,2443,2443,2449,
2449,2455,2455,2743,2743,2945,2945,2887,2887,2755,2755,2767,2767,2779,2779,
2791,2791,2803,2803,2815,2815,2827,2827,2839,2839,2851,2851,2863,2863,2875,
2875,2683,2683,2671,2671,2695,2695,2659,2659,2707,2707,2719,2719,2647,2647,
2635,2635,2623,2623,2611,2611,2599,2599,2587,2587,2575,2575,2563,2563,2551,
2551,2545,2545,2601,2601,2589,2589,2577,2577,2544,2544,2541,2541,2541,2539,
2539,2539,2527,2527,2527,2514,2514,2514,2499,2499,2499,2487,2487,2487,2552,
2552,2951,2951,2921,2921,2933,2933,2942,2942,2911,2911,2923,2923,2935,2935,
2943,2943,2937,2937,2944,2944,2949,2949,2955,2955,2952,2952,2903,2903,2915,
2915,2927,2927,2939,2939,2889,2889,2905,2905,2917,2917,2929,2929,2940,2940,
2931,2931,2941,2941,2953,2953,2959,2959,2956,2956,2950,2950,2957,2957,2963,
2963,2960,2960,2954,2954,2961,2961,2967,2967,2964,2964,2958,2958,2965,2965,
2971,2971,2968,2968,2962,2962,2969,2969,2966,2966,2975,2975,2972,2972,2973,
2973,2979,2979,2976,2976,2970,2970,2977,2977,2983,2983,2980,2980,2974,2974,
2981,2981,2978,2978,2987,2987,2984,2984,2985,2985,2991,2991,2988,2988,2982,
2982,2989,2989,2986,2986,2995,2995,2992,2992,2993,2993,2999,2999,2996,2996,
2990,2990,2997,2997,2994,2994,3003,3003,3000,3000,3001,3001,3007,3007,3004,
3004,2998,2998,2934,2934,3005,3005,3008,3008,3002,3002,2928,2928,3006,3006,
2564,2564,2576,2576,2588,2588,2594,2594,2607,2607,2619,2619,2613,2613,2600,
2600,2612,2612,2895,2895,2894,2894,2910,2910,2922,2922,2877,2877,2888,2888,
2904,2904,2916,2916,2595,2595,2583,2583,2565,2565,2606,2606,2618,2618,2630,
2630,2631,2631,2624,2624,2642,2642,2636,2636,2643,2643,2625,2625,2655,2655,
2654,2654,2648,2648,2666,2666,2667,2667,2649,2649,2637,2637,2660,2660,2678,
2678,2672,2672,2679,2679,2661,2661,2684,2684,2691,2691,2690,2690,2673,2673,
2702,2702,2703,2703,2685,2685,2696,2696,2714,2714,2708,2708,2715,2715,2697,
2697,2726,2726,2720,2720,2727,2727,2709,2709,2738,2738,2732,2732,2739,2739,
2721,2721,2750,2750,2744,2744,2751,2751,2733,2733,2756,2756,2762,2762,2745,
2745,2882,2882,2883,2883,2871,2871,2870,2870,2876,2876,2865,2865,2859,2859,
2858,2858,2864,2864,2853,2853,2847,2847,2846,2846,2852,2852,2841,2841,2835,
2835,2834,2834,2840,2840,2829,2829,2823,2823,2828,2828,2822,2822,2817,2817,
2816,2816,2763,2763,2774,2774,2768,2768,2775,2775,2757,2757,2786,2786,2780,
2780,2787,2787,2798,2798,2799,2799,2792,2792,2769,2769,2810,2810,2804,2804,
2811,2811,2793,2793,2781,2781,2805,2805,2936,2936,2938,2938,2914,2914,2926,
2926,2930,2930,2908,2908,2932,2932,2920,2920,2718,2718,2571,2571,2559,2559,
2549,2549,2560,2560,2572,2572,2584,2584,2596,2596,2597,2597,2585,2585,2573,
2573,2561,2561,2550,2550,2562,2562,2574,2574,2586,2586,2598,2598,2610,2610,
2622,2622,2634,2634,2646,2646,2658,2658,2670,2670,2682,2682,2694,2694,2706,
2706,2255,2255,2255,2748,2748,2462,2462,2553,2553,2546,2546,2554,2554,2566,
2566,2578,2578,2590,2590,2602,2602,2547,2547,2556,2556,2568,2568,2580,2580,
2592,2592,2604,2604,2616,2616,2628,2628,2640,2640,2652,2652,2664,2664,2676,
2676,2688,2688,2700,2700,2712,2712,2724,2724,2736,2736,2542,2542,2542,2540,
2540,2540,2537,2537,2537,2538,2538,2538,2534,2534,2534,2522,2522,2522,2919,
2919,2925,2925,2408,2408,2402,2402,2414,2414,2395,2395,2383,2383,2389,2389,
2880,2880,2892,2892,2868,2868,2856,2856,2844,2844,2760,2760,2456,2456,2450,
2450,2444,2444,2438,2438,2432,2432,2426,2426,2420,2420,2832,2832,2820,2820,
2796,2796,2808,2808,2784,2784,2772,2772,2924,2924,2912,2912,2918,2918,2907,
2907,2913,2913,2891,2891,2906,2906,2890,2890,2879,2879,2897,2897,2896,2896,
2608,2608,2614,2614,2603,2603,2591,2591,2579,2579,2567,2567,2555,2555,2609,
2609,2620,2620,2621,2621,2633,2633,2632,2632,2626,2626,2644,2644,2645,2645,
2615,2615,2627,2627,2638,2638,2657,2657,2656,2656,2650,2650,2668,2668,2639,
2639,2651,2651,2669,2669,2662,2662,2681,2681,2680,2680,2674,2674,2692,2692,
2663,2663,2675,2675,2693,2693,2686,2686,2704,2704,2698,2698,2705,2705,2687,
2687,2717,2717,2716,2716,2710,2710,2728,2728,2729,2729,2711,2711,2699,2699,
2722,2722,2740,2740,2734,2734,2741,2741,2723,2723,2752,2752,2746,2746,2753,
2753,2735,2735,2758,2758,2764,2764,2747,2747,2884,2884,2885,2885,2872,2872,
2878,2878,2873,2873,2867,2867,2860,2860,2866,2866,2861,2861,2848,2848,2854,
2854,2855,2855,2849,2849,2836,2836,2842,2842,2843,2843,2837,2837,2830,2830,
2824,2824,2831,2831,2819,2819,2818,2818,2807,2807,2825,2825,2812,2812,2806,
2806,2765,2765,2777,2777,2776,2776,2770,2770,2788,2788,2782,2782,2789,2789,
2771,2771,2759,2759,2800,2800,2794,2794,2801,2801,2783,2783,2813,2813,2795,
2795,534,534,534,772,772,772,522,522,522,526,526,526,768,768,768,784,784,
784,538,538,538,780,780,780,786,786,786,787,787,787,535,535,535,776,776,
776,539,539,539,781,781,781,968,968,968,1196,1196,1196,1159,1159,1159,1096,
1096,1096,1181,1181,1181,1097,1097,1097,896,896,896,891,891,891,860,860,
860,1283,1283,1283,1246,1246,1246,1315,1315,1315,1316,1316,1316,887,887,
887,888,888,888,885,885,885,856,856,856,963,963,963,892,892,892,959,959,
959,1056,1056,1056,964,964,964,960,960,960,1157,1157,1157,1094,1094,1094,
1095,1095,1095,1182,1182,1182,1160,1160,1160,1241,1241,1241,1197,1197,1197,
1237,1237,1237,1213,1213,1213,1214,1214,1214,1057,1057,1057,506,506,506,
759,759,759,511,511,511,753,753,753,491,491,491,744,744,744,494,494,494,
739,739,739,732,732,732,479,479,479,482,482,482,475,475,475,727,727,727,
523,523,523,764,764,764,527,527,527,769,769,769,507,507,507,749,749,749,
512,512,512,754,754,754,881,881,881,883,883,883,884,884,884,854,854,854,
879,879,879,880,880,880,877,877,877,849,849,849,852,852,852,957,957,957,
886,886,886,955,955,955,1054,1054,1054,958,958,958,956,956,956,1155,1155,
1155,1179,1179,1179,1158,1158,1158,1177,1177,1177,1178,1178,1178,1156,1156,
1156,1194,1194,1194,1180,1180,1180,1235,1235,1235,1211,1211,1211,1212,1212,
1212,1153,1153,1153,1055,1055,1055,1092,1092,1092,1093,1093,1093,953,953,
953,882,882,882,951,951,951,1052,1052,1052,954,954,954,952,952,952,1151,
1151,1151,1175,1175,1175,1154,1154,1154,1173,1173,1173,1192,1192,1192,1176,
1176,1176,1152,1152,1152,1174,1174,1174,1149,1149,1149,1053,1053,1053,1231,
1231,1231,1209,1209,1209,1210,1210,1210,536,536,536,531,531,531,777,777,
777,785,785,785,778,778,778,532,532,532,774,774,774,782,782,782,524,524,
524,518,518,518,765,765,765,528,528,528,773,773,773,508,508,508,501,501,
501,750,750,750,515,515,515,760,760,760,766,766,766,519,519,519,761,761,
761,529,529,529,770,770,770,751,751,751,516,516,516,757,757,757,503,503,
503,746,746,746,1464,1464,1464,1337,1337,1337,1363,1363,1363,1381,1381,
1381,1432,1432,1432,1691,1691,1691,1521,1521,1521,1497,1497,1497,1498,1498,
1498,1677,1677,1677,1740,1740,1740,1774,1774,1774,1278,1278,1278,1242,1242,
1242,1274,1274,1274,1275,1275,1275,1238,1238,1238,1279,1279,1279,1296,1296,
1296,1335,1335,1335,1333,1333,1333,1313,1313,1313,1314,1314,1314,1364,1364,
1364,1338,1338,1338,1427,1427,1427,1398,1398,1398,1399,1399,1399,1297,1297,
1297,1382,1382,1382,1423,1423,1423,1459,1459,1459,1428,1428,1428,1379,1379,
1379,1361,1361,1361,1362,1362,1362,1455,1455,1455,1456,1456,1456,1424,1424,
1424,1478,1478,1478,1460,1460,1460,1519,1519,1519,1522,1522,1522,1479,1479,
1479,1495,1495,1495,1496,1496,1496,1678,1678,1678,1735,1735,1735,1707,1707,
1707,1708,1708,1708,1692,1692,1692,1689,1689,1689,1731,1731,1731,1769,1769,
1769,1736,1736,1736,1195,1195,1195,1233,1233,1233,1272,1272,1272,1236,1236,
1236,1270,1270,1270,1271,1271,1271,1234,1234,1234,1294,1294,1294,1273,1273,
1273,1336,1336,1336,1359,1359,1359,1360,1360,1360,1334,1334,1334,1421,1421,
1421,1419,1419,1419,1396,1396,1396,1397,1397,1397,1331,1331,1331,1295,1295,
1295,1311,1311,1311,1312,1312,1312,1193,1193,1193,1229,1229,1229,1268,1268,
1268,1232,1232,1232,1190,1190,1190,1171,1171,1171,1172,1172,1172,1266,1266,
1266,1292,1292,1292,1269,1269,1269,1230,1230,1230,1267,1267,1267,1329,1329,
1329,1357,1357,1357,1332,1332,1332,1355,1355,1355,1377,1377,1377,1358,1358,
1358,1330,1330,1330,1356,1356,1356,1327,1327,1327,1293,1293,1293,1417,1417,
1417,1394,1394,1394,1395,1395,1395,1420,1420,1420,1378,1378,1378,1380,1380,
1380,1453,1453,1453,1422,1422,1422,1451,1451,1451,1452,1452,1452,1476,1476,
1476,1454,1454,1454,1515,1515,1515,1517,1517,1517,1518,1518,1518,1477,1477,
1477,1675,1675,1675,1520,1520,1520,1673,1673,1673,1674,1674,1674,1676,1676,
1676,1729,1729,1729,1705,1705,1705,1706,1706,1706,1690,1690,1690,1732,1732,
1732,1687,1687,1687,1727,1727,1727,1763,1763,1763,1730,1730,1730,1513,1513,
1513,1493,1493,1493,1494,1494,1494,1671,1671,1671,1516,1516,1516,1415,1415,
1415,1449,1449,1449,1418,1418,1418,1375,1375,1375,1353,1353,1353,1354,1354,
1354,1447,1447,1447,1474,1474,1474,1450,1450,1450,1416,1416,1416,1448,1448,
1448,1514,1514,1514,1511,1511,1511,1475,1475,1475,1669,1669,1669,1670,1670,
1670,1672,1672,1672,1725,1725,1725,1688,1688,1688,1728,1728,1728,1723,1723,
1723,1703,1703,1703,1704,1704,1704,1759,1759,1759,1726,1726,1726,492,492,
492,736,736,736,495,495,495,740,740,740,480,480,480,720,720,720,724,724,
724,483,483,483,728,728,728,1090,1090,1090,1091,1091,1091,1147,1147,1147,
1150,1150,1150,1050,1050,1050,949,949,949,950,950,950,1148,1148,1148,1169,
1169,1169,1170,1170,1170,947,947,947,875,875,875,878,878,878,1145,1145,
1145,1051,1051,1051,1227,1227,1227,1207,1207,1207,1208,1208,1208,876,876,
876,873,873,873,847,847,847,850,850,850,948,948,948,1088,1088,1088,1089,
1089,1089,1143,1143,1143,1167,1167,1167,1146,1146,1146,1048,1048,1048,945,
945,945,946,946,946,1144,1144,1144,1165,1165,1165,1166,1166,1166,943,943,
943,1141,1141,1141,1049,1049,1049,871,871,871,874,874,874,1188,1188,1188,
1168,1168,1168,1223,1223,1223,1205,1205,1205,1206,1206,1206,717,717,717,
472,472,472,718,718,718,473,473,473,872,872,872,848,848,848,869,869,869,
944,944,944,1086,1086,1086,1087,1087,1087,1219,1219,1219,1163,1163,1163,
1142,1142,1142,941,941,941,942,942,942,1186,1186,1186,1164,1164,1164,1220,
1220,1220,1256,1256,1256,1187,1187,1187,870,870,870,1305,1305,1305,1405,
1405,1405,1257,1257,1257,493,493,493,487,487,487,737,737,737,496,496,496,
745,745,745,738,738,738,489,489,489,734,734,734,741,741,741,484,484,484,
733,733,733,481,481,481,726,726,726,729,729,729,725,725,725,1191,1191,1191,
1309,1309,1309,1310,1310,1310,1225,1225,1225,1264,1264,1264,1228,1228,1228,
1325,1325,1325,1328,1328,1328,1290,1290,1290,1265,1265,1265,1326,1326,1326,
1351,1351,1351,1352,1352,1352,1262,1262,1262,1323,1323,1323,1291,1291,1291,
1413,1413,1413,1392,1392,1392,1393,1393,1393,1376,1376,1376,1226,1226,1226,
1263,1263,1263,1189,1189,1189,1307,1307,1307,1308,1308,1308,1221,1221,1221,
1260,1260,1260,1224,1224,1224,1321,1321,1321,1349,1349,1349,1324,1324,1324,
1288,1288,1288,1261,1261,1261,1322,1322,1322,1347,1347,1347,1348,1348,1348,
1258,1258,1258,1319,1319,1319,1289,1289,1289,1373,1373,1373,1350,1350,1350,
1409,1409,1409,1390,1390,1390,1391,1391,1391,1411,1411,1411,1412,1412,1412,
1374,1374,1374,1491,1491,1491,1492,1492,1492,1445,1445,1445,1414,1414,1414,
1472,1472,1472,1509,1509,1509,1446,1446,1446,1443,1443,1443,1510,1510,1510,
1507,1507,1507,1473,1473,1473,1667,1667,1667,1512,1512,1512,1685,1685,1685,
1668,1668,1668,1665,1665,1665,1721,1721,1721,1686,1686,1686,1724,1724,1724,
1666,1666,1666,1701,1701,1701,1702,1702,1702,1719,1719,1719,1755,1755,1755,
1722,1722,1722,1444,1444,1444,1489,1489,1489,1490,1490,1490,1407,1407,1407,
1441,1441,1441,1410,1410,1410,1371,1371,1371,1345,1345,1345,1346,1346,1346,
1470,1470,1470,1505,1505,1505,1442,1442,1442,1439,1439,1439,1506,1506,1506,
1503,1503,1503,1471,1471,1471,1663,1663,1663,1508,1508,1508,1683,1683,1683,
1664,1664,1664,1661,1661,1661,1717,1717,1717,1684,1684,1684,1720,1720,1720,
1662,1662,1662,1699,1699,1699,1700,1700,1700,1715,1715,1715,1751,1751,1751,
1718,1718,1718,1222,1222,1222,1259,1259,1259,1306,1306,1306,1320,1320,1320,
1372,1372,1372,1406,1406,1406,1437,1437,1437,1408,1408,1408,1440,1440,1440,
1487,1487,1487,1488,1488,1488,1713,1713,1713,1659,1659,1659,1504,1504,1504,
1438,1438,1438,1681,1681,1681,1660,1660,1660,1682,1682,1682,1716,1716,1716,
1714,1714,1714,1747,1747,1747,533,533,533,775,775,775,520,520,520,762,762,
762,771,771,771,779,779,779,758,758,758,767,767,767,783,783,783,897,897,
897,861,861,861,1199,1199,1199,1248,1248,1248,1099,1099,1099,1184,1184,
1184,969,969,969,893,893,893,894,894,894,1247,1247,1247,1285,1285,1285,
1198,1198,1198,1384,1384,1384,1318,1318,1318,1366,1366,1366,1284,1284,1284,
965,965,965,966,966,966,1162,1162,1162,1098,1098,1098,1059,1059,1059,1216,
1216,1216,1161,1161,1161,1183,1183,1183,1244,1244,1244,1243,1243,1243,1058,
1058,1058,1433,1433,1433,1383,1383,1383,1500,1500,1500,1465,1465,1465,1741,
1741,1741,1524,1524,1524,1680,1680,1680,1694,1694,1694,1693,1693,1693,1215,
1215,1215,1280,1280,1280,1281,1281,1281,1340,1340,1340,1317,1317,1317,1299,
1299,1299,1339,1339,1339,1401,1401,1401,1365,1365,1365,1298,1298,1298,1429,
1429,1429,1430,1430,1430,1813,1813,1813,1775,1775,1775,1835,1835,1835,1857,
1857,1857,1871,1871,1871,1870,1870,1870,1919,1919,1919,1400,1400,1400,1461,
1461,1461,1462,1462,1462,1499,1499,1499,1481,1481,1481,1523,1523,1523,1480,
1480,1480,1710,1710,1710,1679,1679,1679,1738,1738,1738,1737,1737,1737,1709,
1709,1709,747,747,747,504,504,504,1765,1765,1765,1810,1810,1810,1792,1792,
1792,1770,1770,1770,1766,1766,1766,1832,1832,1832,1811,1811,1811,1830,1830,
1830,1833,1833,1833,1793,1793,1793,1808,1808,1808,1809,1809,1809,1854,1854,
1854,1868,1868,1868,1918,1918,1918,1952,1952,1952,1855,1855,1855,1913,1913,
1913,1884,1884,1884,1885,1885,1885,1869,1869,1869,1909,1909,1909,1947,1947,
1947,1914,1914,1914,1866,1866,1866,1852,1852,1852,1853,1853,1853,1983,1983,
1983,1984,1984,1984,1943,1943,1943,1944,1944,1944,1910,1910,1910,1948,1948,
1948,1965,1965,1965,2003,2003,2003,1981,1981,1981,1982,1982,1982,2005,2005,
2005,2006,2006,2006,2034,2034,2034,2035,2035,2035,1966,1966,1966,2049,2049,
2049,2098,2098,2098,2130,2130,2130,2093,2093,2093,2065,2065,2065,2066,2066,
2066,2050,2050,2050,2089,2089,2089,2125,2125,2125,2094,2094,2094,2047,2047,
2047,2032,2032,2032,2033,2033,2033,2090,2090,2090,2122,2122,2122,2123,2123,
2123,1828,1828,1828,1831,1831,1831,1790,1790,1790,1764,1764,1764,1761,1761,
1761,1762,1762,1762,1826,1826,1826,1829,1829,1829,1791,1791,1791,1806,1806,
1806,1807,1807,1807,1850,1850,1850,1851,1851,1851,1907,1907,1907,1867,1867,
1867,1882,1882,1882,1883,1883,1883,1905,1905,1905,1941,1941,1941,1908,1908,
1908,1864,1864,1864,1848,1848,1848,1849,1849,1849,1824,1824,1824,1827,1827,
1827,1788,1788,1788,1760,1760,1760,1757,1757,1757,1758,1758,1758,1822,1822,
1822,1825,1825,1825,1789,1789,1789,1846,1846,1846,1847,1847,1847,1906,1906,
1906,1939,1939,1939,1940,1940,1940,1903,1903,1903,1865,1865,1865,1880,1880,
1880,1881,1881,1881,1901,1901,1901,1937,1937,1937,1904,1904,1904,1862,1862,
1862,1844,1844,1844,1845,1845,1845,1963,1963,1963,2001,2001,2001,2004,2004,
2004,1942,1942,1942,2002,2002,2002,1999,1999,1999,1964,1964,1964,2030,2030,
2030,2031,2031,2031,1979,1979,1979,1980,1980,1980,2087,2087,2087,2063,2063,
2063,2064,2064,2064,2048,2048,2048,2085,2085,2085,2120,2120,2120,2088,2088,
2088,2045,2045,2045,2028,2028,2028,2029,2029,2029,2086,2086,2086,2118,2118,
2118,2119,2119,2119,1961,1961,1961,1997,1997,1997,2000,2000,2000,1935,1935,
1935,1938,1938,1938,1936,1936,1936,1902,1902,1902,1998,1998,1998,1995,1995,
1995,1962,1962,1962,2026,2026,2026,2027,2027,2027,1977,1977,1977,1978,1978,
1978,2083,2083,2083,2046,2046,2046,2061,2061,2061,2062,2062,2062,2081,2081,
2081,2116,2116,2116,2084,2084,2084,2043,2043,2043,2024,2024,2024,2025,2025,
2025,2187,2187,2187,2163,2163,2163,2164,2164,2164,2212,2212,2212,2232,2232,
2232,2144,2144,2144,2188,2188,2188,2126,2126,2126,2185,2185,2185,2161,2161,
2161,2162,2162,2162,2145,2145,2145,2207,2207,2207,2209,2209,2209,2210,2210,
2210,2228,2228,2228,2205,2205,2205,2203,2203,2203,2206,2206,2206,2225,2225,
2225,2535,2535,2535,2352,2352,2352,2350,2350,2350,2531,2531,2531,2523,2523,
2523,2338,2338,2338,2342,2342,2342,2353,2353,2353,2536,2536,2536,2346,2346,
2346,2183,2183,2183,2186,2186,2186,2142,2142,2142,2121,2121,2121,2184,2184,
2184,2208,2208,2208,2181,2181,2181,2143,2143,2143,2159,2159,2159,2160,2160,
2160,2179,2179,2179,2182,2182,2182,2140,2140,2140,2117,2117,2117,2114,2114,
2114,2082,2082,2082,2115,2115,2115,2180,2180,2180,2204,2204,2204,2177,2177,
2177,2141,2141,2141,2226,2226,2226,2201,2201,2201,2199,2199,2199,2202,2202,
2202,2223,2223,2223,2508,2508,2508,2519,2519,2519,2325,2325,2325,2330,2330,
2330,2494,2494,2494,2504,2504,2504,2313,2313,2313,2307,2307,2307,2491,2491,
2491,2299,2299,2299,2482,2482,2482,2475,2475,2475,2294,2294,2294,2524,2524,
2524,2334,2334,2334,2532,2532,2532,2343,2343,2343,2509,2509,2509,2318,2318,
2318,2520,2520,2520,2331,2331,2331,2533,2533,2533,2347,2347,2347,2529,2529,
2529,2528,2528,2528,2339,2339,2339,2344,2344,2344,2348,2348,2348,2351,2351,
2351,2521,2521,2521,2335,2335,2335,2505,2505,2505,2515,2515,2515,2506,2506,
2506,2319,2319,2319,2314,2314,2314,2516,2516,2516,2326,2326,2326,2525,2525,
2525,2530,2530,2530,2340,2340,2340,2332,2332,2332,2336,2336,2336,2512,2512,
2512,2517,2517,2517,2327,2327,2327,2501,2501,2501,2315,2315,2315,2323,2323,
2323,1820,1820,1820,1804,1804,1804,1805,1805,1805,1823,1823,1823,1786,1786,
1786,1821,1821,1821,1842,1842,1842,1843,1843,1843,1756,1756,1756,1753,1753,
1753,1818,1818,1818,1787,1787,1787,1899,1899,1899,1863,1863,1863,1897,1897,
1897,1878,1878,1878,1879,1879,1879,1933,1933,1933,1900,1900,1900,1860,1860,
1860,1898,1898,1898,1959,1959,1959,1931,1931,1931,1932,1932,1932,1840,1840,
1840,1841,1841,1841,1754,1754,1754,1802,1802,1802,1803,1803,1803,1816,1816,
1816,1819,1819,1819,1784,1784,1784,1752,1752,1752,1749,1749,1749,1817,1817,
1817,1814,1814,1814,1785,1785,1785,1838,1838,1838,1895,1895,1895,1861,1861,
1861,1839,1839,1839,1876,1876,1876,1877,1877,1877,1893,1893,1893,1929,1929,
1929,1896,1896,1896,1858,1858,1858,1836,1836,1836,1837,1837,1837,1993,1993,
1993,1996,1996,1996,1934,1934,1934,1994,1994,1994,1991,1991,1991,1960,1960,
1960,2022,2022,2022,2023,2023,2023,2079,2079,2079,2044,2044,2044,2059,2059,
2059,2060,2060,2060,2077,2077,2077,2112,2112,2112,2080,2080,2080,2041,2041,
2041,2020,2020,2020,2021,2021,2021,1989,1989,1989,1975,1975,1975,1976,1976,
1976,1992,1992,1992,1957,1957,1957,1990,1990,1990,2018,2018,2018,2019,2019,
2019,1930,1930,1930,1927,1927,1927,1987,1987,1987,1958,1958,1958,2078,2078,
2078,2110,2110,2110,2111,2111,2111,2075,2075,2075,2042,2042,2042,2073,2073,
2073,2057,2057,2057,2058,2058,2058,2108,2108,2108,2076,2076,2076,2039,2039,
2039,2074,2074,2074,2106,2106,2106,2107,2107,2107,1750,1750,1750,1800,1800,
1800,1801,1801,1801,1891,1891,1891,1815,1815,1815,1748,1748,1748,1894,1894,
1894,1928,1928,1928,1859,1859,1859,1892,1892,1892,1925,1925,1925,1973,1973,
1973,1974,1974,1974,2071,2071,2071,2016,2016,2016,1988,1988,1988,1926,1926,
1926,2017,2017,2017,2040,2040,2040,2072,2072,2072,2104,2104,2104,2157,2157,
2157,2158,2158,2158,2175,2175,2175,2178,2178,2178,2138,2138,2138,2113,2113,
2113,2176,2176,2176,2200,2200,2200,2173,2173,2173,2139,2139,2139,2224,2224,
2224,2197,2197,2197,2195,2195,2195,2198,2198,2198,2221,2221,2221,2155,2155,
2155,2156,2156,2156,2171,2171,2171,2174,2174,2174,2136,2136,2136,2109,2109,
2109,2172,2172,2172,2196,2196,2196,2169,2169,2169,2137,2137,2137,2222,2222,
2222,2194,2194,2194,2193,2193,2193,2495,2495,2495,2302,2302,2302,2492,2492,
2492,2300,2300,2300,2153,2153,2153,2170,2170,2170,2105,2105,2105,2154,2154,
2154,2479,2479,2479,2286,2286,2286,2282,2282,2282,2472,2472,2472,2483,2483,
2483,2289,2289,2289,2480,2480,2480,2287,2287,2287,2279,2279,2279,2473,2473,
2473,2280,2280,2280,2500,2500,2500,2308,2308,2308,2493,2493,2493,2303,2303,
2303,2489,2489,2489,2488,2488,2488,2295,2295,2295,2496,2496,2496,2502,2502,
2502,2310,2310,2310,2301,2301,2301,2304,2304,2304,2484,2484,2484,2297,2297,
2297,2481,2481,2481,2290,2290,2290,2291,2291,2291,2288,2288,2288,1771,1771,
1771,1772,1772,1772,1795,1795,1795,1812,1812,1812,1794,1794,1794,1834,1834,
1834,1887,1887,1887,1856,1856,1856,1916,1916,1916,1915,1915,1915,1886,1886,
1886,1949,1949,1949,1950,1950,1950,1986,1986,1986,2037,2037,2037,1953,1953,
1953,2052,2052,2052,2008,2008,2008,1968,1968,1968,1985,1985,1985,1967,1967,
1967,2007,2007,2007,2051,2051,2051,2068,2068,2068,2096,2096,2096,2095,2095,
2095,2099,2099,2099,2036,2036,2036,2067,2067,2067,2127,2127,2127,2349,2349,
2349,2526,2526,2526,2337,2337,2337,2513,2513,2513,2324,2324,2324,2341,2341,
2341,2333,2333,2333,2328,2328,2328,2131,2131,2131,2165,2165,2165,2146,2146,
2146,2147,2147,2147,2189,2189,2189,2213,2213,2213,2233,2233,2233,2345,2345,
2345,2311,2311,2311,2355,2355,2355,2354,2354,2354,916,915,704,703,702,701,
700,699,698,697,696,695,694,693,692,691,690,689,688,687,686,685,684,683,
682,681,680,679,678,677,676,675,674,673,672,671,670,669,668,666,665,664,
663,662,661,660,659,658,657,656,655,654,653,667,909,910,904,866,900,864,
846,840,826,838,822,816,810,798,797,795,794,793,792,790,791,789,796,802,
809,821,825,827,829,837,839,845,863,865,899,815,917,705,652,913,911,911,
914,901,903,903,799,799,902,908,908,906,906,907,912,912,905,905,788,788,
1596,1600,1604,1592,1640,1644,1628,1632,1612,1616,1584,1588,1576,1580,1567,
1571,1593,1590,1648,1652,1636,1624,1608,1598,1656,1620,1541,1545,1554,1559,
1533,1537,1530,1529,1561,1557,1602,1610,1606,1622,1618,1550,1563,1539,1535,
1548,1543,1552,1586,1614,1569,1565,1578,1574,1582,1630,1626,1658,1654,1642,
1638,1650,1646,1634,1595,1615,1611,1623,1619,1639,1635,1647,1643,1589,1594,
1581,1585,1591,1587,1599,1655,1651,1653,1657,1625,1629,1597,1573,1577,1564,
1568,1549,1544,1562,1558,1583,1579,1607,1603,1627,1631,1645,1649,1637,1641,
1633,1553,1566,1575,1617,1621,1609,1613,1601,1605,1540,1536,1570,1556,1560,
1532,1551,1542,1547,1534,1538,1528,1531,1010,1005,1009,1028,1033,1015,1019,
1013,1024,1044,1060,1039,1001,1075,1079,1067,1124,1128,1082,1100,1071,993,
998,1129,1125,1120,1111,1116,981,984,974,1133,1138,1140,1131,1135,1104,
1108,988,977,932,936,921,925,927,923,991,987,999,995,1136,940,928,930,937,
934,976,972,1003,983,979,1007,1121,1118,1029,1025,1036,1032,1045,1042,1020,
1065,1069,1076,1073,1084,1080,1105,1101,1110,1017,1114,1137,1132,1139,1130,
1134,1027,1022,1046,1034,1041,996,990,1006,1002,1016,1012,1078,1072,980,
1068,985,926,922,975,971,1113,1107,1122,1117,924,935,931,1103,1083,1127,
929,973,978,933,939,1047,1066,1040,1026,1030,1018,1021,1070,1043,1074,1077,
1000,1004,1035,1008,994,997,1011,1014,1081,1106,1109,1123,1126,1115,1119,
1112,1085,989,982,986,1102,2244,841,858,868,890,919,962,1038,1061,828,820,
813,2260,2251,2230,2241,2229,1037,918,857,844,843,803,836,835,800,833,832,
867,889,961,2220,2245,2247,2218,1063,1202,1218,1254,1286,1300,1301,1277,
1240,1303,1287,1253,1239,1217,1204,1276,1386,1402,1404,1426,1436,1468,1482,
1483,1458,1485,1469,1435,1403,1389,1388,1425,1457,1798,1781,1743,1733,1711,
1698,1767,1712,1744,1768,1782,1796,1734,1696,1873,1889,1924,1946,1956,1969,
1912,1971,1955,1923,1911,1888,1875,1945,2055,2070,2102,2124,2133,2135,2148,
2092,2152,2149,2134,2103,2069,2091,2101,2056,2056,1874,1874,1797,1797,1387,
1387,1203,1203,808,2219,2219,2217,2217,2150,2150,2151,2151,2054,2054,1970,
1970,1972,1972,1872,1872,1695,1695,1697,1697,1799,1799,1486,1486,1484,1484,
1385,1385,1302,1302,1304,1304,1201,1201,1062,1062,1064,1064,807,2266,2267,
638,642,635,630,632,623,626,614,617,608,612,606,598,602,588,592,595,620,
645,651,470,471,467,468,466,465,548,556,555,560,568,567,572,581,580,587,
586,591,601,600,594,575,562,550,648,715,708,709,710,711,712,713,716,605,
611,607,619,618,625,624,629,637,636,641,804,811,812,819,824,831,834,2216,
2215,2235,2238,2240,2242,2243,2248,2249,2253,2258,2262,2263,2361,2358,2363,
2364,2368,2372,2380,2379,2374,814,644,631,613,2384,2392,2396,2403,2409,
2417,2421,2429,2433,2435,2428,2423,2416,2411,2405,2399,2391,2386,2441,2447,
2451,2459,2463,2465,2466,2468,2469,2467,2458,2453,2446,2440,2365,2261,2259,
2252,2246,2239,2237,2192,2167,2014,2015,2013,2012,2011,2010,1921,1922,1780,
1783,1779,1778,1745,1555,1572,1546,1527,1526,1502,1501,1369,1370,1368,1344,
1342,1341,1251,1252,1249,1185,1031,938,830,842,823,818,817,920,992,1023,
1200,1250,1255,1343,1367,1467,1525,1746,1777,1890,2009,2038,2053,2168,2191,
2236,2250,2275,2276,2274,2273,2272,2271,2270,599,649,477,706,731,643,573,
743,498,499,502,650,593,755,756,510,585,576,579,574,563,566,561,554,557,
521,549,513,514,551,569,582,2360,2284,2366,2486,2397,2362,2293,2296,2357,
2498,2367,2317,2321,2320,2322,2309,2306,2359,2510,2518,2511,2464,2454,2452,
2445,2436,2434,2424,2422,2412,2415,2418,2427,2430,2439,2442,2448,2457,2460,
2410,2404,2393,2387,2385,2375,2373,2369,2356,2378,2381,2390,2398,2400,2406,
2305,2305,2485,2485,2283,2283,497,497,485,485,490,490,488,723,723,722,721,
721,474,474,2265,763,763,801,805,707,707,2269,2269,2312,2312,2503,2503,
2497,2497,2292,2292,2298,2298,2490,2490,2478,2478,2476,2476,2477,2285,2285,
2277,2278,2281,2281,2474,2474,2470,2471,748,748,505,505,742,742,735,735,
730,730,478,478,476,476,719,719,2507,2507,2316,2316,2329,2329,2264,2268,
509,509,752,752,806,714,469),((1,4,5),(2,7,3),(1,5,9),(1,9,11),(2,12,13),
(2,13,7),(4,15,5),(17,15,4),(18,3,19),(3,7,19),(6,16,21),(6,23,10),(6,21,
23),(25,28,29),(26,31,27),(25,29,33),(25,33,17),(26,18,35),(26,35,31),(28,
37,29),(28,39,37),(27,41,40),(27,31,41),(30,43,34),(30,38,45),(30,45,43),
(17,33,15),(34,47,16),(34,43,47),(18,19,35),(39,49,37),(39,51,49),(40,53,
52),(40,55,53),(40,57,55),(40,59,57),(40,61,59),(40,63,61),(40,41,63),(38,
50,65),(38,65,45),(49,51,67),(51,69,67),(52,53,71),(52,73,75),(52,77,73),
(52,75,79),(52,79,81),(52,81,83),(52,83,85),(52,85,87),(52,89,77),(52,91,
89),(52,93,91),(52,95,93),(52,97,95),(52,71,97),(52,99,70),(50,68,102),
(50,102,104),(50,104,106),(50,106,108),(50,108,110),(50,110,65),(16,47,
21),(68,112,102),(68,114,116),(68,118,114),(68,116,120),(68,122,118),(68,
124,122),(68,126,124),(68,120,128),(68,128,130),(68,130,132),(68,132,134),
(68,134,136),(68,138,140),(68,142,138),(68,140,144),(68,144,146),(68,146,
148),(68,148,150),(68,150,152),(68,152,154),(68,154,156),(68,156,158),(68,
158,126),(68,160,112),(68,136,160),(68,162,164),(68,166,162),(68,164,168),
(68,168,142),(68,170,166),(67,69,171),(11,9,172),(10,174,173),(10,23,174),
(11,172,176),(12,177,178),(12,178,13),(176,172,180),(173,182,181),(173,
174,182),(176,180,184),(177,185,186),(177,186,178),(184,180,188),(181,190,
189),(181,182,190),(184,188,192),(185,193,194),(185,194,186),(192,188,196),
(189,198,197),(189,190,198),(192,196,200),(193,201,202),(193,202,194),(200,
196,204),(197,206,205),(197,198,206),(200,204,208),(201,209,210),(201,210,
202),(54,56,103),(54,103,113),(72,54,113),(56,105,103),(208,204,212),(205,
214,213),(205,206,214),(208,212,216),(209,217,218),(209,218,210),(216,212,
220),(213,222,221),(213,214,222),(216,220,224),(217,225,226),(217,226,218),
(117,76,74),(121,117,74),(121,74,78),(115,80,76),(117,115,76),(119,82,80),
(115,119,80),(123,84,82),(119,123,82),(125,86,84),(123,125,84),(125,228,
86),(228,88,86),(126,229,124),(129,78,90),(90,92,131),(90,131,129),(129,
121,78),(92,94,133),(92,133,131),(94,96,135),(94,135,133),(96,137,135),
(96,98,137),(126,230,229),(126,232,230),(126,234,232),(126,236,234),(126,
238,236),(126,240,238),(126,242,240),(126,244,242),(126,246,244),(126,248,
246),(126,250,248),(126,252,250),(126,254,252),(126,256,254),(126,258,256),
(126,260,258),(126,262,260),(126,264,262),(126,266,264),(126,268,266),(126,
270,268),(126,272,270),(126,274,272),(126,276,274),(126,278,276),(126,280,
278),(127,282,281),(127,285,288),(127,291,285),(127,288,295),(127,295,282),
(127,297,291),(127,300,297),(228,231,88),(231,303,88),(231,233,303),(233,
235,306),(233,306,303),(235,237,307),(235,307,306),(237,239,310),(237,310,
307),(224,220,311),(221,313,312),(221,222,313),(224,311,315),(225,316,317),
(225,317,226),(56,58,105),(315,311,319),(312,321,320),(312,313,321),(72,
113,161),(315,319,323),(316,324,325),(316,325,317),(323,319,322),(323,322,
326),(58,60,107),(58,107,105),(60,62,109),(60,109,107),(62,327,109),(62,
329,327),(63,330,61),(110,108,328),(98,72,161),(98,161,137),(239,241,332),
(239,332,310),(241,243,333),(241,333,332),(243,245,336),(243,336,333),(245,
247,337),(245,337,336),(247,249,340),(247,340,337),(249,251,341),(249,341,
340),(251,253,344),(251,344,341),(171,69,345),(171,345,348),(171,350,354),
(171,356,350),(171,354,359),(171,359,362),(171,365,356),(171,369,365),(171,
362,371),(171,371,374),(171,377,369),(171,348,377),(253,255,380),(253,380,
344),(255,383,380),(255,257,383),(257,259,384),(257,384,383),(259,261,387),
(259,387,384),(261,388,387),(261,390,388),(260,262,391),(390,392,388),(394,
396,392),(390,394,392),(398,400,396),(394,398,396),(401,402,404),(398,406,
400),(401,408,402),(406,409,400),(263,405,403),(263,265,405),(391,262,395),
(395,262,399),(399,262,407),(410,263,403),(407,262,412),(411,412,262),(265,
414,405),(416,418,420),(422,418,416),(416,420,424),(423,417,426),(417,425,
429),(417,429,426),(421,419,430),(418,422,432),(419,433,434),(419,434,430),
(330,436,420),(329,421,438),(420,436,424),(421,430,438),(330,440,436),(329,
438,327),(63,440,330),(425,437,442),(437,445,442),(437,441,445),(432,422,
446),(447,423,448),(423,426,448),(433,451,434),(432,446,453),(433,452,451),
(439,443,328),(443,439,428),(431,428,439),(444,328,443),(425,442,429),(110,
328,444),(428,431,435),(435,427,428),(450,449,435),(427,435,449),(453,446,
454),(455,447,456),(447,448,456),(453,454,458),(452,459,460),(452,460,451),
(458,454,462),(463,455,464),(455,456,464),(458,462,466),(459,467,468),(459,
468,460),(466,462,470),(471,463,472),(463,464,472),(466,470,474),(467,475,
476),(467,476,468),(474,470,478),(479,471,480),(471,472,480),(474,478,482),
(475,483,484),(475,484,476),(482,478,486),(486,478,488),(479,480,490),(489,
479,490),(483,487,493),(483,493,484),(449,450,457),(461,457,450),(457,461,
465),(469,465,461),(465,469,473),(477,473,469),(473,477,481),(485,481,477),
(486,494,496),(486,488,494),(487,497,498),(487,498,493),(496,494,500),(501,
495,502),(495,505,502),(495,489,505),(496,500,506),(497,507,508),(497,508,
498),(506,500,510),(510,500,512),(513,501,514),(501,502,514),(507,511,517),
(507,517,508),(510,512,518),(511,519,520),(511,520,517),(518,512,522),(523,
513,524),(513,514,524),(518,522,526),(519,527,528),(519,528,520),(526,522,
530),(531,523,532),(523,524,532),(526,530,534),(527,535,536),(527,536,528),
(534,530,538),(531,532,540),(539,531,540),(535,543,536),(534,538,545),(543,
535,544),(481,485,491),(492,491,485),(491,492,504),(499,504,492),(489,490,
505),(504,499,503),(509,503,499),(503,509,515),(516,515,509),(515,516,525),
(521,525,516),(525,521,533),(529,533,521),(529,541,533),(537,541,529),(537,
546,541),(542,546,537),(539,540,547),(408,548,402),(550,548,408),(413,551,
409),(406,413,409),(410,403,549),(552,554,556),(558,555,553),(552,556,560),
(550,552,548),(562,553,551),(552,560,548),(562,558,553),(554,564,556),(554,
566,564),(568,567,555),(558,568,555),(571,557,565),(571,572,557),(572,561,
557),(566,574,564),(568,576,567),(576,578,567),(566,579,574),(580,571,565),
(580,565,575),(413,562,551),(583,410,549),(583,549,561),(412,411,563),(559,
573,569),(573,559,582),(563,582,559),(570,569,573),(572,583,561),(569,570,
577),(581,577,570),(576,584,578),(577,581,585),(582,563,411),(545,538,586),
(587,539,547),(545,586,588),(590,544,589),(590,543,544),(588,586,592),(593,
587,594),(587,547,594),(588,592,596),(598,589,597),(598,590,589),(596,592,
600),(601,593,602),(593,594,602),(604,596,600),(606,597,605),(606,598,597),
(608,610,612),(614,611,609),(608,612,616),(584,614,609),(579,608,574),(584,
609,578),(608,616,574),(604,612,610),(618,605,611),(614,618,611),(604,620,
612),(622,617,613),(613,625,622),(613,621,625),(604,600,620),(618,606,605),
(621,601,626),(601,602,626),(542,595,546),(623,542,591),(542,623,624),(542,
603,595),(542,627,603),(542,624,627),(623,619,615),(623,607,619),(623,615,
628),(623,599,607),(623,591,599),(622,629,617),(585,628,615),(629,580,575),
(629,575,617),(628,585,581),(14,22,8),(8,48,20),(8,22,48),(179,24,14),(14,
24,22),(187,175,179),(179,175,24),(187,183,175),(195,183,187),(20,44,36),
(20,48,44),(36,46,32),(32,66,42),(32,46,66),(36,44,46),(42,66,111),(42,
111,64),(195,191,183),(203,191,195),(211,199,203),(203,199,191),(219,207,
211),(211,207,199),(227,215,219),(219,215,207),(318,223,227),(227,223,215),
(318,314,223),(326,314,318),(326,322,314),(621,626,625),(265,267,414),(267,
269,630),(267,630,414),(269,271,633),(269,633,630),(633,271,634),(271,273,
634),(273,275,637),(634,273,637),(275,277,638),(275,638,637),(277,641,638),
(277,279,641),(279,642,641),(279,644,642),(280,645,278),(63,646,440),(64,
111,648),(63,650,652),(63,654,650),(63,652,646),(63,656,654),(63,658,656),
(63,660,658),(63,662,660),(64,648,663),(441,664,445),(441,647,664),(110,
444,665),(110,666,668),(110,668,670),(110,665,672),(110,672,666),(110,670,
674),(110,674,676),(110,676,678),(110,678,680),(110,680,649),(643,682,684),
(643,686,682),(644,687,642),(688,685,690),(685,683,693),(685,693,690),(70,
99,694),(345,69,696),(69,698,696),(70,694,700),(70,700,702),(70,704,699),
(70,702,706),(70,706,708),(70,708,710),(70,710,712),(70,712,714),(70,714,
716),(70,716,718),(70,718,720),(70,720,722),(70,722,724),(70,726,704),(70,
724,728),(70,728,726),(99,730,732),(99,734,730),(99,732,736),(99,738,734),
(99,736,694),(99,740,738),(99,742,740),(99,744,742),(99,746,744),(99,748,
746),(99,750,748),(99,752,750),(99,754,752),(99,756,754),(99,758,756),(99,
760,758),(99,762,760),(99,764,762),(99,766,764),(769,767,101),(280,772,
774),(280,774,645),(280,776,772),(649,778,280),(649,280,780),(280,782,784),
(280,786,782),(280,784,788),(280,790,786),(280,792,790),(280,794,792),(280,
796,798),(280,800,796),(280,798,794),(280,778,802),(280,804,800),(280,802,
804),(280,806,776),(280,808,806),(280,788,808),(281,282,810),(281,810,813),
(281,813,817),(281,817,819),(281,819,822),(688,690,825),(827,688,825),(650,
829,831),(650,833,829),(651,832,669),(651,669,667),(653,651,667),(650,835,
833),(650,837,835),(650,654,837),(831,829,839),(839,829,841),(842,830,843),
(830,846,843),(830,834,846),(832,840,847),(832,847,669),(839,841,849),(840,
850,851),(840,851,847),(849,841,853),(854,842,855),(842,843,855),(849,853,
857),(850,858,859),(850,859,851),(857,853,861),(862,854,863),(854,855,863),
(857,861,865),(858,866,867),(858,867,859),(865,861,869),(870,862,871),(862,
863,871),(865,869,873),(866,874,875),(866,875,867),(873,869,877),(870,871,
879),(878,870,879),(874,882,875),(873,877,884),(874,883,882),(848,844,668),
(844,848,856),(852,856,848),(845,668,844),(668,845,885),(668,885,887),(668,
887,670),(856,852,864),(860,864,852),(864,860,872),(868,872,860),(872,868,
880),(876,880,868),(880,876,889),(881,889,876),(878,879,890),(884,877,891),
(892,878,890),(884,893,895),(884,891,893),(883,896,897),(883,897,882),(895,
893,899),(900,894,901),(894,904,901),(894,892,904),(895,899,905),(896,906,
907),(896,907,897),(905,899,909),(910,900,911),(900,901,911),(905,909,913),
(906,914,915),(906,915,907),(913,909,917),(918,910,919),(910,911,919),(913,
917,921),(914,922,923),(914,923,915),(921,917,925),(925,917,927),(928,918,
929),(918,919,929),(922,926,932),(922,932,923),(925,927,933),(926,934,935),
(926,935,932),(933,927,937),(928,929,939),(938,928,939),(934,942,935),(933,
937,944),(934,943,942),(889,881,903),(898,903,881),(892,890,904),(903,898,
902),(908,902,898),(902,908,912),(916,912,908),(912,916,920),(924,920,916),
(920,924,930),(931,930,924),(930,931,940),(936,940,931),(940,936,945),(941,
945,936),(938,939,946),(647,673,664),(647,653,673),(653,667,673),(944,937,
947),(948,938,946),(944,947,949),(943,950,951),(943,951,942),(949,947,953),
(948,946,955),(954,948,955),(957,949,959),(950,958,961),(949,953,959),(950,
961,951),(963,957,959),(958,964,965),(958,965,961),(963,959,967),(968,960,
969),(960,972,969),(960,954,972),(963,967,973),(964,974,975),(964,975,965),
(973,967,977),(968,969,979),(978,968,979),(981,973,983),(974,982,985),(973,
977,983),(974,985,975),(987,981,983),(982,989,985),(982,988,989),(984,992,
993),(984,978,992),(987,983,995),(996,984,993),(945,941,956),(952,956,941),
(956,952,971),(962,971,952),(954,955,972),(971,962,970),(966,970,962),(970,
966,980),(976,980,966),(980,976,991),(986,991,976),(978,979,992),(991,986,
994),(990,994,986),(997,682,686),(998,687,775),(687,644,775),(997,999,682),
(683,1000,1001),(683,1001,693),(1003,1005,1007),(1006,1004,1009),(1003,
1007,1011),(1013,1003,1015),(1004,1014,1017),(1003,1011,1015),(1004,1017,
1009),(987,1007,1005),(1006,1009,1020),(988,1006,1020),(1008,1021,1024),
(1008,996,1021),(1012,1008,1024),(987,995,1007),(997,1013,1015),(1014,998,
1025),(1014,1025,1017),(997,1015,999),(1016,1028,1029),(1016,1012,1028),
(1000,1016,1029),(998,775,1025),(774,1002,1026),(1002,774,692),(692,774,
691),(691,774,826),(826,774,1031),(1031,774,1033),(1033,774,772),(1030,
1026,1002),(1000,1029,1001),(1026,1030,1018),(1018,1027,1010),(1027,1018,
1030),(1023,1010,1027),(1012,1024,1028),(1010,1023,1019),(1019,1022,990),
(1022,1019,1023),(988,1020,989),(994,990,1022),(996,993,1021),(834,836,
886),(834,886,846),(836,838,888),(836,888,886),(838,655,671),(838,671,888),
(655,675,671),(655,657,675),(827,825,1032),(1035,1032,1034),(1035,827,1032),
(1038,1034,773),(1038,1035,1034),(1039,1038,773),(1039,773,777),(657,659,
677),(657,677,675),(659,661,679),(659,679,677),(661,681,679),(662,1041,
660),(661,1042,681),(662,1043,1041),(662,1045,1043),(662,1047,1045),(662,
1049,1047),(663,648,1051),(662,1053,1049),(662,1055,1053),(662,1057,1055),
(662,1059,1057),(662,1061,1059),(662,1063,1061),(662,1065,1063),(662,1067,
1065),(662,1069,1067),(662,1071,1069),(663,1051,1073),(663,1073,1076),(663,
1076,1077),(1042,1079,681),(1042,1044,1079),(649,680,1080),(1044,1046,1082),
(1044,1082,1079),(1046,1048,1083),(1046,1083,1082),(1048,1086,1083),(1048,
1050,1086),(649,1080,1081),(649,1081,1084),(649,1084,1085),(649,1085,1087),
(649,1087,1089),(649,1089,1091),(649,1091,1093),(649,1093,1095),(649,1095,
1097),(649,1097,1099),(649,1099,1101),(649,1101,778),(649,1103,1052),(649,
780,1105),(649,1105,1107),(649,1107,1109),(649,1109,1111),(649,1111,1113),
(649,1113,1115),(649,1115,1117),(649,1117,1119),(649,1119,1121),(649,1121,
1123),(649,1123,1125),(649,1125,1127),(649,1127,1129),(649,1129,1103),(1131,
785,783),(1134,783,787),(1134,1131,783),(1131,1135,785),(1135,789,785),
(1138,787,791),(1138,1134,787),(1139,791,793),(1139,1138,791),(1142,793,
795),(1142,1139,793),(1143,799,797),(1146,797,801),(1146,1143,797),(1147,
795,799),(1143,1147,799),(1147,1142,795),(1050,1054,1088),(1050,1088,1086),
(1054,1056,1090),(1054,1090,1088),(1056,1058,1092),(1056,1092,1090),(1058,
1060,1094),(1058,1094,1092),(1060,1096,1094),(1060,1062,1096),(1062,1064,
1098),(1062,1098,1096),(1064,1066,1100),(1064,1100,1098),(1066,1068,1102),
(1066,1102,1100),(1068,1070,779),(1068,779,1102),(1070,803,779),(1070,1072,
803),(1072,805,803),(1072,1150,805),(1150,801,805),(1150,1146,801),(1051,
1151,1155),(1051,1157,1151),(1051,1161,1163),(1051,1163,1166),(1051,1166,
1170),(1051,1170,1172),(1175,1039,777),(1178,1175,807),(1175,777,807),(1179,
1178,809),(1178,807,809),(1135,1179,789),(1179,809,789),(1074,1181,1075),
(1073,1172,1183),(1073,1183,1186),(1073,1186,1190),(1073,1190,1192),(1073,
1192,1196),(1073,1196,1198),(1073,1198,1202),(1073,1202,1204),(1077,1207,
1209),(1078,1210,1211),(1077,1076,1207),(1078,1213,1215),(1078,1211,1217),
(1078,1217,1219),(1078,1219,1221),(1078,1221,1223),(1078,1225,1213),(1078,
1223,1227),(1078,1227,1229),(1078,1231,1233),(1078,1229,1231),(1078,1233,
1235),(1078,1237,1225),(1078,1239,1237),(1078,1235,1239),(346,697,1241),
(345,1243,348),(345,1247,1243),(345,1249,1247),(345,1253,1249),(345,1255,
1253),(345,1258,1255),(345,1261,1258),(345,1264,1261),(1241,697,1267),(1267,
697,1269),(1269,697,1271),(1271,697,1273),(1273,697,1275),(1275,697,1277),
(1279,697,1281),(1281,697,1283),(1277,697,1285),(1285,697,1287),(1287,697,
1289),(1289,697,1291),(1291,697,1293),(1293,697,1295),(1295,697,1297),(1297,
697,1279),(697,1299,1283),(696,698,1301),(697,1302,1303),(697,1305,1299),
(697,1307,1305),(697,1309,1307),(697,1311,1309),(697,1313,1311),(697,1315,
1313),(697,1317,1315),(697,1319,1317),(697,1321,1319),(697,1323,1321),(697,
1303,1325),(697,1325,1323),(1327,733,731),(1330,731,735),(1330,1327,731),
(1331,737,733),(1327,1331,733),(1334,735,739),(1334,1330,735),(1335,695,
737),(1331,1335,737),(1335,1338,695),(1338,701,695),(1339,739,741),(1339,
1334,739),(1342,741,743),(1342,1339,741),(1343,743,745),(1343,1342,743),
(1346,745,747),(1346,1343,745),(1281,1347,1349),(1281,1345,1347),(1281,
1349,1351),(1281,1351,1353),(1281,1353,1355),(1281,1355,1357),(1281,1357,
1359),(1281,1337,1336),(1281,1283,1337),(1281,1336,1332),(1281,1332,1328),
(1281,1328,1329),(1281,1329,1333),(1281,1333,1340),(1281,1340,1341),(1281,
1341,1344),(1281,1344,1345),(1281,1359,1361),(1281,1361,1363),(1281,1363,
1365),(1282,1366,1367),(1282,1371,1373),(1282,1367,1371),(1282,1373,1377),
(1282,1377,1379),(1282,1379,1383),(1350,1348,749),(1348,747,749),(1348,
1346,747),(1352,1350,751),(1350,749,751),(1352,751,753),(1354,1352,753),
(1354,753,755),(1356,1354,755),(1358,1356,757),(1356,755,757),(1358,757,
759),(1385,1358,759),(1386,1359,1357),(1385,759,761),(1338,1284,701),(1284,
703,701),(1284,1300,703),(698,1387,1301),(699,1210,1388),(699,704,1389),
(699,1389,1391),(699,1391,1393),(699,1393,1395),(699,1395,1397),(699,1397,
1399),(699,1399,1401),(699,1401,1403),(699,1405,1210),(699,1403,1405),(1387,
1407,1301),(1387,1409,1407),(1388,1411,1410),(1388,1210,1411),(1302,1408,
1208),(1302,1413,1303),(1302,1415,1413),(1302,1417,1415),(1302,1419,1417),
(1302,1421,1419),(1302,1423,1421),(1302,1425,1423),(1302,1427,1425),(1302,
1429,1427),(1302,1431,1429),(1302,1208,1433),(1302,1433,1431),(1409,1435,
1407),(1409,1437,1435),(1410,1439,1438),(1410,1411,1439),(1408,1436,1441),
(1408,1441,1208),(1437,1443,1435),(1437,1445,1443),(1438,1447,1446),(1438,
1439,1447),(1436,1444,1449),(1436,1449,1441),(1445,1451,1443),(1445,1453,
1451),(1446,1455,1454),(1446,1447,1455),(1444,1452,1457),(1444,1457,1449),
(1453,1459,1451),(1453,1461,1459),(1454,1463,1462),(1454,1455,1463),(1452,
1460,1465),(1452,1465,1457),(1459,1461,1467),(1460,1468,1469),(1460,1469,
1465),(1461,1471,1467),(1462,1473,1472),(1462,1463,1473),(1471,1475,1467),
(1471,1477,1475),(1472,1479,1478),(1472,1473,1479),(1468,1476,1481),(1468,
1481,1469),(1475,1477,1483),(1477,1485,1483),(1478,1487,1486),(1478,1479,
1487),(1476,1484,1489),(1476,1489,1481),(1485,1491,1483),(1484,1492,1493),
(1484,1493,1489),(1300,707,703),(1306,709,707),(1300,1306,707),(1308,711,
709),(1306,1308,709),(1310,713,711),(1308,1310,711),(1310,1312,713),(1312,
715,713),(1312,1314,715),(1314,717,715),(1316,719,717),(1314,1316,717),
(1318,721,719),(1316,1318,719),(1320,723,721),(1318,1320,721),(1320,1322,
723),(1322,725,723),(1322,1324,725),(705,727,1304),(705,1304,1414),(1390,
705,1414),(1485,1495,1491),(1486,1497,1496),(1486,1487,1497),(1491,1495,
1499),(1495,1501,1499),(1496,1503,1502),(1496,1497,1503),(1492,1500,1505),
(1492,1505,1493),(1326,1304,727),(1501,1507,1499),(1500,1508,1509),(1500,
1509,1505),(1501,1511,1507),(1502,1513,1512),(1502,1503,1513),(1507,1511,
1515),(1511,1517,1515),(1512,1519,1518),(1512,1513,1519),(1508,1516,1521),
(1508,1521,1509),(1517,1523,1515),(1516,1524,1525),(1516,1525,1521),(1324,
729,725),(1326,727,729),(1324,1326,729),(1517,1527,1523),(1518,1529,1528),
(1518,1519,1529),(1523,1527,1531),(1527,1533,1531),(1528,1535,1534),(1528,
1529,1535),(1524,1532,1537),(1524,1537,1525),(1390,1414,1416),(1392,1390,
1416),(1394,1392,1418),(1392,1416,1418),(1394,1418,1420),(1539,1394,1420),
(1395,1393,1540),(1533,1541,1531),(1533,1543,1541),(1534,1535,1544),(1532,
1542,1545),(1532,1545,1537),(1421,1547,1419),(1539,1420,1548),(1541,1543,
1549),(1542,1550,1545),(1552,761,763),(1552,1385,761),(1553,763,765),(1553,
1552,763),(1556,1553,765),(1556,765,1557),(764,766,1558),(1362,1360,1560),
(1551,1359,1386),(1554,1359,1551),(1555,1359,1554),(1360,1561,1560),(1360,
1563,1561),(1565,1359,1555),(1567,1359,1565),(1359,1567,1564),(1396,1422,
1424),(1396,1569,1422),(1571,1395,1573),(1571,1570,1395),(1395,1540,1575),
(1395,1575,1573),(1398,1396,1424),(1577,1579,1421),(1581,1421,1579),(1578,
1422,1569),(1421,1583,1547),(1421,1581,1583),(1585,1364,1362),(1362,1560,
1585),(1585,1588,1364),(1365,1363,1589),(1588,1590,1364),(1558,1559,1591),
(1558,1586,1559),(1566,1557,1592),(1566,1556,1557),(1558,766,1586),(1591,
1559,1562),(1591,1562,1593),(1568,1592,1594),(1568,1566,1592),(1593,1562,
1595),(1595,1562,1597),(1563,1598,1561),(1599,1594,1596),(1599,1568,1594),
(1595,1597,1601),(1603,1596,1602),(1603,1599,1596),(1601,1597,1605),(1563,
1607,1598),(1607,1606,1598),(1601,1609,1611),(1601,1605,1609),(1613,1602,
1612),(1613,1603,1602),(1611,1609,1615),(1615,1609,1617),(1619,1618,1610),
(1622,1619,1610),(1622,1610,1606),(1623,1612,1616),(1623,1613,1612),(1600,
1564,1567),(1564,1600,1608),(1604,1608,1600),(1608,1604,1621),(1614,1621,
1604),(1607,1622,1606),(1615,1617,1625),(1627,1616,1626),(1627,1623,1616),
(1625,1617,1629),(1619,1631,1618),(1631,1630,1618),(1634,1627,1626),(1625,
1635,1637),(1625,1629,1635),(1634,1626,1638),(1621,1614,1620),(1624,1620,
1614),(1624,1632,1620),(1628,1632,1624),(1632,1628,1639),(1633,1639,1628),
(1631,1640,1630),(1637,1635,1641),(1641,1635,1643),(1645,1644,1636),(1640,
1645,1636),(1640,1636,1630),(1648,1638,1642),(1648,1634,1638),(1641,1643,
1649),(1651,1642,1650),(1651,1648,1642),(1649,1643,1653),(1655,1654,1644),
(1645,1655,1644),(1649,1653,1657),(1659,1650,1658),(1659,1651,1650),(1657,
1653,1661),(1663,1662,1654),(1655,1663,1654),(1657,1661,1665),(1667,1658,
1666),(1667,1659,1658),(1665,1661,1669),(1671,1670,1662),(1663,1671,1662),
(1665,1669,1673),(1675,1666,1674),(1675,1667,1666),(1673,1669,1677),(1671,
1679,1670),(1679,1678,1670),(1682,1675,1674),(1673,1677,1684),(1682,1674,
1683),(1639,1633,1646),(1647,1646,1633),(1646,1647,1656),(1652,1656,1647),
(1656,1652,1664),(1660,1664,1652),(1660,1672,1664),(1668,1672,1660),(1668,
1680,1672),(1676,1680,1668),(1680,1676,1685),(1681,1685,1676),(1679,1686,
1678),(1571,1687,1689),(1580,1688,1572),(1571,1689,1570),(1582,1580,1572),
(1572,1574,1582),(1687,1691,1689),(1687,1693,1691),(1695,1694,1688),(1580,
1695,1688),(1698,1690,1692),(1698,1578,1690),(1578,1569,1690),(1693,1699,
1691),(1693,1701,1699),(1703,1702,1694),(1695,1703,1694),(1706,1692,1700),
(1706,1698,1692),(1701,1707,1699),(1701,1709,1707),(1711,1710,1702),(1703,
1711,1702),(1714,1700,1708),(1714,1706,1700),(1709,1715,1707),(1709,1717,
1715),(1719,1718,1710),(1711,1719,1710),(1722,1708,1716),(1722,1714,1708),
(1717,1723,1715),(1719,1725,1718),(1725,1727,1718),(1717,1728,1723),(1729,
1722,1716),(1729,1716,1724),(1579,1577,1696),(1697,1696,1577),(1696,1697,
1704),(1705,1704,1697),(1704,1705,1712),(1713,1712,1705),(1712,1713,1720),
(1721,1720,1713),(1720,1721,1726),(1730,1726,1721),(1725,1732,1727),(1726,
1730,1731),(1576,1539,1548),(1576,1548,1584),(1574,1576,1584),(1574,1584,
1582),(1684,1677,1733),(1686,1734,1678),(1684,1733,1735),(1737,1683,1736),
(1737,1682,1683),(1735,1733,1739),(1741,1740,1734),(1686,1741,1734),(1743,
1735,1739),(1745,1736,1744),(1745,1737,1736),(1743,1739,1747),(1749,1743,
1751),(1753,1744,1750),(1743,1747,1751),(1753,1745,1744),(1741,1756,1740),
(1756,1748,1740),(1749,1751,1757),(1759,1750,1758),(1759,1753,1750),(1757,
1751,1761),(1763,1762,1752),(1766,1763,1752),(1766,1752,1748),(1728,1757,
1761),(1732,1758,1727),(1732,1759,1758),(1728,1761,1723),(1767,1724,1762),
(1763,1767,1762),(1767,1729,1724),(1685,1681,1742),(1738,1742,1681),(1742,
1738,1755),(1746,1755,1738),(1755,1746,1765),(1754,1765,1746),(1756,1766,
1748),(1765,1754,1764),(1760,1764,1754),(1764,1760,1768),(1731,1768,1760),
(1768,1731,1730),(1586,766,1587),(1400,1398,1426),(1398,1424,1426),(1400,
1426,1428),(1400,1428,1402),(1402,1428,1430),(1402,1430,1769),(1401,1770,
1403),(1209,1442,1412),(1209,1207,1442),(1210,1405,1771),(1210,1773,1211),
(1210,1771,1775),(1210,1775,1773),(1412,1450,1440),(1412,1442,1450),(1448,
1440,1458),(1440,1450,1458),(1456,1448,1466),(1448,1458,1466),(1456,1470,
1464),(1456,1466,1470),(1474,1464,1482),(1482,1464,1470),(1474,1482,1490),
(1480,1474,1490),(1429,1431,1777),(1769,1430,1778),(1075,1779,1208),(1208,
1781,1433),(1208,1783,1781),(1208,1779,1783),(1488,1480,1494),(1494,1480,
1490),(1498,1488,1506),(1488,1494,1506),(1504,1498,1510),(1510,1498,1506),
(1514,1504,1522),(1504,1510,1522),(1520,1514,1526),(1526,1514,1522),(1520,
1526,1538),(1530,1520,1538),(1536,1530,1546),(1546,1530,1538),(1543,1536,
1549),(1536,1546,1549),(766,1215,1785),(1587,766,1787),(1787,766,1789),
(1789,766,1791),(766,1793,1791),(766,1795,1793),(766,1797,1795),(766,1799,
1797),(766,1801,1799),(766,1803,1801),(766,1805,1803),(766,1807,1805),(766,
1809,1807),(766,1811,1809),(766,1813,1811),(766,1815,1813),(766,1817,1815),
(766,1819,1817),(766,1821,1819),(766,1823,1821),(766,1825,1823),(766,1827,
1825),(766,1829,1827),(766,1831,1829),(766,1833,1831),(766,1835,1833),(766,
1785,1835),(769,1837,767),(1365,1840,1075),(1365,1075,1842),(1365,1589,
1844),(1365,1844,1846),(1365,1846,1848),(1365,1848,1850),(1365,1850,1852),
(1365,1852,1854),(1365,1854,1856),(1365,1856,1858),(1365,1858,1860),(1365,
1860,1862),(1365,1862,1864),(1365,1864,1866),(1365,1866,1868),(1365,1868,
1870),(1365,1870,1872),(1365,1872,1874),(1365,1874,1876),(1365,1876,1878),
(1365,1878,1880),(1365,1880,1882),(1365,1882,1884),(1365,1884,1886),(1365,
1886,1888),(1365,1888,1890),(1365,1890,1840),(1366,1892,1367),(1366,1895,
1892),(1366,1898,1895),(1366,1901,1898),(1366,1904,1901),(1366,1907,1904),
(1406,1404,1432),(1404,1910,1432),(1770,1912,1403),(1404,1913,1910),(1406,
1432,1434),(1911,1777,1431),(1786,1216,1889),(1216,1891,1889),(1216,1214,
1891),(1914,1075,1916),(1914,1918,1075),(1916,1075,1920),(1181,1922,1075),
(1922,1924,1075),(1924,1920,1075),(1075,1926,1928),(1075,1930,1926),(1075,
1928,1779),(1075,1932,1930),(1075,1934,1932),(1075,1840,1936),(1842,1075,
1938),(1938,1075,1940),(1940,1075,1942),(1942,1075,1944),(1944,1075,1946),
(1946,1075,1948),(1948,1075,1950),(1950,1075,1918),(1075,1952,1934),(1075,
1954,1952),(1075,1956,1958),(1075,1960,1956),(1075,1958,1954),(1075,1936,
1962),(1075,1962,1960),(1588,1788,1590),(1788,1790,1845),(1788,1845,1590),
(1772,1406,1434),(1772,1434,1782),(1770,1964,1912),(1965,1769,1778),(1966,
1912,1964),(1965,1778,1968),(1967,1965,1968),(1913,1971,1910),(1966,1973,
1912),(1913,1972,1971),(1777,1911,1969),(1974,1976,1969),(1976,1974,1978),
(1969,1970,1974),(1980,1978,1974),(1981,1975,1982),(1972,1982,1975),(1972,
1975,1971),(1967,1968,1977),(1977,1979,1985),(1985,1967,1977),(1970,1969,
1911),(1790,1792,1847),(1790,1847,1845),(1792,1794,1849),(1792,1849,1847),
(1794,1796,1851),(1794,1851,1849),(1796,1798,1853),(1796,1853,1851),(1798,
1800,1855),(1798,1855,1853),(1800,1857,1855),(1800,1986,1857),(1799,1801,
1987),(1986,1988,1857),(1989,1990,1856),(1992,1856,1990),(1856,1992,1994),
(1856,1994,1996),(1856,1996,1998),(1856,1998,1858),(1987,1801,2000),(2001,
1802,1993),(1802,1995,1993),(1802,1804,1995),(1987,2000,2002),(1986,2003,
1988),(2002,2000,2004),(2005,2001,1991),(2001,1993,1991),(2002,2006,2008),
(2002,2004,2006),(2003,2009,2010),(2003,2010,1988),(2008,2006,2012),(2012,
2006,2014),(2007,2016,2019),(2007,2005,2016),(2015,2007,2019),(2009,2013,
2020),(2009,2020,2010),(2012,2022,2024),(2012,2014,2022),(2013,2025,2026),
(2013,2026,2020),(2024,2022,2028),(2023,2030,2033),(2023,2015,2030),(2028,
2022,2034),(2035,2023,2033),(2025,2036,2026),(2025,2029,2036),(1990,1989,
2017),(2011,2017,1989),(2005,1991,2016),(2017,2011,2018),(2021,2018,2011),
(2018,2021,2031),(2027,2031,2021),(2015,2019,2030),(2031,2027,2032),(2037,
2032,2027),(2028,2038,2040),(2028,2034,2038),(2029,2041,2042),(2029,2042,
2036),(2040,2038,2044),(2039,2046,2049),(2039,2035,2046),(2044,2038,2050),
(2051,2039,2049),(2041,2052,2042),(2052,2041,2045),(2037,2047,2032),(2043,
2047,2037),(2035,2033,2046),(2047,2043,2048),(2053,2048,2043),(2044,2050,
2054),(2056,2045,2055),(2056,2052,2045),(2054,2050,2058),(2051,2049,2060),
(2059,2051,2060),(2054,2062,2064),(2054,2058,2062),(2066,2055,2065),(2066,
2056,2055),(2064,2062,2068),(2068,2062,2070),(2071,2063,2072),(2063,2059,
2075),(2063,2075,2072),(2076,2065,2069),(2076,2066,2065),(2068,2070,2078),
(2080,2069,2079),(2080,2076,2069),(2078,2070,2082),(2083,2071,2084),(2071,
2072,2084),(2078,2082,2086),(2088,2079,2087),(2088,2080,2079),(2086,2082,
2090),(2092,2091,2083),(2083,2084,2092),(2095,2088,2087),(2086,2090,2097),
(2095,2087,2096),(2053,2061,2048),(2093,2053,2057),(2053,2093,2085),(2053,
2085,2073),(2053,2073,2074),(2053,2074,2061),(2093,2057,2067),(2093,2067,
2077),(2093,2077,2081),(2093,2081,2089),(2093,2089,2098),(2092,2099,2091),
(2094,2098,2089),(1984,2100,2102),(1979,2101,1985),(1984,2102,1983),(1984,
1973,1966),(1984,1983,1973),(2100,2104,2102),(2106,2105,2101),(1979,2106,
2101),(2104,2108,2102),(2110,2103,2109),(2110,1981,2103),(1981,1982,2103),
(2104,2112,2108),(2114,2113,2105),(2106,2114,2105),(2112,2116,2108),(2112,
2118,2116),(2120,2119,2113),(2114,2120,2113),(2123,2109,2117),(2123,2110,
2109),(2118,2124,2116),(2118,2126,2124),(2128,2127,2119),(2120,2128,2119),
(2131,2117,2125),(2131,2123,2117),(2126,2132,2124),(2128,2134,2127),(2134,
2136,2127),(2126,2137,2132),(2138,2131,2125),(2138,2125,2133),(1978,1980,
2107),(2111,2107,1980),(2107,2111,2115),(2122,2115,2111),(2115,2122,2121),
(2135,2140,2142),(2140,2135,2139),(2134,2143,2136),(2129,2139,2135),(2144,
2142,2140),(2141,2138,2133),(2141,2133,2146),(2145,2141,2146),(2143,2149,
2136),(2143,2150,2149),(2142,2144,2151),(2121,2130,2129),(2130,2121,2122),
(2139,2129,2130),(2097,2090,2152),(2099,2153,2091),(2097,2154,2156),(2158,
2096,2157),(2097,2152,2154),(2158,2095,2096),(2156,2154,2160),(2162,2157,
2161),(2162,2158,2157),(2160,2154,2164),(2166,2165,2155),(2169,2166,2155),
(2169,2155,2153),(2170,2160,2164),(2172,2161,2171),(2172,2162,2161),(2170,
2164,2174),(2170,2174,2148),(2150,2171,2149),(2150,2172,2171),(2176,2175,
2165),(2166,2176,2165),(2148,2174,2178),(2180,2179,2175),(2176,2180,2175),
(2137,2148,2178),(2137,2178,2147),(2137,2147,2132),(2180,2145,2179),(2145,
2146,2179),(2098,2094,2168),(2159,2168,2094),(2099,2169,2153),(2163,2167,
2159),(2167,2163,2177),(2173,2177,2163),(2168,2159,2167),(2177,2173,2181),
(2151,2181,2173),(2181,2151,2144),(2059,2060,2075),(1804,1997,1995),(1806,
1999,1997),(1804,1806,1997),(1808,1859,1999),(1806,1808,1999),(1808,1810,
1859),(1810,1861,1859),(1810,1812,1861),(1812,1814,1863),(1812,1863,1861),
(1814,1816,1865),(1814,1865,1863),(1816,1818,1867),(1816,1867,1865),(1818,
1820,1869),(1818,1869,1867),(1820,1822,1871),(1820,1871,1869),(1822,1824,
1873),(1822,1873,1871),(1824,1826,1875),(1824,1875,1873),(1826,1828,1877),
(1826,1877,1875),(1828,1830,1879),(1828,1879,1877),(1830,1832,1881),(1830,
1881,1879),(1832,1834,1883),(1832,1883,1881),(1834,1836,1885),(1834,1885,
1883),(1836,1786,1887),(1836,1887,1885),(1786,1889,1887),(1929,1218,1212),
(1780,1929,1212),(1212,1774,1780),(1927,1220,1218),(1929,1927,1218),(1931,
1222,1220),(1927,1931,1220),(1931,1933,1222),(1933,1224,1222),(1933,1935,
1224),(1776,1772,1782),(1774,1776,1784),(1776,1782,1784),(1774,1784,1780),
(1214,1841,1891),(1214,1226,1841),(1226,1937,1841),(1935,1228,1224),(1953,
1230,1228),(1935,1953,1228),(1234,1232,1959),(1955,1232,1230),(1232,1955,
1959),(1234,1959,1957),(1236,1234,1957),(1953,1955,1230),(1236,1957,1961),
(1226,1238,1937),(1238,1240,1963),(1238,1963,1937),(1240,1236,1961),(1240,
1961,1963),(288,285,2182),(2185,2183,287),(285,291,2188),(285,2188,2191),
(2195,286,2193),(2186,286,2195),(2197,294,290),(288,2182,2200),(2204,289,
2202),(2198,289,2204),(2206,283,296),(2197,2207,294),(2209,811,284),(2206,
2210,283),(2182,2212,2200),(2215,2213,2184),(2185,2216,2183),(2200,2212,
2218),(2222,2201,2220),(2203,2201,2222),(2224,353,352),(350,356,2227),(350,
2230,2233),(350,2237,2230),(2239,351,2235),(350,2227,2237),(2225,351,2239),
(2242,360,355),(2243,353,2224),(359,2245,362),(2248,2246,361),(2242,2249,
360),(2251,358,367),(2254,2228,357),(2255,358,2251),(365,369,2257),(2261,
366,2259),(2252,366,2261),(2245,2263,362),(2267,363,2265),(362,2269,371),
(2272,2270,364),(2267,2273,363),(2245,2275,2263),(2278,2276,2247),(2248,
2279,2246),(2275,2281,2263),(2275,2284,2281),(2275,2233,2284),(2287,2234,
2277),(2278,2288,2276),(2290,2264,2283),(2266,2264,2290),(2284,2293,2281),
(2281,2293,2296),(2300,2282,2298),(2291,2282,2300),(2284,2233,2230),(2302,
2231,2238),(2305,2285,2232),(2306,2231,2302),(2287,2240,2234),(2237,2227,
2308),(2311,2309,2229),(2254,2312,2228),(2237,2308,2314),(2237,2314,2317),
(2321,2236,2319),(2303,2236,2321),(2323,2294,2286),(2305,2324,2285),(291,
297,2326),(2329,2189,293),(291,2326,2332),(2336,292,2334),(2330,292,2336),
(297,300,2338),(2341,2327,299),(297,2338,2344),(2348,298,2346),(2342,298,
2348),(2350,2339,302),(300,2353,2356),(300,2359,2353),(2362,301,2358),(2351,
301,2362),(2188,2365,2191),(2368,2366,2190),(2329,2369,2189),(2191,2365,
2371),(2375,2192,2373),(2194,2192,2375),(2332,2326,2377),(2380,2378,2328),
(2341,2381,2327),(2332,2377,2383),(2387,2333,2385),(2335,2333,2387),(371,
2389,374),(2269,2392,371),(2396,372,2394),(2398,2390,373),(2396,2399,372),
(2389,2401,374),(2405,375,2403),(374,2407,2410),(2414,2408,376),(2405,2413,
375),(2269,2416,2392),(2419,2417,2271),(2272,2420,2270),(2416,2422,2392),
(2416,2296,2425),(2428,2297,2418),(2416,2425,2422),(2419,2429,2417),(2431,
2393,2424),(2395,2393,2431),(2293,2434,2296),(2293,2437,2434),(2440,2438,
2295),(2323,2441,2294),(2425,2296,2434),(2428,2299,2297),(2437,2443,2434),
(2447,2435,2445),(2449,2426,2436),(2450,2435,2447),(2437,2452,2443),(2437,
2317,2452),(2455,2318,2439),(2440,2456,2438),(2452,2458,2443),(2458,2461,
2443),(2465,2444,2463),(2446,2444,2465),(2425,2467,2422),(2470,2468,2427),
(2449,2471,2426),(2422,2467,2473),(2477,2423,2475),(2432,2423,2477),(2389,
2479,2401),(2482,2480,2391),(2398,2483,2390),(2479,2485,2401),(2479,2473,
2488),(2491,2474,2481),(2479,2488,2485),(2482,2492,2480),(2494,2402,2487),
(2404,2402,2494),(2467,2497,2473),(2467,2500,2497),(2503,2501,2469),(2470,
2504,2468),(2473,2497,2488),(2491,2476,2474),(2500,2506,2497),(2500,2509,
2506),(2500,2461,2509),(2512,2462,2502),(2503,2513,2501),(2515,2489,2499),
(2518,2498,2508),(2516,2498,2518),(2488,2521,2485),(2524,2522,2490),(2515,
2525,2489),(2509,2527,2506),(2527,2530,2506),(2534,2507,2532),(2520,2507,
2534),(2218,2212,2536),(2212,2539,2536),(2542,2540,2214),(2215,2543,2213),
(2218,2536,813),(810,2218,813),(2545,2219,812),(2221,2219,2545),(2548,814,
2538),(2539,2551,2536),(2555,2537,2553),(2549,2537,2555),(2557,816,815),
(2548,2558,814),(2365,2560,2371),(2365,2563,2560),(2566,2564,2367),(2368,
2567,2366),(2539,2371,2569),(2572,2372,2541),(2371,2560,2569),(2374,2372,
2572),(2383,2377,2575),(2578,2575,2377),(2581,2579,2379),(2380,2582,2378),
(2584,2563,2383),(2587,2384,2565),(2584,2383,2575),(2386,2384,2587),(2539,
2569,2551),(2542,2573,2540),(2590,2570,2562),(2563,2593,2560),(2597,2561,
2595),(2591,2561,2597),(2599,2551,2569),(2602,2600,2571),(2590,2603,2570),
(2584,2593,2563),(2566,2588,2564),(2605,2585,2577),(2584,2608,2593),(2611,
2609,2586),(2605,2612,2585),(2578,2614,2575),(2618,2576,2616),(2607,2576,
2618),(2620,368,379),(2257,369,2623),(2623,369,2626),(2626,369,2629),(2632,
2630,370),(2633,368,2620),(377,348,2635),(377,2638,2641),(2645,378,2643),
(377,2647,2638),(377,2635,2647),(2621,378,2645),(2651,2636,349),(2653,347,
1245),(2650,347,2653),(2308,2656,2314),(2659,2657,2310),(2311,2660,2309),
(2452,2317,2314),(2656,2662,2314),(2666,2315,2664),(2668,2453,2316),(2669,
2315,2666),(2455,2320,2318),(2656,2257,2662),(2671,2258,2658),(2659,2672,
2657),(2257,2674,2662),(2674,2678,2662),(2662,2678,2680),(2662,2680,2683),
(2687,2663,2685),(2665,2663,2687),(2674,2257,2623),(2671,2260,2258),(2689,
2624,2628),(2692,2675,2625),(2693,2624,2689),(2626,2629,2695),(2626,2695,
2698),(2702,2627,2700),(2690,2627,2702),(2704,2677,2676),(2692,2705,2675),
(2707,2696,2631),(2632,2708,2630),(2695,2710,2698),(2713,2710,2695),(2716,
2714,2697),(2707,2717,2696),(2698,2710,2719),(2698,2719,2722),(2726,2699,
2724),(2701,2699,2726),(2713,2728,2710),(2732,2711,2730),(2734,2720,2712),
(2735,2711,2732),(2641,2737,2713),(2740,2642,2715),(2713,2737,2728),(2716,
2741,2714),(2641,2638,2737),(2740,2644,2642),(2737,2743,2728),(2746,2738,
2640),(2749,2744,2739),(2750,2738,2746),(2728,2743,2752),(2756,2729,2754),
(2731,2729,2756),(2758,2639,2649),(2747,2639,2758),(2647,2635,2761),(2647,
2761,2764),(2768,2648,2766),(2759,2648,2768),(2770,2762,2637),(2771,2636,
2651),(2764,2761,2773),(2761,2776,2773),(2779,2776,2761),(2782,2780,2763),
(2770,2783,2762),(2785,2459,2454),(2668,2787,2453),(2458,2788,2461),(2458,
2791,2788),(2794,2792,2460),(2785,2795,2459),(2509,2461,2788),(2512,2464,
2462),(2791,2797,2788),(2801,2789,2799),(2803,2510,2790),(2804,2789,2801),
(2791,2683,2806),(2809,2684,2793),(2791,2806,2797),(2794,2810,2792),(2722,
2680,2678),(2812,2723,2679),(2704,2814,2677),(2806,2683,2680),(2722,2815,
2680),(2819,2681,2817),(2821,2807,2682),(2822,2681,2819),(2809,2686,2684),
(2722,2824,2815),(2722,2719,2824),(2812,2725,2723),(2815,2824,2827),(2815,
2827,2830),(2834,2816,2832),(2818,2816,2834),(2806,2836,2797),(2839,2837,
2808),(2821,2840,2807),(2797,2836,2842),(2846,2798,2844),(2800,2798,2846),
(2848,2528,2511),(2803,2849,2510),(2527,2851,2530),(2527,2854,2851),(2857,
2855,2529),(2848,2858,2528),(2860,2530,2851),(2863,2530,2860),(2867,2531,
2865),(2867,2533,2531),(2854,2869,2851),(2854,2842,2872),(2875,2843,2856),
(2854,2872,2869),(2857,2876,2855),(2878,2861,2853),(2881,2852,2871),(2879,
2852,2881),(2836,2884,2842),(2887,2884,2836),(2890,2888,2838),(2839,2891,
2837),(2842,2884,2872),(2875,2845,2843),(2887,2893,2884),(2887,2896,2893),
(2830,2896,2887),(2899,2831,2889),(2890,2900,2888),(2902,2873,2886),(2905,
2885,2895),(2903,2885,2905),(2872,2908,2869),(2911,2909,2874),(2902,2912,
2873),(2893,2896,2914),(2893,2914,2917),(2921,2894,2919),(2907,2894,2921),
(2896,2830,2827),(2923,2897,2829),(2926,2915,2898),(2923,2927,2897),(2929,
2825,2721),(2734,2930,2720),(2824,2932,2827),(2935,2933,2826),(2929,2936,
2825),(2932,2938,2827),(2942,2828,2940),(2924,2828,2942),(2899,2833,2831),
(2932,2752,2944),(2947,2753,2934),(2932,2944,2950),(2932,2950,2938),(2935,
2948,2933),(2752,2953,2944),(2752,2743,2953),(2947,2755,2753),(2957,2945,
2955),(2959,2951,2946),(2960,2945,2957),(2962,2953,2743),(2965,2963,2745),
(2749,2966,2744),(2962,2968,2953),(2972,2954,2970),(2956,2954,2972),(2764,
2968,2962),(2974,2765,2964),(2965,2975,2963),(2764,2773,2968),(2968,2773,
2977),(2968,2977,2980),(2984,2969,2982),(2971,2969,2984),(2974,2767,2765),
(2986,2978,2775),(2989,2774,2778),(2987,2774,2989),(2980,2977,2992),(2977,
2995,2992),(2998,2995,2977),(3001,2999,2979),(2986,3002,2978),(2938,2950,
3004),(2938,3004,3007),(3011,2939,3009),(2941,2939,3011),(3013,3004,2950),
(3016,3014,2952),(2959,3017,2951),(2914,3019,2917),(3022,3019,2914),(3025,
3023,2916),(2926,3026,2915),(2917,3019,3028),(2917,3028,3031),(3035,2918,
3033),(3035,2920,2918),(3022,3037,3019),(3007,3040,3022),(3043,3008,3024),
(3022,3040,3037),(3025,3044,3023),(3046,3029,3021),(3049,3020,3039),(3047,
3020,3049),(3040,3007,3004),(3043,3010,3008),(3052,3041,3006),(3040,3055,
3037),(3058,3056,3042),(3052,3059,3041),(3013,2992,3004),(3004,2992,3061),
(3065,3005,3063),(3053,3005,3065),(2980,2992,3013),(3067,2981,3015),(3016,
3068,3014),(3067,2983,2981),(3061,2992,3070),(3073,3071,2994),(3076,2993,
2997),(3074,2993,3076),(3061,3070,3080),(3061,3080,3082),(3086,3062,3084),
(3064,3062,3086),(3070,3088,3080),(3091,3089,3072),(3073,3092,3071),(3094,
2344,2338),(3097,3095,2340),(2350,3098,2339),(2344,3094,3100),(3104,2345,
3102),(2347,2345,3104),(3106,2356,2353),(3109,2354,2361),(3112,3107,2355),
(3109,3113,2354),(3106,3115,2356),(3119,2357,3117),(2363,2357,3119),(2521,
3121,2485),(3125,2486,3123),(2495,2486,3125),(2521,3127,3121),(2521,2863,
3127),(3130,2864,2523),(2524,3131,2522),(3121,3127,3133),(3136,3121,3133),
(3140,3122,3138),(3140,3124,3122),(3142,3134,3129),(2863,3145,3127),(3149,
3128,3147),(3143,3128,3149),(3136,3133,3151),(2407,3136,3155),(3157,3137,
2409),(3136,3151,3155),(3157,3139,3137),(3133,3160,3151),(3163,3161,3135),
(3142,3164,3134),(2863,2860,3145),(3130,2866,2864),(2860,3166,3145),(3166,
3169,3145),(3173,3146,3171),(3148,3146,3173),(2407,3155,2410),(2414,3158,
2408),(3175,2411,3156),(2410,3178,3181),(3184,3179,2412),(3175,3185,2411),
(3187,3154,3153),(3176,3154,3187),(3160,3190,3151),(3194,3152,3192),(3188,
3152,3194),(3160,3196,3190),(3160,3199,3196),(3202,3200,3162),(3163,3203,
3161),(3190,3196,3205),(3190,3205,3208),(3212,3191,3210),(3193,3191,3212),
(3214,3206,3198),(3199,3217,3196),(3221,3197,3219),(3215,3197,3221),(3205,
3223,3208),(3205,3226,3223),(3229,3227,3207),(3214,3230,3206),(3178,3208,
3232),(3235,3209,3180),(3208,3223,3232),(3235,3211,3209),(3199,3238,3217),
(3199,3169,3238),(3241,3170,3201),(3202,3242,3200),(3238,3244,3217),(3217,
3244,3247),(3251,3218,3249),(3220,3218,3251),(3253,2360,3256),(3110,2360,
3253),(3259,3258,3262),(3254,3258,3259),(3178,3232,3181),(3184,3236,3179),
(3265,3182,3234),(3268,3271,3183),(3265,3269,3182),(3274,3233,3225),(3266,
3233,3274),(3226,3277,3223),(3281,3224,3279),(3275,3224,3281),(3226,3283,
3277),(3226,3287,3283),(3289,3286,3228),(3229,3290,3227),(3277,3283,3292),
(3296,3278,3294),(3280,3278,3296),(3287,3298,3283),(3287,3247,3298),(3301,
3248,3288),(3289,3302,3286),(3304,3307,3285),(3310,3284,3300),(3310,3306,
3284),(3313,3293,3272),(3313,3295,3293),(3268,3314,3271),(3316,3319,3309),
(3323,3317,3308),(3304,3322,3307),(3094,3325,3100),(3094,3328,3325),(3331,
3329,3096),(3097,3332,3095),(2578,3100,3334),(3337,3101,2580),(3100,3325,
3334),(3103,3101,3337),(2578,3334,2614),(2581,3338,2579),(3340,3335,3327),
(3328,3343,3325),(3347,3326,3345),(3341,3326,3347),(3340,3350,3335),(3328,
3115,3352),(3355,3116,3330),(3328,3352,3343),(3331,3356,3329),(3115,3358,
3352),(3106,3358,3115),(3118,3116,3355),(3362,3353,3360),(3362,3364,3353),
(3112,3368,3107),(3370,3167,2862),(2878,3371,2861),(2908,3373,2869),(3377,
2870,3375),(2883,2870,3377),(3166,3379,3169),(3166,3382,3379),(3385,3383,
3168),(3370,3386,3167),(3238,3169,3379),(3241,3172,3170),(2908,3388,3373),
(3031,3388,2908),(3391,3032,2910),(2911,3392,2909),(3373,3388,3394),(3382,
3373,3394),(3397,3374,3384),(3397,3376,3374),(3400,3395,3390),(3031,3403,
3388),(3407,3389,3405),(3401,3389,3407),(3382,3394,3409),(3394,3412,3409),
(3415,3413,3396),(3400,3416,3395),(3382,3409,3379),(3385,3398,3383),(3031,
3028,3403),(3391,3034,3032),(3403,3028,3418),(3403,3418,3421),(3425,3404,
3423),(3406,3404,3425),(3427,3419,3030),(3046,3428,3029),(3430,3239,3381),
(3433,3380,3411),(3432,3380,3433),(3436,3245,3240),(3430,3437,3239),(3412,
3439,3409),(3443,3410,3441),(3434,3410,3443),(3244,3445,3247),(3244,3448,
3445),(3451,3449,3246),(3436,3452,3245),(3298,3247,3445),(3301,3250,3248),
(3412,3454,3439),(3457,3454,3412),(3460,3458,3414),(3415,3461,3413),(3439,
3454,3463),(3439,3463,3448),(3466,3440,3450),(3442,3440,3466),(3469,3464,
3456),(3457,3472,3454),(3476,3455,3474),(3470,3455,3476),(3463,3478,3448),
(3463,3481,3478),(3484,3482,3465),(3469,3485,3464),(3448,3478,3445),(3451,
3467,3449),(3457,3487,3472),(3421,3487,3457),(3490,3422,3459),(3460,3491,
3458),(3472,3487,3493),(3472,3493,3496),(3500,3473,3498),(3475,3473,3500),
(3421,3502,3487),(3506,3488,3504),(3508,3494,3489),(3506,3509,3488),(3037,
3055,3511),(3515,3038,3513),(3051,3038,3515),(3421,3418,3502),(3517,3502,
3418),(3520,3518,3420),(3427,3521,3419),(3490,3424,3422),(3511,3523,3517),
(3511,3526,3523),(3529,3512,3519),(3511,3055,3526),(3529,3514,3512),(3517,
3523,3532),(3536,3524,3528),(3523,3538,3532),(3541,3539,3525),(3536,3542,
3524),(3517,3532,3502),(3520,3530,3518),(3544,3526,3055),(3547,3545,3057),
(3058,3548,3056),(3082,3550,3544),(3550,3082,3080),(3553,3083,3546),(3553,
3085,3083),(3544,3550,3556),(3556,3550,3559),(3562,3560,3552),(3565,3551,
3081),(3563,3551,3565),(3544,3556,3526),(3547,3554,3545),(3568,3527,3558),
(3535,3527,3568),(3556,3559,3571),(3575,3557,3573),(3569,3557,3575),(3571,
3559,3577),(3580,3577,3559),(3583,3581,3561),(3562,3584,3560),(3586,3503,
3534),(3505,3503,3586),(3532,3538,3589),(3593,3533,3591),(3587,3533,3593),
(3493,3595,3496),(3493,3598,3595),(3601,3599,3495),(3508,3602,3494),(3496,
3604,3607),(3611,3497,3609),(3496,3595,3604),(3611,3499,3497),(3589,3613,
3598),(3589,3616,3613),(3619,3590,3600),(3589,3538,3616),(3592,3590,3619),
(3613,3622,3598),(3626,3614,3618),(3613,3628,3622),(3631,3629,3615),(3626,
3632,3614),(3598,3622,3595),(3601,3620,3599),(3634,3616,3538),(3637,3635,
3540),(3541,3638,3539),(3571,3640,3634),(3571,3577,3640),(3643,3572,3636),
(3643,3574,3572),(3634,3640,3646),(3646,3640,3649),(3652,3650,3642),(3655,
3641,3579),(3653,3641,3655),(3634,3646,3616),(3637,3644,3635),(3658,3617,
3648),(3625,3617,3658),(3646,3649,3661),(3665,3647,3663),(3659,3647,3665),
(3661,3649,3667),(3649,3670,3667),(3673,3671,3651),(3652,3674,3650),(3676,
3299,3447),(3679,3446,3480),(3677,3446,3679),(3676,3311,3299),(3481,3316,
3478),(3682,3479,3318),(3681,3479,3682),(3481,3319,3316),(3481,3607,3319),
(3685,3608,3483),(3484,3686,3482),(3683,3317,3323),(3607,3604,3319),(3688,
3320,3606),(3691,3694,3321),(3688,3692,3320),(3685,3610,3608),(3697,3605,
3597),(3700,3596,3624),(3698,3596,3700),(3697,3690,3605),(3622,3628,3703),
(3707,3623,3705),(3702,3623,3707),(3703,3628,3709),(3628,3713,3709),(3715,
3712,3630),(3631,3716,3629),(3703,3709,3696),(3718,3704,3695),(3706,3704,
3718),(3661,3721,3713),(3661,3667,3721),(3724,3662,3714),(3724,3664,3662),
(3713,3721,3709),(3727,3710,3723),(3730,3722,3669),(3728,3722,3730),(3715,
3725,3712),(3733,3736,3711),(3727,3734,3710),(3691,3719,3694),(2209,2546,
811),(2551,2599,3739),(3743,2552,3741),(2554,2552,3743),(2593,2608,3745),
(3749,2594,3747),(2596,2594,3749),(2599,822,3739),(3751,823,2601),(2602,
3752,2600),(819,3739,822),(3754,3740,821),(3742,3740,3754),(2611,3758,2609),
(3761,3746,824),(3748,3746,3761),(3763,820,818),(2557,3764,816),(3763,3755,
820),(3751,3760,823),(3766,1154,1153),(3769,1152,1159),(3767,1152,3769),
(1155,3773,3775),(1155,3778,3781),(3785,3779,1156),(1155,3781,3773),(3766,
3784,1154),(3787,1158,3790),(3771,1158,3787),(3793,3796,3777),(3799,3776,
3774),(3794,3776,3799),(3798,3802,1161),(3798,3805,3808),(3812,3806,3797),
(3798,3808,3802),(3793,3811,3796),(3814,3792,3817),(3788,3792,3814),(3820,
3778,3818),(3823,3819,3780),(3820,3818,3826),(3815,3819,3823),(3778,3820,
3781),(3785,3824,3779),(3781,3829,3773),(3832,3782,3822),(3835,3830,3783),
(3832,3836,3782),(3773,3829,3838),(3842,3772,3840),(3800,3772,3842),(3844,
3821,3828),(3833,3821,3844),(3847,1164,1162),(3850,1160,3804),(3848,1160,
3850),(3853,1166,1163),(3856,3854,1165),(3847,3857,1164),(3859,1169,1168),
(3853,3863,1166),(3863,3865,1166),(3865,3868,1166),(3872,1167,3870),(3872,
3861,1167),(3835,3875,3830),(3878,3839,3880),(3841,3839,3878),(3883,3805,
3881),(3886,3882,3807),(3883,3881,3889),(3877,3882,3886),(3805,3883,3808),
(3812,3887,3806),(3893,3809,3885),(3895,3802,3808),(3898,3896,3810),(3893,
3899,3809),(3901,3884,3891),(3892,3884,3901),(3904,3803,3907),(3852,3803,
3904),(3910,1172,1170),(3913,3911,1171),(3859,3914,1169),(3910,3916,1172),
(3916,3920,1172),(3920,3922,1172),(3926,1173,3924),(3928,1184,1174),(3926,
3929,1173),(3898,3932,3896),(3935,3909,3937),(3906,3909,3935),(3938,3863,
3853),(3940,3939,3855),(3938,3943,3863),(3934,3939,3940),(3856,3941,3854),
(3947,3866,3864),(3949,3862,3945),(3949,3946,3862),(3952,3868,3865),(3955,
3953,3867),(3947,3956,3866),(3952,3958,3868),(3962,3869,3960),(3871,3869,
3962),(3955,3965,3953),(3967,2615,3970),(2617,2615,3967),(2779,3973,2776),
(3976,3979,2779),(3982,3977,2781),(2779,3979,3973),(2782,3983,2780),(3985,
2777,3975),(2991,2777,3985),(3976,3988,3979),(1243,1247,3976),(3991,1244,
3978),(3976,1247,3988),(3982,3992,3977),(3979,3994,3973),(3997,3980,3990),
(4000,3995,3981),(4001,3980,3997),(3973,3994,4003),(4007,3974,4005),(3986,
3974,4007),(2654,1244,3991),(3988,1247,4009),(4009,1247,4012),(4015,4013,
1248),(4018,1246,1251),(4016,1246,4018),(4022,3989,4011),(3998,3989,4022),
(4009,4012,4024),(4009,4024,4027),(4031,4010,4029),(4021,4010,4031),(4033,
4025,4014),(4034,4013,4015),(4024,4036,4027),(4039,4036,4024),(4042,4040,
4026),(4033,4043,4025),(4027,4036,4045),(4027,4045,4048),(4052,4028,4050),
(4030,4028,4052),(1249,1253,4054),(4058,1250,4056),(4020,1250,4058),(4039,
4060,4036),(4064,4037,4062),(4066,4046,4038),(4067,4037,4064),(4054,4060,
4039),(4069,4055,4041),(4042,4070,4040),(4054,4072,4060),(4072,4076,4060),
(4060,4076,4078),(4082,4061,4080),(4063,4061,4082),(4054,4084,4072),(4054,
1253,4084),(4057,4055,4069),(4088,4073,4086),(4084,1253,4090),(4094,4085,
4092),(4087,4085,4094),(4096,4075,4074),(4097,4073,4088),(4090,1253,4099),
(4102,4100,1254),(4105,1252,1257),(4103,1252,4105),(4099,4108,4090),(4090,
4108,4111),(4115,4091,4113),(4093,4091,4115),(4117,4109,4101),(4118,4100,
4102),(4111,4108,4120),(4123,4120,4108),(4126,4124,4110),(4117,4127,4109),
(4111,4120,4129),(4132,4111,4129),(4136,4112,4134),(4114,4112,4136),(4138,
4130,4122),(4123,4141,4120),(4145,4121,4143),(4139,4121,4145),(4003,3994,
4147),(4048,4147,3994),(4150,4049,3996),(4000,4151,3995),(4003,4153,2998),
(4156,4004,3000),(4003,4147,4153),(4156,4006,4004),(2998,4159,2995),(2998,
4153,4159),(3001,4157,2999),(4163,2996,4161),(3078,2996,4163),(4153,4165,
4159),(4168,4154,4149),(4171,4166,4155),(4172,4154,4168),(4159,4165,4174),
(4178,4160,4176),(4162,4160,4178),(4048,4180,4147),(4184,4148,4182),(4169,
4148,4184),(4048,4045,4180),(4150,4051,4049),(4180,4045,4186),(4189,4187,
4047),(4190,4046,4066),(4180,4186,4192),(4196,4181,4194),(4183,4181,4196),
(4192,4186,4198),(4201,4198,4186),(4204,4202,4188),(4189,4205,4187),(4192,
4207,4210),(4214,4193,4212),(4192,4198,4207),(4195,4193,4214),(4174,4165,
4216),(4210,4216,4165),(4219,4211,4167),(4171,4220,4166),(3088,4174,4222),
(4225,4175,3090),(4174,4216,4222),(4225,4177,4175),(3088,4228,3080),(4232,
3079,4230),(3567,3079,4232),(3088,4222,4234),(3088,4234,4228),(3091,4226,
3089),(4237,4223,4218),(4240,4235,4224),(4237,4241,4223),(4210,4243,4216),
(4210,4207,4243),(4219,4213,4211),(4247,4217,4245),(4238,4217,4247),(4249,
4208,4200),(4201,4252,4198),(4256,4199,4254),(4250,4199,4256),(4243,4207,
4258),(4261,4259,4209),(4262,4208,4249),(4243,4258,4264),(4268,4244,4266),
(4246,4244,4268),(4258,4270,4264),(4273,4270,4258),(4276,4274,4260),(4261,
4277,4259),(4264,4270,4279),(4282,4264,4279),(4286,4265,4284),(4267,4265,
4286),(4078,4076,4288),(4076,4291,4288),(4132,4291,4076),(4294,4133,4077),
(4096,4295,4075),(4078,4252,4201),(4297,4079,4203),(4078,4288,4252),(4081,
4079,4297),(4204,4298,4202),(4300,4289,4293),(4288,4303,4252),(4306,4304,
4290),(4307,4289,4300),(4132,4309,4291),(4313,4292,4311),(4301,4292,4313),
(4252,4303,4315),(4319,4253,4317),(4255,4253,4319),(4132,4129,4309),(4294,
4135,4133),(4129,4321,4309),(4309,4321,4324),(4328,4310,4326),(4312,4310,
4328),(4330,4322,4131),(4331,4130,4138),(4324,4321,4333),(4336,4333,4321),
(4339,4337,4323),(4330,4340,4322),(4324,4333,4342),(4345,4324,4342),(4349,
4325,4347),(4327,4325,4349),(4351,4343,4335),(4336,4354,4333),(4358,4334,
4356),(4352,4334,4358),(4315,4303,4360),(4360,4303,4363),(4345,4363,4303),
(4366,4346,4305),(4306,4367,4304),(4315,4369,4273),(4372,4316,4275),(4315,
4360,4369),(4318,4316,4372),(4273,4369,4270),(4276,4373,4274),(4375,4271,
4371),(4378,4280,4272),(4379,4271,4375),(4381,4361,4365),(4360,4384,4369),
(4387,4385,4362),(4381,4388,4361),(4345,4390,4363),(4394,4364,4392),(4382,
4364,4394),(4369,4384,4396),(4400,4370,4398),(4376,4370,4400),(4345,4342,
4390),(4366,4348,4346),(4342,4402,4390),(4405,4403,4344),(4406,4343,4351),
(4390,4402,4408),(4412,4391,4410),(4393,4391,4412),(4402,4414,4408),(4417,
4414,4402),(4420,4418,4404),(4405,4421,4403),(4408,4414,4423),(4426,4408,
4423),(4430,4409,4428),(4411,4409,4430),(1255,1258,4432),(1255,4432,4435),
(4439,1256,4437),(4107,1256,4439),(4441,4433,1260),(4444,1259,1263),(4442,
1259,4444),(4435,4432,4447),(4450,4448,4434),(4451,4433,4441),(4123,4435,
4447),(4453,4436,4125),(4438,4436,4453),(4123,4447,4141),(4126,4454,4124),
(4447,4456,4141),(4141,4456,4459),(4463,4142,4461),(4144,4142,4463),(4465,
4457,4449),(4466,4448,4450),(1261,1264,4468),(4471,1261,4468),(4475,1262,
4473),(4446,1262,4475),(4477,4469,1266),(4480,1264,4483),(4486,1265,4482),
(1264,4489,4483),(4478,1265,4486),(4492,1373,1371),(4495,1370,1369),(4498,
4493,1372),(4499,1370,4495),(4492,4501,1373),(1373,4504,1377),(4507,4505,
1374),(4510,1375,4503),(4508,1375,4510),(4513,1368,1894),(4496,1368,4513),
(4492,4516,4501),(4519,4517,4494),(4498,4520,4493),(4459,4456,4522),(4471,
4522,4456),(4525,4472,4458),(4465,4526,4457),(4459,4522,4528),(4336,4459,
4528),(4531,4460,4338),(4462,4460,4531),(4534,4529,4524),(4471,4468,4522),
(4537,4523,4470),(4535,4523,4537),(4336,4528,4354),(4339,4532,4337),(4528,
4540,4354),(4543,4541,4530),(4544,4529,4534),(4354,4540,4546),(4550,4355,
4548),(4357,4355,4550),(4525,4474,4472),(4539,4469,4477),(4546,4540,4552),
(4480,4552,4540),(4555,4481,4542),(4543,4556,4541),(4417,4546,4558),(4561,
4547,4419),(4546,4552,4558),(4549,4547,4561),(4417,4564,4414),(4417,4558,
4564),(4420,4562,4418),(4568,4424,4416),(4570,4415,4566),(4567,4415,4570),
(4573,4559,4554),(4480,4483,4552),(4576,4553,4485),(4574,4553,4576),(4558,
4579,4564),(4582,4580,4560),(4573,4583,4559),(4555,4487,4481),(4585,4484,
4491),(4578,4484,4585),(4588,4489,4591),(4594,4490,4590),(4489,4597,4591),
(4586,4490,4594),(1377,4600,1379),(4504,4603,1377),(4607,4601,1378),(4609,
1376,4605),(4606,1376,4609),(1379,4612,1383),(4600,4615,1379),(4619,1381,
4617),(4621,4613,1380),(4622,1381,4619),(4612,4624,1383),(4628,1382,4626),
(1383,4630,4633),(4636,4631,1384),(4637,1382,4628),(4639,4603,4504),(4642,
4640,4506),(4507,4643,4505),(4516,4645,4501),(4649,4502,4647),(4512,4502,
4649),(4600,4651,4615),(4654,4652,4602),(4607,4655,4601),(4603,4639,4657),
(4661,4604,4659),(4610,4604,4661),(4516,4663,4645),(4516,1895,4663),(4666,
1896,4518),(4519,4667,4517),(4645,4663,4669),(4645,4669,4672),(4676,4646,
4674),(4648,4646,4676),(1895,1898,4663),(4678,4670,4665),(4681,4664,1900),
(4679,4664,4681),(4684,1893,1897),(4666,4685,1896),(4657,4639,4687),(4639,
4672,4687),(4690,4673,4641),(4642,4691,4640),(4651,4693,4615),(4696,4699,
4651),(4702,4697,4653),(4651,4699,4693),(4654,4703,4652),(4705,4616,4695),
(4618,4616,4705),(4657,4687,4708),(4657,4708,4696),(4711,4658,4698),(4660,
4658,4711),(4672,4669,4714),(4669,4717,4714),(4720,4718,4671),(4678,4721,
4670),(4672,4714,4687),(4723,4709,4689),(4726,4688,4716),(4725,4688,4726),
(4690,4675,4673),(4696,4708,4729),(4708,4732,4729),(4735,4733,4710),(4723,
4736,4709),(4696,4729,4699),(4702,4712,4697),(4738,4693,4699),(4741,4739,
4701),(4744,4700,4731),(4742,4700,4744),(4228,4234,4748),(4228,4748,4750),
(4754,4229,4752),(4231,4229,4754),(4234,4282,4748),(4756,4283,4236),(4240,
4757,4235),(4759,4750,4748),(4762,4760,4749),(4282,4765,4748),(4769,4747,
4767),(4763,4747,4769),(4750,4759,3580),(4771,4751,3582),(4771,4753,4751),
(3580,4759,4774),(4759,4777,4774),(4780,4778,4761),(4762,4781,4760),(3580,
4774,3577),(3583,4772,3581),(4282,4279,4783),(4786,4784,4281),(4787,4280,
4378),(4282,4783,4765),(4756,4285,4283),(4765,4783,4789),(4765,4789,4792),
(4796,4766,4794),(4768,4766,4796),(4783,4798,4789),(4801,4799,4785),(4786,
4802,4784),(4804,4792,4789),(4807,4805,4791),(4798,4810,4789),(4810,4813,
4789),(4817,4790,4815),(4808,4790,4817),(4792,4804,4819),(4823,4793,4821),
(4795,4793,4823),(4825,3578,4776),(3657,3578,4825),(4774,4777,4828),(4832,
4775,4830),(4826,4775,4832),(4828,4777,4834),(4819,4834,4777),(4837,4820,
4779),(4780,4838,4778),(4828,4840,3670),(4828,4834,4840),(4843,4829,3672),
(4831,4829,4843),(4840,4846,3670),(4850,4841,4836),(4840,4852,4846),(4855,
4853,4842),(4850,4856,4841),(3670,4846,3667),(3673,4844,3671),(4819,4804,
4858),(4858,4804,4861),(4864,4862,4806),(4865,4805,4807),(4819,4858,4834),
(4837,4822,4820),(4867,4835,4860),(4849,4835,4867),(4858,4861,4870),(4874,
4859,4872),(4868,4859,4874),(4861,4876,4870),(4861,4879,4876),(4882,4880,
4863),(4864,4883,4862),(4870,4876,4885),(4870,4885,4888),(4892,4871,4890),
(4873,4871,4892),(4396,4384,4810),(4810,4384,4894),(4426,4894,4384),(4897,
4427,4386),(4387,4898,4385),(4798,4396,4810),(4900,4397,4800),(4399,4397,
4900),(4903,4811,4896),(4810,4906,4813),(4909,4907,4812),(4903,4910,4811),
(4426,4912,4894),(4916,4895,4914),(4904,4895,4916),(4801,4901,4799),(4426,
4423,4912),(4423,4918,4912),(4921,4919,4425),(4922,4424,4568),(4897,4429,
4427),(4912,4918,4924),(4928,4913,4926),(4915,4913,4928),(4924,4918,4930),
(4933,4930,4918),(4936,4934,4920),(4921,4937,4919),(4924,4930,4939),(4942,
4924,4939),(4946,4925,4944),(4927,4925,4946),(4813,4906,4948),(4813,4948,
4951),(4955,4814,4953),(4816,4814,4955),(4906,4942,4948),(4957,4943,4908),
(4909,4958,4907),(4960,4951,4948),(4963,4961,4950),(4942,4966,4948),(4970,
4949,4968),(4964,4949,4970),(4951,4960,4879),(4972,4952,4881),(4954,4952,
4972),(4960,4975,4879),(4960,4978,4975),(4981,4979,4962),(4963,4982,4961),
(4879,4975,4876),(4882,4973,4880),(4984,4940,4932),(4933,4987,4930),(4991,
4931,4989),(4986,4931,4991),(4942,4939,4993),(4942,4993,4966),(4957,4945,
4943),(4996,4994,4941),(4997,4940,4984),(4966,4993,4999),(4966,4999,5002),
(5006,4967,5004),(4969,4967,5006),(4993,5008,4999),(5011,5009,4995),(4996,
5012,4994),(5014,5002,4999),(5017,5015,5001),(5008,5020,4999),(5024,5000,
5022),(5018,5000,5024),(5026,3668,4848),(3732,3668,5026),(4846,4852,5029),
(5033,4847,5031),(5028,4847,5033),(5029,4852,5035),(4852,4888,5035),(5039,
4889,4854),(4855,5038,4853),(5029,5035,3738),(5041,5030,3737),(5032,5030,
5041),(5044,4886,4878),(5047,4877,4977),(5045,4877,5047),(4888,4885,5035),
(5050,5036,4887),(5051,4886,5044),(5039,4891,4889),(5053,5056,5037),(5050,
5054,5036),(3733,5042,3736),(4975,4978,5060),(5062,4976,5061),(5049,4976,
5062),(5060,4978,5065),(4978,5069,5065),(5071,5068,4980),(4981,5072,4979),
(5060,5065,5058),(5074,5059,5057),(5063,5059,5074),(5002,5014,5069),(5077,
5003,5070),(5005,5003,5077),(5014,5065,5069),(5080,5066,5016),(5081,5015,
5017),(5071,5078,5068),(5083,5086,5067),(5080,5084,5066),(5053,5075,5056),
(4564,4579,5089),(5093,4565,5091),(4571,4565,5093),(5089,4579,5095),(4588,
5095,4579),(5098,4589,4581),(4582,5099,4580),(5089,5095,5101),(4933,5089,
5101),(5104,5090,4935),(5092,5090,5104),(5107,5102,5097),(4588,4591,5095),
(5110,5096,4593),(5108,5096,5110),(4933,5101,4987),(4936,5105,4934),(5101,
5113,4987),(5116,5114,5103),(5107,5117,5102),(5098,4595,4589),(5119,4592,
4599),(5112,4592,5119),(5122,4597,5125),(5128,4598,5124),(4597,5131,5125),
(5120,4598,5128),(4987,5113,5134),(5138,4988,5136),(4990,4988,5138),(5134,
5113,5140),(5122,5140,5113),(5143,5123,5115),(5116,5144,5114),(5134,5140,
5146),(5134,5146,5008),(5149,5135,5010),(5137,5135,5149),(5152,5147,5142),
(5122,5125,5140),(5155,5141,5127),(5153,5141,5155),(5146,5158,5008),(5161,
5159,5148),(5152,5162,5147),(5008,5158,5020),(5011,5150,5009),(5143,5129,
5123),(5164,5126,5133),(5157,5126,5164),(5167,5132,5170),(5165,5132,5167),
(4612,5174,4624),(5176,5173,4614),(4621,5177,4613),(5174,5179,4624),(5183,
4625,5181),(4627,4625,5183),(5185,5020,5158),(5023,5021,5187),(5188,5172,
5160),(5161,5189,5159),(5191,5186,5087),(5023,5187,5194),(5195,5186,5191),
(5188,5169,5172),(5083,5192,5086),(4630,5197,4633),(5201,4634,5199),(5203,
5206,4635),(5204,4634,5201),(4630,5210,5197),(5212,5209,4632),(4636,5213,
4631),(5210,5215,5197),(5219,5198,5217),(5200,5198,5219),(5221,5224,5207),
(5203,5222,5206),(5221,5227,5224),(4738,5230,4693),(5234,4694,5232),(4706,
4694,5234),(5179,5174,5236),(5230,5236,5174),(5239,5231,5175),(5176,5240,
5173),(5179,5236,5242),(5179,5242,5245),(5249,5180,5247),(5182,5180,5249),
(4738,5251,5230),(4738,5254,5251),(5257,5255,4740),(4741,5258,4739),(5251,
5236,5230),(5239,5233,5231),(5260,5243,5238),(5263,5237,5253),(5262,5237,
5263),(5266,5245,5242),(5260,5269,5243),(5210,5245,5272),(5275,5246,5211),
(5210,5272,5215),(5212,5276,5209),(5245,5266,5272),(5275,5248,5246),(5278,
5273,5268),(5282,5273,5278),(5284,3959,5287),(3961,3959,5284),(5288,3916,
3910),(5288,5290,3916),(5293,5289,3912),(5285,5289,5293),(5296,3917,5292),
(5299,3919,3918),(5296,5300,3917),(3913,5294,3911),(5302,3922,3920),(5305,
5303,3921),(5299,5306,3919),(5302,5308,3922),(5312,3923,5310),(3925,3923,
5312),(5305,5315,5303),(5318,5309,5320),(5311,5309,5318),(5323,5326,1183),
(5330,5325,1185),(1183,5332,1186),(1183,5326,5332),(3928,5329,1184),(5321,
5336,5323),(5321,5338,5336),(5341,5322,5324),(5341,5317,5322),(5323,5336,
5326),(5344,5335,5340),(5347,5327,5337),(5344,5348,5335),(5330,5342,5325),
(5350,1187,5334),(5353,5332,5326),(5332,5353,5356),(5360,5333,5358),(5352,
5333,5360),(5362,1189,1188),(5350,5363,1187),(5365,5354,5328),(5347,5366,
5327),(5365,5369,5354),(5372,5357,1197),(5359,5357,5372),(4514,1893,4684),
(5374,1899,1903),(4683,1899,5374),(4717,5377,4714),(5381,4715,5379),(4727,
4715,5381),(4732,5383,4729),(5387,4730,5385),(4746,4730,5387),(4717,1904,
5377),(5389,1905,4719),(4720,5390,4718),(1904,1907,5377),(5392,5378,1909),
(5380,5378,5392),(4732,1907,5383),(5395,1908,4734),(4735,5397,4733),(5398,
1193,1191),(5362,5399,1189),(5401,1195,1194),(5398,5402,1193),(5401,5371,
1195),(5404,1199,5407),(5410,1201,1200),(5404,5411,1199),(5413,1205,1203),
(5410,5414,1201),(5413,5417,1205),(5419,1902,1906),(5375,1902,5419),(5389,
5420,1905),(5395,5393,1908),(5257,5423,5255),(771,5425,1838),(771,5428,
5425),(2199,2205,2187),(2187,2205,2217),(2187,2196,2331),(2205,2223,2217),
(2226,2241,2304),(2250,2274,2268),(2250,2268,2280),(2304,2322,2313),(2241,
2307,2304),(2313,2322,2661),(2253,2262,2634),(2274,2400,2397),(2274,2397,
2421),(2280,2268,2292),(2280,2292,2289),(2400,2406,2484),(2400,2415,2406),
(2289,2292,2301),(2289,2307,2241),(2289,2325,2307),(2289,2301,2325),(2325,
2301,2451),(2325,2451,2442),(2331,2196,2370),(2196,2376,2370),(2331,2337,
2343),(2223,2550,2217),(2550,2544,2217),(2337,2382,2343),(2337,2388,2606),
(2337,2606,2583),(2337,2583,2382),(2343,2349,2352),(2370,2376,2592),(2370,
2592,2568),(2421,2397,2433),(2421,2433,2430),(2430,2433,2478),(2430,2451,
2301),(2430,2472,2451),(2430,2478,2472),(2442,2451,2448),(2442,2448,2457),
(2457,2448,2786),(2448,2466,2786),(2457,2670,2322),(2457,2786,2670),(2472,
2478,2517),(2472,2517,2505),(2484,2406,2496),(2484,2496,2493),(2493,2496,
2517),(2517,2496,2526),(2496,3126,2526),(2493,2517,2478),(2505,2517,2519),
(2505,2519,2514),(2514,2519,2850),(2519,2535,2850),(2514,2805,2466),(2514,
2850,2805),(2526,3126,3144),(2526,3144,3132),(2223,2547,2550),(2550,2556,
2544),(2550,2547,2559),(2544,2556,2604),(2544,2604,2574),(2376,2574,2592),
(2592,2574,2604),(2592,2598,2568),(2556,3744,2604),(2568,2598,2589),(2388,
2589,2606),(2606,2589,2613),(2583,2606,3339),(2606,3349,3339),(2606,2619,
3349),(2589,2598,2613),(2598,3750,2613),(2262,2694,2634),(2694,2691,2634),
(2691,2709,2634),(2622,2772,2652),(2622,2646,2760),(2622,2760,2772),(2655,
4017,5429),(4017,4019,5429),(4019,4104,5429),(4104,4106,5429),(4106,4443,
5429),(4443,4445,5429),(4445,4479,5429),(5430,4509,4500),(5430,4500,4497),
(5430,4497,4515),(5430,4515,5426),(2322,2670,2661),(2661,2670,2667),(2661,
2667,2673),(2673,2667,2262),(2262,2667,2706),(2706,2667,2813),(2667,2823,
2813),(2667,2688,2823),(2262,2706,2694),(2691,2703,2709),(2655,3993,4023),
(2655,4023,4035),(2655,4035,4017),(2709,2703,2736),(2709,2736,2718),(2703,
2727,2736),(2718,2736,2733),(2727,2931,2736),(2718,2733,2742),(2742,2733,
2757),(2742,2748,2646),(2742,2751,2748),(2742,2757,2751),(2646,2748,2760),
(2772,2760,2769),(2772,2769,2990),(2772,2990,2784),(2751,2757,2958),(2751,
2958,2967),(2976,2990,2769),(2786,2466,2796),(2466,2805,2796),(2796,2805,
2802),(2796,2802,2811),(2811,2802,2847),(2811,2823,2688),(2811,2841,2823),
(2811,2847,2841),(2813,2823,2820),(2813,2820,2727),(2727,2820,2931),(2820,
2937,2931),(2820,2925,2937),(2820,2835,2925),(2841,2847,2904),(2841,2904,
2892),(2850,2535,2859),(2859,2535,2880),(2868,2880,2535),(2859,2882,2877),
(2859,2880,2882),(2877,2882,2904),(2904,2882,2913),(2882,3378,2913),(2877,
2904,2847),(2892,2904,2906),(2892,2906,2901),(2901,2906,2928),(2906,2922,
2928),(2901,2928,2925),(2901,2925,2835),(2913,3378,3402),(2913,3402,3393),
(2928,2922,3027),(2949,2958,2757),(2937,2925,2949),(2949,2925,2943),(2949,
2961,2958),(2949,3018,2961),(2949,2943,3018),(2967,2958,2973),(2967,2973,
2976),(2976,2973,2985),(2976,2988,2990),(2976,2985,2988),(2988,2985,3077),
(2988,3077,3003),(2784,2990,3987),(3069,3077,2985),(2943,3012,3018),(3018,
3012,3066),(3018,3066,3069),(3027,2922,3048),(3036,3048,2922),(3027,3050,
3045),(3027,3048,3050),(3045,3050,3060),(3050,3516,3060),(3045,3054,3012),
(3045,3060,3054),(3012,3054,3066),(3069,3066,3075),(3066,3093,3075),(3066,
3566,3093),(3066,3087,3566),(3069,3075,3077),(3003,3077,4164),(3060,3516,
3549),(3093,3566,4227),(2352,2349,3099),(2349,3105,3099),(2352,2364,3111),
(3099,3105,3333),(2415,3177,3159),(2415,3186,3177),(3159,3177,3189),(3159,
3189,3141),(3141,3144,3126),(3132,3144,3150),(3141,3165,3144),(3132,3150,
2868),(3141,3195,3165),(3141,3189,3195),(3165,3195,3216),(3165,3216,3204),
(2868,3150,3372),(3150,3174,3372),(2868,3372,2880),(3186,3267,3237),(3186,
3270,3267),(3237,3267,3276),(3237,3276,3213),(3195,3213,3216),(3204,3216,
3222),(3216,3213,3231),(3204,3222,3243),(3213,3282,3231),(3213,3276,3282),
(3231,3282,3291),(3243,3222,3438),(3222,3252,3438),(3243,3431,3174),(3243,
3438,3431),(3111,2364,3114),(2364,3120,3114),(3114,3120,3363),(3114,3363,
3367),(3291,3312,3303),(3291,3305,3312),(3303,3312,3678),(3303,3678,3252),
(3105,3357,3333),(3105,3339,3349),(3105,3349,3342),(3105,3342,3357),(2619,
3969,3349),(3342,3348,3357),(3120,3357,3363),(3363,3357,3348),(3363,3348,
3365),(3372,3174,3387),(3387,3174,3431),(3387,3435,3399),(3387,3431,3435),
(3399,3402,3378),(3393,3402,3408),(3399,3417,3402),(3393,3408,3036),(3399,
3444,3417),(3399,3435,3444),(3417,3444,3471),(3417,3471,3462),(3036,3408,
3429),(3408,3426,3429),(3036,3429,3048),(3429,3426,3522),(3438,3252,3453),
(3252,3678,3453),(3453,3680,3468),(3453,3678,3680),(3444,3468,3471),(3462,
3471,3477),(3471,3468,3486),(3462,3477,3492),(3468,3684,3486),(3468,3680,
3684),(3486,3684,3687),(3492,3477,3510),(3477,3501,3510),(3492,3510,3507),
(3492,3507,3426),(3510,3501,3603),(3549,3516,3537),(3531,3537,3516),(3522,
3426,3507),(3522,3588,3531),(3522,3507,3588),(3549,3570,3555),(3549,3537,
3570),(3555,3564,3566),(3555,3570,3564),(3555,3566,3087),(3564,3570,3576),
(3564,3576,3585),(4227,3566,4233),(3531,3543,3537),(3531,3588,3543),(3543,
3588,3594),(3543,3594,3639),(3645,3656,3576),(3585,3576,3656),(3639,3594,
3627),(3594,3621,3627),(3501,3699,3603),(3612,3699,3501),(3603,3701,3621),
(3603,3699,3701),(3639,3660,3645),(3639,3627,3660),(3645,3654,3656),(3645,
3660,3654),(3654,3660,3666),(3654,3666,3675),(3585,3656,4827),(3627,3621,
3633),(3621,3701,3633),(3633,3701,3708),(3633,3708,3717),(3726,3731,3666),
(3666,3731,3675),(3612,3689,3699),(3726,3729,3731),(3675,3731,5027),(2604,
3744,3753),(2613,3750,3757),(3744,3756,3753),(3753,3756,3762),(3750,3762,
3757),(3786,3795,3801),(3786,3801,3825),(3813,3849,3851),(3813,3894,3888),
(3813,3900,3894),(3813,3851,3900),(3816,3825,3846),(3825,3801,3834),(3834,
3801,3837),(3837,3801,3843),(3825,3834,3846),(3837,3843,3874),(3858,3860,
3873),(3858,3948,3942),(3858,3873,3948),(3879,3888,3903),(3888,3894,3903),
(3900,3851,3905),(3900,3905,3931),(3915,5427,3930),(3915,3927,5295),(3915,
3930,3927),(3936,3942,3951),(3951,3942,3948),(3873,3957,3948),(3873,3963,
3957),(3957,3963,3964),(2784,3987,3984),(3984,3987,4008),(3984,3999,3993),
(3984,4002,3999),(3984,4008,4002),(3993,3999,4023),(4002,4008,4170),(4002,
4170,4152),(4035,4023,4032),(4035,4032,4044),(4032,4068,4044),(4032,4053,
4068),(4044,4068,4065),(4044,4065,4071),(4019,4059,4095),(4019,4119,4104),
(4019,4095,4119),(4053,4191,4068),(4071,4065,4083),(4059,4071,4089),(4071,
4098,4089),(4071,4083,4098),(4059,4089,4095),(4098,4083,4302),(4098,4302,
4296),(4119,4095,4116),(4119,4116,4140),(4119,4140,4128),(4116,4137,4140),
(4128,4140,4146),(4137,4332,4140),(4128,4146,4455),(4158,4170,4008),(3003,
4164,4158),(4158,4173,4170),(4158,4164,4179),(4158,4179,4173),(4152,4170,
4185),(4173,4179,4239),(4173,4239,4221),(4152,4185,4053),(4053,4185,4191),
(4191,4185,4197),(4191,4197,4206),(4197,4251,4206),(4197,4215,4251),(4206,
4251,4257),(4206,4257,4299),(4227,4239,4179),(4227,4242,4239),(4227,4758,
4242),(4227,4233,4758),(4221,4239,4248),(4221,4248,4215),(4215,4263,4251),
(4215,4248,4263),(4248,4269,4263),(4263,4269,4278),(4278,4269,4380),(4269,
4287,4380),(4278,4377,4374),(4278,4380,4377),(4083,4299,4302),(4296,4302,
4314),(4299,4308,4302),(4296,4314,4137),(4299,4257,4320),(4299,4320,4308),
(4308,4320,4383),(4308,4383,4368),(4137,4314,4329),(4137,4329,4332),(4332,
4329,4353),(4332,4353,4341),(4329,4350,4353),(4341,4353,4359),(4350,4407,
4353),(4341,4359,4533),(4320,4374,4383),(4368,4383,4395),(4374,4377,4383),
(4383,4377,4389),(4368,4395,4350),(4377,4401,4389),(4389,4401,4905),(4389,
4905,4899),(4350,4395,4413),(4350,4413,4407),(4407,4413,4569),(4407,4569,
4422),(4413,4431,4569),(4422,4569,4572),(4431,4923,4569),(4422,4572,4563),
(4106,4440,4443),(4440,4452,4443),(4440,4455,4452),(4455,4146,4464),(4455,
4467,4452),(4455,4464,4467),(4467,4464,4536),(4467,4536,4527),(4445,4476,
4479),(4476,4538,4479),(4479,4488,4587),(4500,4509,4511),(4509,4611,4644),
(4509,4608,4611),(4500,4511,4521),(4515,4686,5426),(4521,4511,4650),(4521,
4650,4668),(4464,4533,4536),(4527,4536,4538),(4533,4545,4536),(4527,4538,
4476),(4533,4359,4551),(4533,4551,4545),(4545,4551,4575),(4545,4575,4557),
(4551,4563,4575),(4557,4575,4577),(4563,4572,4575),(4575,4572,4584),(4557,
4577,4488),(4572,5094,4584),(4584,5094,5109),(4584,5109,5100),(4488,4577,
4587),(4587,4596,5121),(4644,4611,4662),(4644,4662,4692),(4608,4620,4656),
(4608,4623,4620),(4656,4620,4707),(4656,4707,4704),(3930,5427,5331),(5331,
5427,5364),(5364,5427,5400),(4686,5376,5426),(5376,5421,5426),(5400,5427,
5403),(5403,5427,5373),(5373,5427,5412),(5412,5427,5415),(5415,5427,5416),
(5421,5394,5426),(4668,4650,4682),(4680,4682,4650),(4680,4650,4677),(4668,
4682,4686),(4686,4682,5376),(4680,4677,4722),(4692,4662,4724),(4724,4662,
4713),(4692,4728,4677),(4692,4724,4728),(4704,4707,4743),(4707,5235,4743),
(4704,4745,4713),(4704,4743,4745),(4677,4728,5382),(4677,5382,4722),(4724,
4713,4737),(4713,4745,4737),(4743,5235,5259),(4737,4745,5388),(4233,4764,
4758),(4233,4755,4764),(4758,4764,4287),(4773,4764,4755),(4773,4782,4764),
(4287,4764,4770),(3585,4827,4773),(4773,4827,4782),(4827,4833,4782),(4782,
4833,4839),(4287,4788,4380),(4287,4803,4788),(4287,4770,4803),(4770,4809,
4803),(4770,4797,4809),(4803,4809,4902),(4797,4824,4809),(4824,4866,4809),
(4902,4809,4818),(4833,4845,4851),(4839,4833,4851),(3675,5027,4845),(4851,
4845,4857),(4845,5027,4857),(4839,4851,4869),(5027,5034,4857),(4857,5034,
5040),(4839,4869,4824),(4824,4869,4866),(4869,4875,4866),(4866,4875,4884),
(4875,5046,4884),(4875,4893,5046),(4884,5048,4974),(4884,5046,5048),(4401,
4902,4905),(4899,4905,4917),(4902,4911,4905),(4899,4917,4431),(4902,4959,
4911),(4902,4818,4959),(4431,4929,4923),(4431,4917,4929),(4923,4929,4985),
(4923,4985,4938),(4929,4947,4985),(4938,4985,4992),(4947,4998,4985),(4938,
4992,5106),(4818,4965,4959),(4818,4956,4965),(4959,4965,4947),(4956,4974,
4965),(4965,4974,4983),(4947,4965,4971),(4974,5048,4983),(5048,5064,4983),
(4983,5064,5073),(4947,5013,4998),(4947,4971,5013),(4971,5019,5013),(4971,
5007,5019),(5013,5019,5151),(5007,5079,5019),(5079,5082,5019),(5019,5025,
5151),(5040,5034,5043),(4893,5052,5046),(5094,5106,5109),(5100,5109,5111),
(5106,5118,5109),(5100,5111,4596),(5106,5139,5118),(5106,4992,5139),(5118,
5139,5154),(5118,5154,5145),(4596,5111,5121),(5121,5130,5166),(5139,5151,
5154),(5145,5154,5156),(5154,5151,5163),(5145,5156,5130),(5151,5190,5163),
(5151,5025,5190),(5130,5156,5166),(4623,4629,5178),(4623,4638,4629),(5178,
4629,5184),(5178,5184,5241),(4638,5202,5214),(4638,5205,5202),(5214,5202,
5220),(5214,5220,5277),(5241,5184,5250),(5241,5261,5235),(5241,5250,5261),
(5261,5265,5235),(5235,5422,5259),(5235,5265,5422),(5261,5250,5270),(5277,
5280,5250),(5277,5281,5280),(5277,5220,5281),(5286,5295,5298),(5298,5295,
5301),(5295,3927,5301),(3927,5307,5301),(3927,5313,5307),(5307,5313,5314),
(5331,5351,5343),(5331,5364,5351),(5343,5346,5319),(5343,5349,5346),(5343,
5351,5349),(5351,5367,5349),(5351,5361,5367),(5367,5361,5368),(4722,5382,
5391),(5391,5382,5394),(4737,5388,5396),(5391,5394,5421),(5373,5412,5406),
(5431,1078,1215),(5432,1215,766),(5433,5434,1071),(5434,5435,1149),(5435,
5436,1145),(5436,5437,1144),(5437,5438,1148),(5438,5439,1141),(5439,5440,
1140),(5440,5441,1137),(5441,5442,1133),(5442,5443,1132),(5443,5444,1136),
(5444,5445,1180),(5445,5446,1177),(5446,5447,1176),(1176,5447,5448),(1040,
5448,5449),(5450,1036,1037),(5451,828,1036),(5452,689,828),(684,689,5453),
(643,684,5454),(5455,5456,640),(5456,5457,639),(5457,5458,636),(5458,5459,
635),(632,635,5459),(631,632,5460),(415,631,5461),(404,415,5462),(401,404,
5463),(5464,5465,397),(5465,5466,393),(5466,5467,389),(5467,5468,386),(385,
386,5468),(382,385,5469),(5470,381,382),(5471,343,381),(5472,342,343),(5473,
339,342),(5474,338,339),(5475,335,338),(5476,334,335),(5477,331,334),(5478,
309,331),(5479,308,309),(5480,305,308),(5481,304,305),(5482,87,304),(5483,
87,5482),(304,5481,5482),(305,5480,5481),(308,5479,5480),(309,5478,5479),
(331,5477,5478),(334,5476,5477),(335,5475,5476),(338,5474,5475),(339,5473,
5474),(342,5472,5473),(343,5471,5472),(381,5470,5471),(382,5484,5470),(5469,
5484,382),(5468,5469,385),(386,389,5467),(389,393,5466),(393,397,5465),
(397,401,5464),(5463,5464,401),(5462,5463,404),(5461,5462,415),(5460,5461,
631),(5459,5460,632),(635,636,5458),(636,639,5457),(639,640,5456),(640,
643,5455),(5454,5455,643),(5453,5454,684),(5453,689,5452),(828,5451,5452),
(1036,5450,5451),(1037,5449,5450),(5449,1037,1040),(5448,1040,1176),(1176,
1177,5446),(1177,1180,5445),(1180,1136,5444),(1136,1132,5443),(1132,1133,
5442),(1133,1137,5441),(1137,1140,5440),(1140,1141,5439),(1141,1148,5438),
(1148,1144,5437),(1144,1145,5436),(1145,1149,5435),(1149,1071,5434),(1071,
662,5433),(1215,5432,5431),(770,100,5485),(768,1839,5486),(5487,5428,771),
(3860,5488,5489),(3858,5490,5488),(3849,5491,5490),(3813,5492,5491),(3786,
5493,5494),(3768,5495,5493),(3770,5496,5495),(5497,5496,3770),(5495,3768,
3770),(5493,3786,3768),(5491,3849,3813),(5490,3858,3849),(5488,3860,3858),
(5489,3915,3860),(5498,3762,3756),(5499,3756,3765),(3765,2559,5500),(2559,
2547,5501),(2547,2211,5502),(2211,2208,5503),(5504,5505,2208),(5506,5504,
2199),(2199,2187,5506),(2208,2199,5504),(5503,2208,5505),(5503,5502,2211),
(5502,5501,2547),(5501,5500,2559),(5500,5507,3765),(3765,5507,5499),(3756,
5499,5498),(5508,2400,2274),(5509,2274,2250),(2250,2244,5510),(2244,2226,
5511),(5512,5511,2226),(2304,2313,5513),(2313,2256,5514),(2256,2253,5515),
(2253,2634,5516),(2634,2622,5517),(2622,2652,5518),(2652,2655,5519),(5519,
5518,2652),(5518,5517,2622),(5517,5516,2634),(5516,5515,2253),(5515,5514,
2256),(5514,5513,2313),(5513,5512,2304),(2226,2304,5512),(5511,5510,2244),
(5510,5520,2250),(2250,5520,5509),(2274,5509,5508),(662,1078,5521),(1078,
5431,5521),(5522,5433,662),(5521,5522,662),(5523,52,87),(87,5483,5523),
(5524,99,52),(52,5523,5524),(5526,99,5527),(5524,5527,99),(2655,5429,5528),
(5429,5529,5528),(5528,5519,2655),(3762,5498,5531),(3915,5489,5533),(5533,
5534,5427),(5537,1838,5538),(1838,5425,5535),(5535,5538,1838),(5486,1839,
5536),(5530,5428,5487),(5486,5539,768),(766,5540,5432),(5485,5541,770),
(771,5542,5487),(5485,100,5525),(2400,5508,5543),(5544,5506,2187),(1073,
1051,5545),(1073,5546,5547),(1051,5548,5545),(1073,5549,5550),(1073,5551,
5552),(1073,5553,5554),(5545,5546,1073),(1051,5555,5556),(1051,5557,5558),
(1051,5559,5560),(1172,5561,5562),(1073,5563,5564),(1073,5565,5549),(1073,
5566,5551),(1073,5567,5553),(5556,5548,1051),(5560,5557,1051),(1172,5568,
5561),(5564,5569,1073),(5552,5565,1073),(5554,5570,1073),(5558,5555,1051),
(1051,5571,5572),(1051,5573,5574),(1051,5575,5576),(1051,5577,5578),(1051,
5579,5580),(1172,5581,5568),(1172,5582,5583),(1172,5584,5585),(5550,5563,
1073),(5547,5567,1073),(5572,5586,1051),(5574,5587,1051),(5578,5575,1051),
(1051,5588,5589),(1051,5590,5591),(5580,5592,1051),(1051,1172,5593),(5583,
5581,1172),(5585,5594,1172),(5570,5566,1073),(5587,5559,1051),(5589,5577,
1051),(5592,5590,1051),(1051,5595,5596),(1051,5597,5598),(5593,5599,1051),
(5594,5582,1172),(1172,5600,5601),(5602,5603,1172),(5586,5573,1051),(5591,
5588,1051),(5598,5595,1051),(5562,5593,1172),(5601,5584,1172),(1172,5604,
5605),(1172,5606,5607),(1172,1073,5602),(5576,5571,1051),(5599,5597,1051),
(5605,5608,1172),(5603,5606,1172),(5596,5579,1051),(5607,5604,1172),(1172,
5608,5600),(5569,5602,1073),(5533,5427,5609),(5427,5610,5611),(5427,5612,
5613),(5427,5614,5615),(5427,5616,5617),(3915,5618,5619),(5533,5620,5621),
(5533,5622,5623),(5427,5624,5609),(5613,5610,5427),(5617,5614,5427),(5427,
5625,5626),(5427,5627,5628),(5627,5427,3915),(3915,5629,5630),(5619,5631,
3915),(5621,3915,5533),(5533,5632,5633),(5533,5634,5635),(5533,5636,5637),
(5533,5638,5639),(5533,5640,5641),(5609,5622,5533),(5427,5642,5643),(5427,
5644,5612),(5615,5645,5427),(5628,5625,5427),(3915,5646,5647),(3915,5648,
5649),(5630,5650,3915),(5621,5618,3915),(5635,5632,5533),(5533,5651,5636),
(5533,5652,5638),(5641,5653,5533),(5643,5624,5427),(5645,5644,5427),(3915,
5647,5627),(5650,5648,3915),(3915,5654,5655),(3915,5656,5657),(3915,5658,
5659),(5633,5620,5533),(5533,5660,5661),(5639,5651,5533),(5653,5662,5533),
(5611,5642,5427),(5649,5646,3915),(5657,5654,3915),(5631,5658,3915),(5533,
5663,5664),(5661,5665,5533),(5662,5652,5533),(5626,5616,5427),(5659,5656,
3915),(5533,5666,5663),(5533,5667,5668),(5533,5669,5670),(5533,5671,5672),
(5637,5660,5533),(5655,5629,3915),(5668,5666,5533),(5672,5669,5533),(5623,
5640,5533),(5670,5667,5533),(5664,5634,5533),(5665,5671,5533),(5673,5494,
5492),(3786,5674,5675),(3786,5676,5677),(3786,5678,5679),(5675,5680,3786),
(3786,5681,5676),(5680,5678,3786),(3786,5682,5683),(5679,5681,3786),(3786,
5684,5682),(3786,5685,5674),(3795,5686,5687),(3795,5683,5688),(5677,5684,
3786),(3795,5689,5690),(3795,5691,5692),(3795,5693,5686),(5683,3795,3786),
(3786,5694,5695),(3795,5696,5697),(3795,5698,5689),(3795,5699,5700),(5687,
5691,3795),(5695,5685,3786),(3786,5701,5702),(3786,5494,5703),(3795,5704,
5696),(3795,5705,5706),(3795,5707,5708),(5700,5698,3795),(3795,5709,5710),
(5688,5693,3795),(5702,5711,3786),(5703,5712,3786),(5494,5713,5714),(5494,
5715,5716),(5494,5717,5718),(5494,5719,5720),(5494,5721,5722),(3795,5723,
5704),(5708,5705,3795),(5710,5699,3795),(5711,5694,3786),(5494,5724,5703),
(5494,5725,5713),(5718,5715,5494),(5722,5719,5494),(5706,5723,3795),(5692,
5709,3795),(5714,5724,5494),(5494,5726,5717),(5494,5727,5728),(5494,5729,
5730),(5494,5731,5721),(5690,5707,3795),(5716,5725,5494),(5730,5727,5494),
(5494,5732,5733),(5494,5734,5731),(3795,5735,5736),(5712,5701,3786),(5733,
5729,5494),(5494,5673,5734),(5697,5735,3795),(5720,5732,5494),(5728,5726,
5494),(5492,5737,5738),(5492,5739,5740),(5492,5741,5742),(5738,5743,5492),
(5742,5739,5492),(3813,5744,5741),(5740,5737,5492),(3813,5745,5744),(3813,
5746,5747),(3813,5748,5749),(5741,5492,3813),(5749,5746,3813),(3813,5750,
5751),(5750,3813,3795),(5747,5745,3813),(3795,5752,5750),(5751,5748,3813),
(5743,5753,5492),(5752,3795,5754),(5736,5754,3795),(5492,5753,5673),(5755,
5756,3775),(3798,5757,5755),(3798,5758,5759),(5759,5757,3798),(1155,5760,
5761),(1155,3775,5762),(1155,5763,5760),(5762,5764,1155),(1155,5765,5766),
(1155,5767,5768),(1155,5769,5770),(5764,5763,1155),(5768,5765,1155),(5761,
5769,1155),(3775,5771,5772),(1051,1155,5773),(5770,5767,1155),(5772,5774,
3775),(1155,5775,5773),(5774,5762,3775),(1051,5776,5777),(1051,5778,5779),
(5766,5775,1155),(3775,5780,5781),(3775,5782,5783),(5777,5784,1051),(1051,
5785,5786),(5773,5778,1051),(3775,5787,5788),(5783,5780,3775),(3775,5756,
5789),(5786,5776,1051),(5788,5771,3775),(5789,5782,3775),(5784,5790,1051),
(5781,5787,3775),(5779,5785,1051),(1051,5791,5792),(1051,5793,5794),(5794,
5791,1051),(1161,5795,5796),(1161,1051,5797),(1051,5798,5799),(1051,5800,
5801),(5796,5802,1161),(5797,5803,1161),(5801,5798,1051),(1161,5804,5805),
(5803,5795,1161),(1051,5806,5807),(5799,5808,1051),(5802,5804,1161),(5807,
5809,1051),(1051,5810,5811),(1051,5812,5813),(5805,5814,1161),(5811,5806,
1051),(5808,5797,1051),(1161,5815,5816),(5813,5800,1051),(5817,5818,3798),
(1161,5819,5820),(5816,5821,1161),(1161,5814,5822),(1051,5823,5810),(1051,
5824,5825),(3798,1161,5817),(5821,5819,1161),(5822,5826,1161),(5825,5823,
1051),(5820,5817,1161),(5809,5812,1051),(5826,5815,1161),(5818,5758,3798),
(5792,5824,1051),(5790,5793,1051),(3775,3798,5755),(5827,1073,1204),(5828,
5829,1157),(5830,5831,3791),(3818,3791,5832),(3818,5833,5834),(5835,3826,
5834),(5834,3826,3818),(5832,5833,3818),(5832,3791,5831),(3791,1157,5830),
(5830,1157,5829),(1157,1051,5828),(5828,1051,5836),(5836,1051,5837),(5837,
1051,5838),(5839,1073,5840),(5840,1073,5827),(1204,5841,5827),(5842,5843,
5416),(3816,3846,5844),(3789,3816,5845),(5846,3770,3789),(5847,5497,3770),
(5497,5847,5848),(5849,5850,5851),(5852,5853,5854),(5854,5532,5852),(5853,
5852,5851),(5851,5852,5849),(5850,5849,5848),(5848,5849,5497),(3770,5846,
5847),(3789,5855,5846),(5855,3789,5856),(5845,5856,3789),(5845,3816,5857),
(5844,5857,3816),(5858,5416,5843),(5416,5427,5842),(5842,5427,5859),(5859,
5427,5860),(1206,5418,5861),(3845,3827,5862),(3831,3876,5863),(3838,3829,
5864),(3881,3838,5865),(5866,5867,3889),(5868,3889,5867),(3889,3881,5866),
(5866,3881,5869),(5865,5869,3881),(5865,3838,5870),(5864,5870,3838),(3902,
3890,5871),(3879,3903,5872),(3843,3879,5873),(3843,5874,5875),(5876,3874,
5875),(5875,3874,3843),(5873,5874,3843),(5873,3879,5877),(5872,5877,3879),
(3897,3933,5878),(3802,3895,5879),(5880,5881,3908),(3938,3908,5882),(5883,
5884,3943),(5885,3943,5884),(3943,3938,5883),(5883,3938,5886),(5882,5886,
3938),(5882,3908,5881),(3908,3802,5880),(5879,5880,3802),(3950,3944,5887),
(3936,3951,5888),(3905,3936,5889),(5890,5891,3931),(5892,3931,5891),(3931,
3905,5890),(5890,3905,5893),(5889,5893,3905),(5889,3936,5894),(5888,5894,
3936),(5297,5291,5895),(5286,5298,5896),(3963,5286,5897),(3963,5898,5899),
(5900,3964,5899),(5899,3964,3963),(5897,5898,3963),(5897,5286,5901),(5896,
5901,5286),(3958,3952,5902),(5288,3958,5903),(5288,5904,5905),(5906,5290,
5905),(5905,5290,5288),(5903,5904,5288),(5903,3958,5907),(5902,5907,3958),
(3954,3966,5908),(5304,5316,5909),(5308,5302,5910),(5321,5308,5911),(5321,
5912,5913),(5914,5338,5913),(5913,5338,5321),(5911,5912,5321),(5911,5308,
5915),(5910,5915,5308),(5345,5339,5916),(5319,5346,5917),(5313,5319,5918),
(5313,5919,5920),(5921,5314,5920),(5920,5314,5313),(5918,5919,5313),(5918,
5319,5922),(5917,5922,5319),(5355,5370,5923),(5924,5356,5353),(1196,5356,
5925),(1196,5926,5927),(1198,5927,5928),(5929,5408,5928),(5928,5408,1198),
(5927,1198,1196),(5925,5926,1196),(5925,5356,5930),(5930,5356,5924),(5405,
5409,5931),(5931,5409,5932),(5933,5373,5406),(5373,5933,5934),(5368,5361,
5935),(5935,5361,5936),(5936,5361,5937),(5937,5361,5934),(5934,5361,5373),
(5923,5938,5355),(5353,5939,5924),(5909,5940,5304),(5910,5302,5941),(5895,
5942,5297),(5896,5298,5943),(5878,5944,3897),(5879,3895,5945),(5863,5946,
3831),(5864,3829,5947),(5948,5838,1051),(5861,5949,1206),(5841,1204,5950),
(5951,5416,5858),(5861,5418,5952),(5953,5408,5929),(5932,5409,5954),(5931,
5955,5405),(5406,5956,5933),(5935,5957,5368),(5923,5370,5958),(5916,5959,
5345),(5917,5346,5960),(5961,5338,5914),(5916,5339,5962),(5963,5314,5921),
(5909,5316,5964),(5965,3964,5900),(5908,3966,5966),(5908,5967,3954),(5902,
3952,5968),(5969,5290,5906),(5895,5291,5970),(5971,3943,5885),(5887,3944,
5972),(5887,5973,3950),(5888,3951,5974),(5975,3931,5892),(5878,3933,5976),
(5871,5977,3902),(5872,3903,5978),(5979,3889,5868),(5871,3890,5980),(5981,
3874,5876),(5863,3876,5982),(5862,5983,3845),(5844,3846,5984),(5985,3826,
5835),(5862,3827,5986),(5532,5854,5987),(5988,5860,5427),(1073,5839,5989),
(1104,5990,5991),(1130,5992,5990),(1128,5993,5994),(1126,5995,5996),(1124,
5997,5998),(1122,5999,6000),(1120,6001,5999),(1118,6002,6003),(1116,6004,
6005),(6005,1118,1116),(6006,1118,6005),(6002,1118,6006),(6003,1120,1118),
(6001,1120,6003),(5999,1122,1120),(6000,1124,1122),(5997,1124,6000),(5998,
1126,1124),(6007,1126,5998),(5995,1126,6007),(5996,1128,1126),(5993,1128,
5996),(5994,1130,1128),(5992,1130,5994),(5990,1104,1130),(5991,1051,1104),
(6008,1051,5991),(6009,1051,6008),(5948,1051,6009),(6010,6011,3263),(2359,
6012,6013),(6014,6012,2359),(6015,6014,300),(159,6016,6015),(157,6017,6018),
(155,6019,6017),(153,6020,6021),(151,6022,6020),(149,6023,6024),(147,6025,
6026),(145,6027,6025),(141,6028,6029),(6029,145,141),(6030,145,6029),(6027,
145,6030),(6025,147,145),(6026,149,147),(6023,149,6026),(6024,151,149),
(6031,151,6024),(6022,151,6031),(6020,153,151),(6021,155,153),(6032,155,
6021),(6019,155,6032),(6017,157,155),(6018,159,157),(6033,159,6018),(6016,
159,6033),(6015,127,159),(300,127,6015),(2359,300,6014),(6013,3257,2359),
(3263,3257,6010),(3260,3264,6034),(6035,3255,3261),(6036,2187,2331),(6037,
2331,2343),(6038,2343,2352),(6039,2352,3111),(6040,3111,3255),(3255,6041,
6040),(3111,6040,6039),(2352,6039,6038),(2343,6038,6037),(2331,6037,6036),
(3261,6042,6035),(139,6043,6028),(143,6044,6045),(169,6046,6047),(165,6048,
6049),(163,6050,6048),(167,6051,6052),(171,6053,6051),(6054,171,374),(6055,
374,2410),(6056,2410,3181),(3181,3273,6057),(3273,3292,6058),(3292,3283,
6059),(3283,3309,6060),(3319,6061,6062),(3696,6063,6061),(3709,6064,6063),
(3738,6065,6064),(5035,6066,6065),(5058,6067,6066),(5065,6068,6067),(5088,
6069,6068),(5185,6070,6069),(5158,6071,6070),(5171,6072,6071),(5131,6073,
6072),(6074,6075,5131),(6076,6074,4597),(6077,6076,4489),(6078,6077,1264),
(345,1242,6079),(1242,1268,6080),(6080,6081,1242),(6082,1242,6081),(6079,
1242,6082),(6079,6078,345),(1264,345,6078),(4489,1264,6077),(4597,4489,
6076),(5131,4597,6074),(6073,5131,6075),(6072,5171,5131),(6071,5158,5171),
(6070,5185,5158),(6069,5088,5185),(6068,5065,5088),(6067,5058,5065),(6066,
5035,5058),(6065,3738,5035),(6064,3709,3738),(6063,3696,3709),(6061,3319,
3696),(6062,3309,3319),(6060,3309,6062),(6060,6059,3283),(6059,6058,3292),
(6058,6057,3273),(6057,6083,3181),(3181,6083,6056),(2410,6056,6055),(374,
6055,6054),(6084,171,6054),(6053,171,6084),(6051,167,171),(6052,163,167),
(6085,163,6052),(6050,163,6085),(6048,165,163),(6049,169,165),(6046,169,
6049),(6047,143,169),(6086,143,6047),(6044,143,6086),(6045,139,143),(6043,
139,6045),(6028,141,139),(1268,1270,6087),(1270,1272,6088),(1272,1274,6089),
(1274,1276,6090),(1276,1278,6091),(1278,1286,6092),(1286,1288,6093),(1288,
1290,6094),(1290,1292,6095),(6095,1292,6096),(6095,6094,1290),(6094,6097,
1288),(6098,1288,6097),(6093,1288,6098),(6093,6092,1286),(6092,6099,1278),
(6100,1278,6099),(6091,1278,6100),(6091,6101,1276),(6090,1276,6101),(6090,
6102,1274),(6089,1274,6102),(6089,6088,1272),(6088,6103,1270),(6104,1270,
6103),(6087,1270,6104),(6087,6080,1268),(1292,1294,6105),(1294,1296,6106),
(1296,1298,6107),(1298,1280,6108),(1280,1282,6109),(6110,1282,1383),(6111,
1383,4633),(4633,5208,6112),(5208,5226,6113),(6113,6112,5208),(6112,6114,
4633),(4633,6114,6111),(1383,6111,6110),(6109,1282,6110),(6109,6108,1280),
(6108,6115,1298),(6116,1298,6115),(6107,1298,6116),(6107,6106,1296),(6106,
6117,1294),(6105,1294,6117),(6105,6118,1292),(6096,1292,6118),(5225,5229,
6119),(6120,4479,4587),(6121,4587,5121),(6122,5121,5166),(5166,5168,6123),
(5168,5190,6124),(6125,6124,5190),(6125,5025,5196),(5196,5193,6126),(5193,
5085,6127),(5082,6128,6129),(5079,6130,6128),(5079,5073,6131),(5073,5064,
6132),(5064,5076,6133),(5055,6134,6135),(5052,6136,6137),(4893,6138,6136),
(5040,6139,6138),(6139,5040,5043),(5043,3735,6140),(3729,6141,6142),(3726,
6143,6141),(3717,6144,6143),(6145,3717,3708),(3708,3720,6146),(3720,3693,
6147),(3689,6148,6149),(6150,6148,3689),(3612,3687,6151),(3687,3684,6152),
(3684,3324,6153),(3305,6154,6155),(3305,3291,6156),(3291,3282,6157),(6158,
3282,3297),(3297,3315,6159),(3270,6160,6161),(6162,6160,3270),(6163,6162,
3186),(6164,6163,2415),(2415,2400,6164),(3186,2415,6163),(3270,3186,6162),
(6161,3315,3270),(6165,3315,6161),(6159,3315,6165),(6159,6166,3297),(6167,
3297,6166),(3297,6167,6158),(6157,3282,6158),(6157,6168,3291),(6156,3291,
6168),(6156,6169,3305),(6154,3305,6169),(6155,3324,3305),(6170,3324,6155),
(6153,3324,6170),(6153,6152,3684),(6152,6171,3687),(6151,3687,6171),(6151,
6172,3612),(6150,3612,6172),(3689,3612,6150),(6149,3693,3689),(6173,3693,
6149),(6147,3693,6173),(6147,6146,3720),(6146,6174,3708),(3708,6174,6145),
(6144,3717,6145),(6143,3726,3717),(6141,3729,3726),(6142,3735,3729),(6140,
3735,6142),(6140,6175,5043),(6176,5043,6175),(5043,6176,6139),(6138,4893,
5040),(6136,5052,4893),(6137,5055,5052),(6177,5055,6137),(6134,5055,6177),
(6135,5076,5055),(6178,5076,6135),(6133,5076,6178),(6133,6132,5064),(6132,
6131,5073),(6131,6130,5079),(6128,5082,5079),(6129,5085,5082),(6179,5085,
6129),(6180,5085,6179),(6127,5085,6180),(6127,6181,5193),(6182,5193,6181),
(6126,5193,6182),(6126,6183,5196),(5196,6183,6125),(5190,5025,6125),(6124,
6123,5168),(6123,6184,5166),(5166,6184,6122),(5121,6122,6121),(4587,6121,
6120),(5223,6185,6186),(6187,6185,5223),(6188,6187,5205),(6189,6188,4638),
(6190,6189,4623),(6191,6190,4608),(4608,4509,6191),(4623,4608,6190),(4638,
4623,6189),(5205,4638,6188),(5223,5205,6187),(6186,5228,5223),(3108,3369,
6192),(3361,3359,6193),(6194,3358,3106),(3354,3366,6195),(6196,3365,3348),
(3346,3344,6197),(3336,3351,6198),(3349,3969,6199),(2614,6200,6201),(6201,
3971,2614),(6202,3971,6201),(3968,3972,6203),(2610,3759,6204),(3757,3762,
6205),(6205,3762,6206),(6207,3745,2608),(1114,6208,6004),(1112,6209,6210),
(1110,6211,6209),(1108,6212,6213),(1106,6214,6212),(781,6215,6216),(281,
6217,6218),(6217,281,822),(3745,6207,6219),(6219,822,3745),(6220,822,6219),
(822,6220,6217),(6218,781,281),(6221,781,6218),(6215,781,6221),(6216,1106,
781),(6214,1106,6216),(6212,1108,1106),(6213,1110,1108),(6222,1110,6213),
(6211,1110,6222),(6209,1112,1110),(6210,1114,1112),(6223,1114,6210),(6208,
1114,6223),(6004,1116,1114),(5218,5216,6224),(6225,5281,5220),(5274,5283,
6226),(6227,5266,5242),(5279,5267,6228),(5244,5271,6229),(6230,6231,5270),
(6230,5250,5280),(5270,5250,6230),(5264,5252,6232),(5251,5254,6233),(5256,
5424,6234),(6235,5396,5388),(6236,5426,5394),(5396,6235,6237),(6237,5394,
5396),(5394,6237,6236),(6238,5426,6236),(6239,5422,6240),(6240,5422,5265),
(5386,5384,6241),(5383,1907,6242),(6243,6244,1907),(1366,1843,6245),(1843,
1939,6246),(1939,1941,6247),(1941,1943,6248),(1943,1945,6249),(1945,1947,
6250),(1947,1949,6251),(1949,1951,6252),(1951,1919,6253),(6253,6254,1951),
(6255,1951,6254),(6252,1951,6255),(6252,6251,1949),(6251,6256,1947),(6257,
1947,6256),(6250,1947,6257),(6250,6249,1945),(6249,6258,1943),(6259,1943,
6258),(6248,1943,6259),(6248,6260,1941),(6247,1941,6260),(6247,6246,1939),
(6246,6261,1843),(6262,1843,6261),(6245,1843,6262),(6245,6243,1366),(1907,
1366,6243),(6242,1907,6244),(1919,1915,6263),(1915,1917,6264),(1917,1921,
6265),(1921,1925,6266),(1925,1923,6267),(1923,1182,6268),(1182,1073,6269),
(6270,1073,5989),(5989,6271,6270),(6269,1073,6270),(6269,6268,1182),(6268,
6272,1923),(6273,1923,6272),(6267,1923,6273),(6267,6266,1925),(6266,6274,
1921),(6265,1921,6274),(6265,6275,1917),(6276,1917,6275),(6264,1917,6276),
(6264,6277,1915),(6263,1915,6277),(6263,6253,1919),(6232,6278,5264),(5265,
6279,6240),(6280,5266,6227),(6228,5267,6281),(6224,6282,5218),(5220,6283,
6225),(6198,6285,3336),(2614,3334,6284),(6284,6200,2614),(6195,6287,3354),
(6288,3343,6290),(3343,3352,6286),(6286,6290,3343),(3367,3363,6291),(6291,
6293,3367),(6294,3367,6293),(6192,3369,6295),(6296,3263,6011),(6034,3264,
6297),(6271,5989,6298),(6299,5532,5987),(5987,6301,6299),(6301,5987,6302),
(6303,5544,2187),(2187,6036,6303),(2400,5543,6304),(6304,6164,2400),(6305,
5429,4479),(4479,6120,6305),(4509,5430,6306),(6306,6191,4509),(6307,5422,
6239),(6234,5424,6308),(6234,6309,5256),(6233,5254,6310),(6233,6311,5251),
(6232,5252,6312),(6228,6313,5279),(5280,6314,6230),(6315,5270,6231),(6229,
5271,6316),(6229,6317,5244),(5242,6318,6227),(6226,6320,5274),(6321,5215,
6323),(5215,5272,6319),(6319,6323,5215),(6324,5281,6225),(6226,5283,6325),
(6224,5216,6322),(6326,6327,5228),(6328,5228,6327),(6119,5229,6329),(6119,
6330,5225),(6332,6113,5226),(5226,6333,6332),(6333,5226,6331),(6203,6335,
3968),(6199,3969,6334),(6337,3971,6202),(6203,3972,6336),(6199,6338,3349),
(6198,3351,6339),(6197,3344,6289),(6197,6340,3346),(3348,6341,6196),(6342,
3365,6196),(6195,3366,6343),(6344,3358,6194),(6193,3359,6345),(6192,6346,
3108),(3106,6347,6194),(6193,6292,3361),(6034,6348,3260),(6042,3261,6349),
(6242,6350,5383),(6241,5384,6351),(6241,6352,5386),(5388,6353,6235),(6354,
5426,6238),(6356,5988,6357),(5988,5427,6355),(6355,6357,5988),(6204,6358,
2610),(2608,6359,6207),(6205,6360,3757),(6204,3759,6361),(3762,5531,6300),
(6300,6206,3762),(6009,6362,5948),(5228,6186,6326),(6363,6041,3255),(3255,
6035,6363),(6364,6010,3257),(3257,6013,6364)),());
#1989=COORDINATES_LIST('',3008,((-0.127,-0.004,-0.0182250003814697),(-0.127,
-0.004,0.0182250003814697),(-0.127,1.38777878078145E-17,-0.0182250003814697),
(-0.127,1.38777878078145E-17,0.0182250003814697),(-0.126981002807617,-0.004,
-0.0186170997619629),(-0.126981002807617,-0.004,0.0186170997619629),(-0.126981002807617,
1.38777878078145E-17,-0.0186170997619629),(-0.126981002807617,1.38777878078145E-17,
0.0186170997619629),(-0.126922996520996,-0.004,-0.0190053997039795),(-0.126922996520996,
-0.004,0.0190053997039795),(-0.126922996520996,1.38777878078145E-17,-0.0190053997039795),
(-0.126922996520996,1.38777878078145E-17,0.0190053997039795),(-0.126828002929687,
-0.004,-0.019386100769043),(-0.126828002929687,-0.004,0.019386100769043),
(-0.126828002929687,1.38777878078145E-17,-0.019386100769043),(-0.126828002929687,
1.38777878078145E-17,0.019386100769043),(-0.126695999145508,-0.004,-0.0197556991577148),
(-0.126695999145508,-0.004,0.0197556991577148),(-0.126695999145508,1.38777878078145E-17,
-0.0197556991577148),(-0.126695999145508,1.38777878078145E-17,0.0197556991577148),
(-0.12652799987793,-0.004,-0.0201105995178223),(-0.12652799987793,-0.004,
0.0201105995178223),(-0.12652799987793,1.38777878078145E-17,-0.0201105995178223),
(-0.12652799987793,1.38777878078145E-17,0.0201105995178223),(-0.126325996398926,
-0.004,-0.0204472999572754),(-0.126325996398926,-0.004,0.0204472999572754),
(-0.126325996398926,1.38777878078145E-17,-0.0204472999572754),(-0.126325996398926,
1.38777878078145E-17,0.0204472999572754),(-0.126092002868652,-0.004,-0.0207625999450683),
(-0.126092002868652,-0.004,0.0207625999450683),(-0.126092002868652,1.38777878078145E-17,
-0.0207625999450683),(-0.126092002868652,1.38777878078145E-17,0.0207625999450683),
(-0.125828002929687,-0.004,-0.0210534000396728),(-0.125828002929687,-0.004,
0.0210534000396728),(-0.125828002929687,1.38777878078145E-17,-0.0210534000396728),
(-0.125828002929687,1.38777878078145E-17,0.0210534000396728),(-0.12553800201416,
-0.004,-0.0213169994354248),(-0.12553800201416,-0.004,0.0213169994354248),
(-0.12553800201416,1.38777878078145E-17,-0.0213169994354248),(-0.12553800201416,
1.38777878078145E-17,0.0213169994354248),(-0.12522200012207,-0.004,-0.0215508995056153),
(-0.12522200012207,-0.004,0.0215508995056153),(-0.12522200012207,1.38777878078145E-17,
-0.0215508995056153),(-0.12522200012207,1.38777878078145E-17,0.0215508995056153),
(-0.124886001586914,-0.004,-0.021752700805664),(-0.124886001586914,-0.004,
0.021752700805664),(-0.124886001586914,1.38777878078145E-17,-0.021752700805664),
(-0.124886001586914,1.38777878078145E-17,0.021752700805664),(-0.12453099822998,
-0.004,-0.0219204998016358),(-0.12453099822998,-0.004,0.0219204998016358),
(-0.12453099822998,1.38777878078145E-17,-0.0219204998016358),(-0.12453099822998,
1.38777878078145E-17,0.0219204998016358),(-0.124161003112793,-0.004,-0.0220527992248535),
(-0.124161003112793,-0.004,0.0220527992248535),(-0.124161003112793,1.38777878078145E-17,
-0.0220527992248535),(-0.124161003112793,1.38777878078145E-17,0.0220527992248535),
(-0.123779998779297,-0.004,-0.022148099899292),(-0.123779998779297,-0.004,
0.022148099899292),(-0.123779998779297,1.38777878078145E-17,-0.022148099899292),
(-0.123779998779297,1.38777878078145E-17,0.022148099899292),(-0.123391998291016,
-0.004,-0.0222056999206543),(-0.123391998291016,-0.004,0.0222056999206543),
(-0.123391998291016,1.38777878078145E-17,-0.0222056999206543),(-0.123391998291016,
1.38777878078145E-17,0.0222056999206543),(-0.123263000488281,-0.004,-0.015875),
(-0.123263000488281,-0.004,0.),(-0.123263000488281,-0.004,0.015875),(-0.123263000488281,
1.38777878078145E-17,-0.015875),(-0.123263000488281,1.38777878078145E-17,
0.),(-0.123263000488281,1.38777878078145E-17,0.015875),(-0.123246002197266,
-0.004,-0.0162180995941162),(-0.123246002197266,-0.004,-0.0155319004058838),
(-0.123246002197266,-0.004,-0.000343059986829758),(-0.123246002197266,-0.004,
0.000343059986829758),(-0.123246002197266,-0.004,0.0155319004058838),(-0.123246002197266,
-0.004,0.0162180995941162),(-0.123246002197266,1.38777878078145E-17,-0.0162180995941162),
(-0.123246002197266,1.38777878078145E-17,-0.0155319004058838),(-0.123246002197266,
1.38777878078145E-17,-0.000343059986829758),(-0.123246002197266,1.38777878078145E-17,
0.000343059986829758),(-0.123246002197266,1.38777878078145E-17,0.0155319004058838),
(-0.123246002197266,1.38777878078145E-17,0.0162180995941162),(-0.123194999694824,
-0.004,-0.0165578002929688),(-0.123194999694824,-0.004,-0.0151921997070313),
(-0.123194999694824,-0.004,-0.000682816028594971),(-0.123194999694824,-0.004,
0.000682816028594971),(-0.123194999694824,-0.004,0.0151921997070313),(-0.123194999694824,
-0.004,0.0165578002929688),(-0.123194999694824,1.38777878078145E-17,-0.0165578002929688),
(-0.123194999694824,1.38777878078145E-17,-0.0151921997070313),(-0.123194999694824,
1.38777878078145E-17,-0.000682816028594971),(-0.123194999694824,1.38777878078145E-17,
0.000682816028594971),(-0.123194999694824,1.38777878078145E-17,0.0151921997070313),
(-0.123194999694824,1.38777878078145E-17,0.0165578002929688),(-0.123111999511719,
-0.004,-0.0168910007476806),(-0.123111999511719,-0.004,-0.0148590002059936),
(-0.123111999511719,-0.004,-0.00101600003242493),(-0.123111999511719,-0.004,
0.00101600003242493),(-0.123111999511719,-0.004,0.0148590002059936),(-0.123111999511719,
-0.004,0.0168910007476806),(-0.123111999511719,1.38777878078145E-17,-0.0168910007476806),
(-0.123111999511719,1.38777878078145E-17,-0.0148590002059936),(-0.123111999511719,
1.38777878078145E-17,-0.00101600003242493),(-0.123111999511719,1.38777878078145E-17,
0.00101600003242493),(-0.123111999511719,1.38777878078145E-17,0.0148590002059936),
(-0.123111999511719,1.38777878078145E-17,0.0168910007476806),(-0.123,-0.004,
-0.0222250003814697),(-0.123,-0.004,0.0222250003814697),(-0.123,1.38777878078145E-17,
-0.0222250003814697),(-0.123,1.38777878078145E-17,0.0222250003814697),(-0.122996002197266,
-0.004,-0.0172143993377686),(-0.122996002197266,-0.004,-0.0145355997085571),
(-0.122996002197266,-0.004,-0.00133939003944397),(-0.122996002197266,-0.004,
0.00133939003944397),(-0.122996002197266,-0.004,0.0145355997085571),(-0.122996002197266,
-0.004,0.0172143993377686),(-0.122996002197266,1.38777878078145E-17,-0.0172143993377686),
(-0.122996002197266,1.38777878078145E-17,-0.0145355997085571),(-0.122996002197266,
1.38777878078145E-17,-0.00133939003944397),(-0.122996002197266,1.38777878078145E-17,
0.00133939003944397),(-0.122996002197266,1.38777878078145E-17,0.0145355997085571),
(-0.122996002197266,1.38777878078145E-17,0.0172143993377686),(-0.122848999023437,
-0.004,-0.0175249004364014),(-0.122848999023437,-0.004,-0.0142250995635986),
(-0.122848999023437,-0.004,-0.00164988994598389),(-0.122848999023437,-0.004,
0.00164988994598389),(-0.122848999023437,-0.004,0.0142250995635986),(-0.122848999023437,
-0.004,0.0175249004364014),(-0.122848999023437,1.38777878078145E-17,-0.0175249004364014),
(-0.122848999023437,1.38777878078145E-17,-0.0142250995635986),(-0.122848999023437,
1.38777878078145E-17,-0.00164988994598389),(-0.122848999023437,1.38777878078145E-17,
0.00164988994598389),(-0.122848999023437,1.38777878078145E-17,0.0142250995635986),
(-0.122848999023437,1.38777878078145E-17,0.0175249004364014),(-0.122672996520996,
-0.004,-0.0178194999694824),(-0.122672996520996,-0.004,-0.0139305000305176),
(-0.122672996520996,-0.004,-0.00194449996948242),(-0.122672996520996,-0.004,
0.00194449996948242),(-0.122672996520996,-0.004,0.0139305000305176),(-0.122672996520996,
-0.004,0.0178194999694824),(-0.122672996520996,1.38777878078145E-17,-0.0178194999694824),
(-0.122672996520996,1.38777878078145E-17,-0.0139305000305176),(-0.122672996520996,
1.38777878078145E-17,-0.00194449996948242),(-0.122672996520996,1.38777878078145E-17,
0.00194449996948242),(-0.122672996520996,1.38777878078145E-17,0.0139305000305176),
(-0.122672996520996,1.38777878078145E-17,0.0178194999694824),(-0.122468002319336,
-0.004,-0.0180953998565674),(-0.122468002319336,-0.004,-0.0136546001434326),
(-0.122468002319336,-0.004,-0.00222038006782532),(-0.122468002319336,-0.004,
0.00222038006782532),(-0.122468002319336,-0.004,0.0136546001434326),(-0.122468002319336,
-0.004,0.0180953998565674),(-0.122468002319336,1.38777878078145E-17,-0.0180953998565674),
(-0.122468002319336,1.38777878078145E-17,-0.0136546001434326),(-0.122468002319336,
1.38777878078145E-17,-0.00222038006782532),(-0.122468002319336,1.38777878078145E-17,
0.00222038006782532),(-0.122468002319336,1.38777878078145E-17,0.0136546001434326),
(-0.122468002319336,1.38777878078145E-17,0.0180953998565674),(-0.122236999511719,
-0.004,-0.0183498992919922),(-0.122236999511719,-0.004,-0.0134000997543335),
(-0.122236999511719,-0.004,-0.00247486996650696),(-0.122236999511719,-0.004,
0.00247486996650696),(-0.122236999511719,-0.004,0.0134000997543335),(-0.122236999511719,
-0.004,0.0183498992919922),(-0.122236999511719,1.38777878078145E-17,-0.0183498992919922),
(-0.122236999511719,1.38777878078145E-17,-0.0134000997543335),(-0.122236999511719,
1.38777878078145E-17,-0.00247486996650696),(-0.122236999511719,1.38777878078145E-17,
0.00247486996650696),(-0.122236999511719,1.38777878078145E-17,0.0134000997543335),
(-0.122236999511719,1.38777878078145E-17,0.0183498992919922),(-0.121983001708984,
-0.004,-0.0185804996490479),(-0.121983001708984,-0.004,-0.0131695003509521),
(-0.121983001708984,-0.004,-0.00270553994178772),(-0.121983001708984,-0.004,
0.00270553994178772),(-0.121983001708984,-0.004,0.0131695003509521),(-0.121983001708984,
-0.004,0.0185804996490479),(-0.121983001708984,1.38777878078145E-17,-0.0185804996490479),
(-0.121983001708984,1.38777878078145E-17,-0.0131695003509521),(-0.121983001708984,
1.38777878078145E-17,-0.00270553994178772),(-0.121983001708984,1.38777878078145E-17,
0.00270553994178772),(-0.121983001708984,1.38777878078145E-17,0.0131695003509521),
(-0.121983001708984,1.38777878078145E-17,0.0185804996490479),(-0.121707000732422,
-0.004,-0.0187851009368896),(-0.121707000732422,-0.004,-0.0129649000167847),
(-0.121707000732422,-0.004,-0.00291014003753662),(-0.121707000732422,-0.004,
0.00291014003753662),(-0.121707000732422,-0.004,0.0129649000167847),(-0.121707000732422,
-0.004,0.0187851009368896),(-0.121707000732422,1.38777878078145E-17,-0.0187851009368896),
(-0.121707000732422,1.38777878078145E-17,-0.0129649000167847),(-0.121707000732422,
1.38777878078145E-17,-0.00291014003753662),(-0.121707000732422,1.38777878078145E-17,
0.00291014003753662),(-0.121707000732422,1.38777878078145E-17,0.0129649000167847),
(-0.121707000732422,1.38777878078145E-17,0.0187851009368896),(-0.121412002563477,
-0.004,-0.0189617004394531),(-0.121412002563477,-0.004,-0.0127882995605469),
(-0.121412002563477,-0.004,-0.00308671998977661),(-0.121412002563477,-0.004,
0.00308671998977661),(-0.121412002563477,-0.004,0.0127882995605469),(-0.121412002563477,
-0.004,0.0189617004394531),(-0.121412002563477,1.38777878078145E-17,-0.0189617004394531),
(-0.121412002563477,1.38777878078145E-17,-0.0127882995605469),(-0.121412002563477,
1.38777878078145E-17,-0.00308671998977661),(-0.121412002563477,1.38777878078145E-17,
0.00308671998977661),(-0.121412002563477,1.38777878078145E-17,0.0127882995605469),
(-0.121412002563477,1.38777878078145E-17,0.0189617004394531),(-0.121101997375488,
-0.004,-0.0191086006164551),(-0.121101997375488,-0.004,-0.0126414003372192),
(-0.121101997375488,-0.004,-0.00323358011245728),(-0.121101997375488,-0.004,
0.00323358011245728),(-0.121101997375488,-0.004,0.0126414003372192),(-0.121101997375488,
-0.004,0.0191086006164551),(-0.121101997375488,1.38777878078145E-17,-0.0191086006164551),
(-0.121101997375488,1.38777878078145E-17,-0.0126414003372192),(-0.121101997375488,
1.38777878078145E-17,-0.00323358011245728),(-0.121101997375488,1.38777878078145E-17,
0.00323358011245728),(-0.121101997375488,1.38777878078145E-17,0.0126414003372192),
(-0.121101997375488,1.38777878078145E-17,0.0191086006164551),(-0.12077799987793,
-0.004,-0.0192243003845215),(-0.12077799987793,-0.004,-0.0125256996154785),
(-0.12077799987793,-0.004,-0.003349289894104),(-0.12077799987793,-0.004,
0.003349289894104),(-0.12077799987793,-0.004,0.0125256996154785),(-0.12077799987793,
-0.004,0.0192243003845215),(-0.12077799987793,1.38777878078145E-17,-0.0192243003845215),
(-0.12077799987793,1.38777878078145E-17,-0.0125256996154785),(-0.12077799987793,
1.38777878078145E-17,-0.003349289894104),(-0.12077799987793,1.38777878078145E-17,
0.003349289894104),(-0.12077799987793,1.38777878078145E-17,0.0125256996154785),
(-0.12077799987793,1.38777878078145E-17,0.0192243003845215),(-0.120444999694824,
-0.004,-0.0193076992034912),(-0.120444999694824,-0.004,-0.0124422998428345),
(-0.120444999694824,-0.004,-0.00343274998664856),(-0.120444999694824,-0.004,
0.00343274998664856),(-0.120444999694824,-0.004,0.0124422998428345),(-0.120444999694824,
-0.004,0.0193076992034912),(-0.120444999694824,1.38777878078145E-17,-0.0193076992034912),
(-0.120444999694824,1.38777878078145E-17,-0.0124422998428345),(-0.120444999694824,
1.38777878078145E-17,-0.00343274998664856),(-0.120444999694824,1.38777878078145E-17,
0.00343274998664856),(-0.120444999694824,1.38777878078145E-17,0.0124422998428345),
(-0.120444999694824,1.38777878078145E-17,0.0193076992034912),(-0.120106002807617,
-0.004,-0.0193581008911133),(-0.120106002807617,-0.004,-0.012391900062561),
(-0.120106002807617,-0.004,-0.00348315000534058),(-0.120106002807617,-0.004,
0.00348315000534058),(-0.120106002807617,-0.004,0.012391900062561),(-0.120106002807617,
-0.004,0.0193581008911133),(-0.120106002807617,1.38777878078145E-17,-0.0193581008911133),
(-0.120106002807617,1.38777878078145E-17,-0.012391900062561),(-0.120106002807617,
1.38777878078145E-17,-0.00348315000534058),(-0.120106002807617,1.38777878078145E-17,
0.00348315000534058),(-0.120106002807617,1.38777878078145E-17,0.012391900062561),
(-0.120106002807617,1.38777878078145E-17,0.0193581008911133),(-0.119763000488281,
-0.004,-0.019375),(-0.119763000488281,-0.004,-0.012375),(-0.119763000488281,
-0.004,-0.0035),(-0.119763000488281,-0.004,0.0035),(-0.119763000488281,
-0.004,0.012375),(-0.119763000488281,-0.004,0.019375),(-0.119763000488281,
1.38777878078145E-17,-0.019375),(-0.119763000488281,1.38777878078145E-17,
-0.012375),(-0.119763000488281,1.38777878078145E-17,-0.0035),(-0.119763000488281,
1.38777878078145E-17,0.0035),(-0.119763000488281,1.38777878078145E-17,0.012375),
(-0.119763000488281,1.38777878078145E-17,0.019375),(-0.116763000488281,
-0.004,-0.019375),(-0.116763000488281,-0.004,-0.012375),(-0.116763000488281,
-0.004,-0.0035),(-0.116763000488281,-0.004,0.0035),(-0.116763000488281,
-0.004,0.012375),(-0.116763000488281,-0.004,0.019375),(-0.116763000488281,
1.38777878078145E-17,-0.019375),(-0.116763000488281,1.38777878078145E-17,
-0.012375),(-0.116763000488281,1.38777878078145E-17,-0.0035),(-0.116763000488281,
1.38777878078145E-17,0.0035),(-0.116763000488281,1.38777878078145E-17,0.012375),
(-0.116763000488281,1.38777878078145E-17,0.019375),(-0.116418998718262,
-0.004,-0.0193581008911133),(-0.116418998718262,-0.004,-0.012391900062561),
(-0.116418998718262,-0.004,-0.00348315000534058),(-0.116418998718262,-0.004,
0.00348315000534058),(-0.116418998718262,-0.004,0.012391900062561),(-0.116418998718262,
-0.004,0.0193581008911133),(-0.116418998718262,1.38777878078145E-17,-0.0193581008911133),
(-0.116418998718262,1.38777878078145E-17,-0.012391900062561),(-0.116418998718262,
1.38777878078145E-17,-0.00348315000534058),(-0.116418998718262,1.38777878078145E-17,
0.00348315000534058),(-0.116418998718262,1.38777878078145E-17,0.012391900062561),
(-0.116418998718262,1.38777878078145E-17,0.0193581008911133),(-0.116080001831055,
-0.004,-0.0193076992034912),(-0.116080001831055,-0.004,-0.0124422998428345),
(-0.116080001831055,-0.004,-0.00343274998664856),(-0.116080001831055,-0.004,
0.00343274998664856),(-0.116080001831055,-0.004,0.0124422998428345),(-0.116080001831055,
-0.004,0.0193076992034912),(-0.116080001831055,1.38777878078145E-17,-0.0193076992034912),
(-0.116080001831055,1.38777878078145E-17,-0.0124422998428345),(-0.116080001831055,
1.38777878078145E-17,-0.00343274998664856),(-0.116080001831055,1.38777878078145E-17,
0.00343274998664856),(-0.116080001831055,1.38777878078145E-17,0.0124422998428345),
(-0.116080001831055,1.38777878078145E-17,0.0193076992034912),(-0.115747001647949,
-0.004,-0.0192243003845215),(-0.115747001647949,-0.004,-0.0125256996154785),
(-0.115747001647949,-0.004,-0.003349289894104),(-0.115747001647949,-0.004,
0.003349289894104),(-0.115747001647949,-0.004,0.0125256996154785),(-0.115747001647949,
-0.004,0.0192243003845215),(-0.115747001647949,1.38777878078145E-17,-0.0192243003845215),
(-0.115747001647949,1.38777878078145E-17,-0.0125256996154785),(-0.115747001647949,
1.38777878078145E-17,-0.003349289894104),(-0.115747001647949,1.38777878078145E-17,
0.003349289894104),(-0.115747001647949,1.38777878078145E-17,0.0125256996154785),
(-0.115747001647949,1.38777878078145E-17,0.0192243003845215),(-0.115422996520996,
-0.004,-0.0191086006164551),(-0.115422996520996,-0.004,-0.0126414003372192),
(-0.115422996520996,-0.004,-0.00323358011245728),(-0.115422996520996,-0.004,
0.00323358011245728),(-0.115422996520996,-0.004,0.0126414003372192),(-0.115422996520996,
-0.004,0.0191086006164551),(-0.115422996520996,1.38777878078145E-17,-0.0191086006164551),
(-0.115422996520996,1.38777878078145E-17,-0.0126414003372192),(-0.115422996520996,
1.38777878078145E-17,-0.00323358011245728),(-0.115422996520996,1.38777878078145E-17,
0.00323358011245728),(-0.115422996520996,1.38777878078145E-17,0.0126414003372192),
(-0.115422996520996,1.38777878078145E-17,0.0191086006164551),(-0.115112998962402,
-0.004,-0.0189617004394531),(-0.115112998962402,-0.004,-0.0127882995605469),
(-0.115112998962402,-0.004,-0.00308671998977661),(-0.115112998962402,-0.004,
0.00308671998977661),(-0.115112998962402,-0.004,0.0127882995605469),(-0.115112998962402,
-0.004,0.0189617004394531),(-0.115112998962402,1.38777878078145E-17,-0.0189617004394531),
(-0.115112998962402,1.38777878078145E-17,-0.0127882995605469),(-0.115112998962402,
1.38777878078145E-17,-0.00308671998977661),(-0.115112998962402,1.38777878078145E-17,
0.00308671998977661),(-0.115112998962402,1.38777878078145E-17,0.0127882995605469),
(-0.115112998962402,1.38777878078145E-17,0.0189617004394531),(-0.114818000793457,
-0.004,-0.0187851009368896),(-0.114818000793457,-0.004,-0.0129649000167847),
(-0.114818000793457,-0.004,-0.00291014003753662),(-0.114818000793457,-0.004,
0.00291014003753662),(-0.114818000793457,-0.004,0.0129649000167847),(-0.114818000793457,
-0.004,0.0187851009368896),(-0.114818000793457,1.38777878078145E-17,-0.0187851009368896),
(-0.114818000793457,1.38777878078145E-17,-0.0129649000167847),(-0.114818000793457,
1.38777878078145E-17,-0.00291014003753662),(-0.114818000793457,1.38777878078145E-17,
0.00291014003753662),(-0.114818000793457,1.38777878078145E-17,0.0129649000167847),
(-0.114818000793457,1.38777878078145E-17,0.0187851009368896),(-0.114541999816894,
-0.004,-0.0185804996490479),(-0.114541999816894,-0.004,-0.0131695003509521),
(-0.114541999816894,-0.004,-0.00270553994178772),(-0.114541999816894,-0.004,
0.00270553994178772),(-0.114541999816894,-0.004,0.0131695003509521),(-0.114541999816894,
-0.004,0.0185804996490479),(-0.114541999816894,1.38777878078145E-17,-0.0185804996490479),
(-0.114541999816894,1.38777878078145E-17,-0.0131695003509521),(-0.114541999816894,
1.38777878078145E-17,-0.00270553994178772),(-0.114541999816894,1.38777878078145E-17,
0.00270553994178772),(-0.114541999816894,1.38777878078145E-17,0.0131695003509521),
(-0.114541999816894,1.38777878078145E-17,0.0185804996490479),(-0.11428800201416,
-0.004,-0.0183498992919922),(-0.11428800201416,-0.004,-0.0134000997543335),
(-0.11428800201416,-0.004,-0.00247486996650696),(-0.11428800201416,-0.004,
0.00247486996650696),(-0.11428800201416,-0.004,0.0134000997543335),(-0.11428800201416,
-0.004,0.0183498992919922),(-0.11428800201416,1.38777878078145E-17,-0.0183498992919922),
(-0.11428800201416,1.38777878078145E-17,-0.0134000997543335),(-0.11428800201416,
1.38777878078145E-17,-0.00247486996650696),(-0.11428800201416,1.38777878078145E-17,
0.00247486996650696),(-0.11428800201416,1.38777878078145E-17,0.0134000997543335),
(-0.11428800201416,1.38777878078145E-17,0.0183498992919922),(-0.114056999206543,
-0.004,-0.0180953998565674),(-0.114056999206543,-0.004,-0.0136546001434326),
(-0.114056999206543,-0.004,-0.00222038006782532),(-0.114056999206543,-0.004,
0.00222038006782532),(-0.114056999206543,-0.004,0.0136546001434326),(-0.114056999206543,
-0.004,0.0180953998565674),(-0.114056999206543,1.38777878078145E-17,-0.0180953998565674),
(-0.114056999206543,1.38777878078145E-17,-0.0136546001434326),(-0.114056999206543,
1.38777878078145E-17,-0.00222038006782532),(-0.114056999206543,1.38777878078145E-17,
0.00222038006782532),(-0.114056999206543,1.38777878078145E-17,0.0136546001434326),
(-0.114056999206543,1.38777878078145E-17,0.0180953998565674),(-0.113851997375488,
-0.004,-0.0178194999694824),(-0.113851997375488,-0.004,-0.0139305000305176),
(-0.113851997375488,-0.004,-0.00194449996948242),(-0.113851997375488,-0.004,
0.00194449996948242),(-0.113851997375488,-0.004,0.0139305000305176),(-0.113851997375488,
-0.004,0.0178194999694824),(-0.113851997375488,1.38777878078145E-17,-0.0178194999694824),
(-0.113851997375488,1.38777878078145E-17,-0.0139305000305176),(-0.113851997375488,
1.38777878078145E-17,-0.00194449996948242),(-0.113851997375488,1.38777878078145E-17,
0.00194449996948242),(-0.113851997375488,1.38777878078145E-17,0.0139305000305176),
(-0.113851997375488,1.38777878078145E-17,0.0178194999694824),(-0.113676002502441,
-0.004,-0.0175249004364014),(-0.113676002502441,-0.004,-0.0142250995635986),
(-0.113676002502441,-0.004,-0.00164988994598389),(-0.113676002502441,-0.004,
0.00164988994598389),(-0.113676002502441,-0.004,0.0142250995635986),(-0.113676002502441,
-0.004,0.0175249004364014),(-0.113676002502441,1.38777878078145E-17,-0.0175249004364014),
(-0.113676002502441,1.38777878078145E-17,-0.0142250995635986),(-0.113676002502441,
1.38777878078145E-17,-0.00164988994598389),(-0.113676002502441,1.38777878078145E-17,
0.00164988994598389),(-0.113676002502441,1.38777878078145E-17,0.0142250995635986),
(-0.113676002502441,1.38777878078145E-17,0.0175249004364014),(-0.113528999328613,
-0.004,-0.0172143993377686),(-0.113528999328613,-0.004,-0.0145355997085571),
(-0.113528999328613,-0.004,-0.00133939003944397),(-0.113528999328613,-0.004,
0.00133939003944397),(-0.113528999328613,-0.004,0.0145355997085571),(-0.113528999328613,
-0.004,0.0172143993377686),(-0.113528999328613,1.38777878078145E-17,-0.0172143993377686),
(-0.113528999328613,1.38777878078145E-17,-0.0145355997085571),(-0.113528999328613,
1.38777878078145E-17,-0.00133939003944397),(-0.113528999328613,1.38777878078145E-17,
0.00133939003944397),(-0.113528999328613,1.38777878078145E-17,0.0145355997085571),
(-0.113528999328613,1.38777878078145E-17,0.0172143993377686),(-0.11341300201416,
-0.004,-0.0168910007476806),(-0.11341300201416,-0.004,-0.0148590002059936),
(-0.11341300201416,-0.004,-0.00101600003242493),(-0.11341300201416,-0.004,
0.00101600003242493),(-0.11341300201416,-0.004,0.0148590002059936),(-0.11341300201416,
-0.004,0.0168910007476806),(-0.11341300201416,1.38777878078145E-17,-0.0168910007476806),
(-0.11341300201416,1.38777878078145E-17,-0.0148590002059936),(-0.11341300201416,
1.38777878078145E-17,-0.00101600003242493),(-0.11341300201416,1.38777878078145E-17,
0.00101600003242493),(-0.11341300201416,1.38777878078145E-17,0.0148590002059936),
(-0.11341300201416,1.38777878078145E-17,0.0168910007476806),(-0.113330001831055,
-0.004,-0.0165578002929688),(-0.113330001831055,-0.004,-0.0151921997070313),
(-0.113330001831055,-0.004,-0.000682816028594971),(-0.113330001831055,-0.004,
0.000682816028594971),(-0.113330001831055,-0.004,0.0151921997070313),(-0.113330001831055,
-0.004,0.0165578002929688),(-0.113330001831055,1.38777878078145E-17,-0.0165578002929688),
(-0.113330001831055,1.38777878078145E-17,-0.0151921997070313),(-0.113330001831055,
1.38777878078145E-17,-0.000682816028594971),(-0.113330001831055,1.38777878078145E-17,
0.000682816028594971),(-0.113330001831055,1.38777878078145E-17,0.0151921997070313),
(-0.113330001831055,1.38777878078145E-17,0.0165578002929688),(-0.113278999328613,
-0.004,-0.0162180995941162),(-0.113278999328613,-0.004,-0.0155319004058838),
(-0.113278999328613,-0.004,-0.000343059986829758),(-0.113278999328613,-0.004,
0.000343059986829758),(-0.113278999328613,-0.004,0.0155319004058838),(-0.113278999328613,
-0.004,0.0162180995941162),(-0.113278999328613,1.38777878078145E-17,-0.0162180995941162),
(-0.113278999328613,1.38777878078145E-17,-0.0155319004058838),(-0.113278999328613,
1.38777878078145E-17,-0.000343059986829758),(-0.113278999328613,1.38777878078145E-17,
0.000343059986829758),(-0.113278999328613,1.38777878078145E-17,0.0155319004058838),
(-0.113278999328613,1.38777878078145E-17,0.0162180995941162),(-0.113263000488281,
-0.004,-0.015875),(-0.113263000488281,-0.004,0.),(-0.113263000488281,-0.004,
0.015875),(-0.113263000488281,1.38777878078145E-17,-0.015875),(-0.113263000488281,
1.38777878078145E-17,0.),(-0.113263000488281,1.38777878078145E-17,0.015875),
(-0.106,-0.121372146056439,-0.0202250003814698),(-0.106,-0.12134852181917,
-0.0192859552561911),(-0.106,-0.121329738338676,-0.0185393264616684),(-0.106,
-0.121255488821572,-0.015587965691956),(-0.106,-0.120992466807366,-0.00513304444029932),
(-0.106,-0.117865458281115,-0.00401624133615067),(-0.106,-0.11478635950313,
-0.00291654907616246),(-0.106,-0.114428001403809,-0.0115),(-0.106,-0.114428001403809,
-0.0035),(-0.106,-0.111197419471083,-0.00163476831517433),(-0.106,-0.1075,
-0.0155),(-0.106,-0.10662869798068,-3.06111014409627E-6),(-0.106,-0.105785059338274,
0.000298242275091098),(-0.106,-0.102447253910637,0.00149033095388338),(-0.106,
-0.100571998596191,-0.0115),(-0.106,-0.100571998596191,-0.0035),(-0.106,
-0.099,-0.0005),(-0.106,-0.0974281997680664,-0.0115),(-0.106,-0.0974281997680664,
-0.0035),(-0.106,-0.0920718002319336,0.0035),(-0.106,-0.0920718002319336,
0.00519589772098847),(-0.106,-0.0905,-0.0155),(-0.106,-0.0905,0.0005),(-0.106,
-0.0898994700962864,0.00597173987759294),(-0.106,-0.0889281997680664,0.0035),
(-0.106,-0.0889281997680664,0.00631862659325675),(-0.106,-0.0835718002319336,
-0.0115),(-0.106,-0.0835718002319336,-0.0035),(-0.106,-0.082,-0.0005),(-0.106,
-0.0804281997680664,-0.0115),(-0.106,-0.0804281997680664,-0.0035),(-0.106,
-0.0750718002319336,0.0035),(-0.106,-0.0750718002319336,0.0112674042778621),
(-0.106,-0.0749916500893344,0.0112960296964695),(-0.106,-0.0744205405751574,
0.0115),(-0.106,-0.0735,-0.0155),(-0.106,-0.0735,0.0005),(-0.106,-0.0731082845850675,
0.0119686688734193),(-0.106,-0.0719281997680664,0.0035),(-0.106,-0.0719281997680664,
0.0115),(-0.106,-0.0678858720404756,0.0138338401679598),(-0.106,-0.0665718002319336,
-0.0115),(-0.106,-0.0665718002319336,-0.0035),(-0.106,-0.065,-0.0005),(-0.106,
-0.0643199792765196,0.0151073896560462),(-0.106,-0.0641575216043151,0.0151654109985169),
(-0.106,-0.0634281997680664,-0.0115),(-0.106,-0.0634281997680664,-0.0035),
(-0.106,-0.0632206844335189,0.0155),(-0.106,-0.0610837063407589,0.0162632162648287),
(-0.106,-0.0580718002319336,0.0035),(-0.106,-0.0580718002319336,0.0115),
(-0.106,-0.0565,-0.0155),(-0.106,-0.0565,0.0005),(-0.106,-0.0549281997680664,
0.0035),(-0.106,-0.0549281997680664,0.0115),(-0.106,-0.0499908532981069,
0.0202250003814698),(-0.106,-0.0495718002319336,-0.0115),(-0.106,-0.0495718002319336,
-0.0035),(-0.106,-0.048,-0.0005),(-0.106,-0.048,0.0155),(-0.106,-0.0464281997680664,
-0.0115),(-0.106,-0.0464281997680664,-0.0035),(-0.106,-0.0410718002319336,
0.0035),(-0.106,-0.0410718002319336,0.0115),(-0.106,-0.0395,-0.0155),(-0.106,
-0.0395,0.0005),(-0.106,-0.0379281997680664,0.0035),(-0.106,-0.0379281997680664,
0.0115),(-0.106,-0.0325718002319336,-0.0115),(-0.106,-0.0325718002319336,
-0.0035),(-0.106,-0.031,-0.0005),(-0.106,-0.031,0.0155),(-0.106,-0.0294281997680664,
-0.0115),(-0.106,-0.0294281997680664,-0.0035),(-0.106,-0.0240718002319336,
0.0035),(-0.106,-0.0240718002319336,0.0115),(-0.106,-0.0225,-0.0155),(-0.106,
-0.0225,0.0005),(-0.106,-0.0155718002319336,-0.0115),(-0.106,-0.0155718002319336,
-0.0035),(-0.106,-0.004,-0.0202250003814698),(-0.106,-0.004,0.0202250003814698),
(-0.105999389665402,-0.121372446941577,-0.0202369603325239),(-0.105993650039623,
-0.0496424478954497,0.0203494324806864),(-0.105989997863769,-0.121377076948676,
-0.0204209995269776),(-0.105989997863769,-0.049442062739714,0.0204209995269776),
(-0.105989997863769,-0.004,-0.0204209995269776),(-0.105989997863769,-0.004,
0.0204209995269776),(-0.105979862973228,-0.0492452443126941,0.0204912927252225),
(-0.105963704485479,-0.121381664827767,-0.0206033641657679),(-0.10596199798584,
-0.121381962591483,-0.0206152000427246),(-0.10596199798584,-0.0488983082799643,
0.0206152000427246),(-0.10596199798584,-0.004,-0.0206152000427246),(-0.10596199798584,
-0.004,0.0206152000427246),(-0.105959072983587,-0.121382254504075,-0.0206268033420774),
(-0.105944831498195,-0.0487076352841953,0.0206832984159028),(-0.105914001464844,
-0.121386752601084,-0.0208055992126465),(-0.105914001464844,-0.0483651974518111,
0.0208055992126465),(-0.105914001464844,-0.004,-0.0208055992126465),(-0.105914001464844,
-0.004,0.0208055992126465),(-0.105871248091325,-0.048030022919334,0.0209253059403895),
(-0.105852017177214,-0.121391118775875,-0.0209791512772686),(-0.105847999572754,
-0.121391401776035,-0.0209904003143311),(-0.105847999572754,-0.0478477610133903,
0.0209904003143311),(-0.105847999572754,-0.004,-0.0209904003143311),(-0.105847999572754,
-0.004,0.0209904003143311),(-0.105842886799585,-0.121391673423416,-0.0210011980872583),
(-0.105837764430572,-0.0750718002319336,0.0112674042778621),(-0.105818650630356,
-0.0476742118303583,0.0210523829615499),(-0.105763999938965,-0.121395864770936,
-0.0211678009033203),(-0.105763999938965,-0.0473510457443599,0.0211678009033203),
(-0.105763999938965,-0.004,-0.0211678009033203),(-0.105763999938965,-0.004,
0.0211678009033203),(-0.105697779298011,-0.0470420772483018,0.0212781482121253),
(-0.105669142816175,-0.121399841350228,-0.0213258668487735),(-0.10566300201416,
-0.12140009878357,-0.0213360996246338),(-0.10566300201416,-0.0468798153774767,
0.0213360996246338),(-0.10566300201416,-0.004,-0.0213360996246338),(-0.10566300201416,
-0.004,0.0213360996246338),(-0.105623006281413,-0.0467288788036546,0.0213900062362593),
(-0.105553107906433,-0.121403825051829,-0.0214842159005018),(-0.105545997619629,
-0.121404066146066,-0.0214937992095947),(-0.105545997619629,-0.046438262211187,
0.0214937992095947),(-0.105545997619629,-0.004,-0.0214937992095947),(-0.105545997619629,
-0.004,0.0214937992095947),(-0.105537976781862,-0.121404288424425,-0.0215026346021245),
(-0.10545853008771,-0.0461684848876874,0.0215901494912727),(-0.105452308390462,
-0.0643199792765196,0.0151073896560462),(-0.105414001464844,-0.121407724104192,
-0.0216392002105713),(-0.105414001464844,-0.0460311446377401,0.0216392002105713),
(-0.105414001464844,-0.004,-0.0216392002105713),(-0.105414001464844,-0.004,
0.0216392002105713),(-0.10536538742249,-0.0459074223892541,0.0216833872954486),
(-0.105298229521066,-0.10662869798068,-3.06111014409627E-6),(-0.105277800879034,
-0.121410838572564,-0.0217629979149811),(-0.105268997192383,-0.1214110398845,
-0.0217709999084473),(-0.105268997192383,-0.0456621102238096,0.0217709999084473),
(-0.105268997192383,-0.004,-0.0217709999084473),(-0.105268997192383,-0.004,
0.0217709999084473),(-0.105259405146633,-0.1214112184288,-0.021778096906032),
(-0.105216474771916,-0.0455533022805642,0.0218098603873211),(-0.105111000061035,
-0.121413980809512,-0.0218878993988037),(-0.105111000061035,-0.0453347958550538,
0.0218878993988037),(-0.105111000061035,-0.004,-0.0218878993988037),(-0.105111000061035,
-0.004,0.0218878993988037),(-0.105100804702734,-0.121414134859051,-0.0218940227485935),
(-0.104998299797894,-0.0451452719663407,0.0219555873713334),(-0.104943000793457,
-0.121416519240129,-0.0219888000488281),(-0.104943000793457,-0.0450522776638359,
0.0219888000488281),(-0.104943000793457,-0.004,-0.0219888000488281),(-0.104943000793457,
-0.004,0.0219888000488281),(-0.104823232942767,-0.0448940265868751,0.0220453190165576),
(-0.104775795524658,-0.121418504307528,-0.0220677049397233),(-0.104764999389648,
-0.121418632479659,-0.0220727996826172),(-0.104764999389648,-0.044817081710239,
0.0220727996826172),(-0.104764999389648,-0.004,-0.0220727996826172),(-0.104764999389648,
-0.004,0.0220727996826172),(-0.104705006091986,-0.0447567354518778,0.0220943521945773),
(-0.104592158640563,-0.121420194593331,-0.022134892490598),(-0.104581001281738,
-0.121420295432183,-0.0221389007568359),(-0.104581001281738,-0.0446320010797246,
0.0221389007568359),(-0.104581001281738,-0.004,-0.0221389007568359),(-0.104581001281738,
-0.004,0.0221389007568359),(-0.104569419489612,-0.121420368196503,-0.0221417930821555),
(-0.104518981233958,-0.0445886344249145,0.0221543890467789),(-0.104389999389648,
-0.12142149542978,-0.0221865997314453),(-0.104389999389648,-0.0444984456662924,
0.0221865997314453),(-0.104389999389648,-0.004,-0.0221865997314453),(-0.104389999389648,
-0.004,0.0221865997314453),(-0.104327186245728,-0.0444723356142501,0.0221959248698086),
(-0.104207759943045,-0.121422176071357,-0.0222136547067059),(-0.104195999145508,
-0.121422219996467,-0.0222154006958008),(-0.104195999145508,-0.0444178040019119,
0.0222154006958008),(-0.104195999145508,-0.004,-0.0222154006958008),(-0.104195999145508,
-0.004,0.0222154006958008),(-0.10418411726122,-0.121422234637088,-0.0222159826491252),
(-0.104063346316017,-0.0443996123638928,0.022221897792831),(-0.104034007306071,
-0.0889281997680664,0.00631862659325675),(-0.104,-0.121422461502701,-0.0222250003814697),
(-0.104,-0.0443909252272877,0.0222250003814697),(-0.104,-0.004,-0.0222250003814697),
(-0.104,-0.004,0.0222250003814697),(-0.103398000945833,-0.111197419471083,
-0.00163476831517433),(-0.103223487408231,-0.102447253910637,0.00149033095388338),
(-0.102744291897349,-0.0678858720404756,0.0138338401679598),(-0.10263081609399,
-0.0443909252272876,0.0222250003814697),(-0.101694801569662,1.38777878078145E-17,
-0.0203842698180722),(-0.101694801569662,1.38777878078145E-17,-0.0192803893824771),
(-0.101694801569662,1.38777878078145E-17,-0.0183837631712299),(-0.101694801569662,
1.38777878078145E-17,-0.0183796576745778),(-0.101694801569662,1.38777878078145E-17,
-0.0183703862303468),(-0.101694801569662,1.38777878078145E-17,-0.0183557218001072),
(-0.101694801569662,1.38777878078145E-17,-0.0183354943405058),(-0.101694801569662,
1.38777878078145E-17,-0.0183096591244475),(-0.101694801569662,1.38777878078145E-17,
-0.0182782271190139),(-0.101694801569662,1.38777878078145E-17,-0.0182413343608415),
(-0.101694801569662,1.38777878078145E-17,-0.0181992162156261),(-0.101694801569662,
1.38777878078145E-17,-0.0181522603729196),(-0.101694801569662,1.38777878078145E-17,
-0.0181010016106206),(-0.101694801569662,1.38777878078145E-17,-0.0180460766423383),
(-0.101694801569662,1.38777878078145E-17,-0.0179882649421698),(-0.101694801569662,
1.38777878078145E-17,-0.0179284606501547),(-0.101694801569662,1.38777878078145E-17,
-0.017867605630268),(-0.101694801569662,1.38777878078145E-17,-0.0178067396521938),
(-0.101694801569662,1.38777878078145E-17,-0.0177468142355002),(-0.101694801569662,
1.38777878078145E-17,-0.0176889433815206),(-0.101694801569662,1.38777878078145E-17,
-0.0176339497608467),(-0.101694801569662,1.38777878078145E-17,-0.017582767177401),
(-0.101694801569662,1.38777878078145E-17,-0.0153004281870839),(-0.101694801569662,
1.38777878078145E-17,-0.0152201782012776),(-0.101694801569662,1.38777878078145E-17,
-0.015144093896239),(-0.101694801569662,1.38777878078145E-17,-0.0150731281534023),
(-0.101694801569662,1.38777878078145E-17,-0.0150090854765342),(-0.101694801569662,
1.38777878078145E-17,-0.0149523507027471),(-0.101694801569662,1.38777878078145E-17,
-0.0149045711077564),(-0.101694801569662,1.38777878078145E-17,-0.0148658631030995),
(-0.101694801569662,1.38777878078145E-17,-0.0148371221034558),(-0.101694801569662,
1.38777878078145E-17,-0.0125547831131386),(-0.101694801569662,1.38777878078145E-17,
-0.0124520915435304),(-0.101694801569662,1.38777878078145E-17,0.0176339497608467),
(-0.101694801569662,1.38777878078145E-17,0.0176889433815206),(-0.101694801569662,
1.38777878078145E-17,0.0177468142355002),(-0.101694801569662,1.38777878078145E-17,
0.0178067396521938),(-0.101694801569662,1.38777878078145E-17,0.017867605630268),
(-0.101694801569662,1.38777878078145E-17,0.0179284606501547),(-0.101694801569662,
1.38777878078145E-17,0.0179882649421698),(-0.101694801569662,1.38777878078145E-17,
0.0180460766423383),(-0.101694801569662,1.38777878078145E-17,0.0181010016106206),
(-0.101694801569662,1.38777878078145E-17,0.0181522603729196),(-0.101694801569662,
1.38777878078145E-17,0.0181992162156261),(-0.101694801569662,1.38777878078145E-17,
0.0182413343608415),(-0.101694801569662,1.38777878078145E-17,0.0182782271190139),
(-0.101694801569662,1.38777878078145E-17,0.0183096591244475),(-0.101694801569662,
1.38777878078145E-17,0.0183354943405058),(-0.101694801569662,1.38777878078145E-17,
0.0183557218001072),(-0.101694801569662,1.38777878078145E-17,0.0183703862303468),
(-0.101694801569662,1.38777878078145E-17,0.0183796576745778),(-0.101694801569662,
1.38777878078145E-17,0.0183837631712299),(-0.101694801569662,1.38777878078145E-17,
0.0186368024483312),(-0.101694801569662,1.38777878078145E-17,0.0199474021792412),
(-0.101602887217495,-0.0920718002319336,0.00519589772098847),(-0.100419998168945,
-0.121351894081641,-0.019420000076294),(-0.100419998168945,-0.12134345748916,
-0.0190846520625884),(-0.100419998168945,-0.121341476559117,-0.0190059116283966),
(-0.100419998168945,-0.121338279926156,-0.0188788479452307),(-0.100419998168945,
-0.121332253042933,-0.0186392840072886),(-0.100419998168945,-0.121316651355979,
-0.0180191290404449),(-0.100419998168945,-0.12124586852562,-0.0152055663825706),
(-0.100419998168945,-0.120992466807366,-0.00513304444029932),(-0.100419998168945,
-0.117942059068994,-0.00404359911178989),(-0.100419998168945,-0.11479661674845,
-0.00292021242511615),(-0.100419998168945,-0.114428001403809,-0.0115),(-0.100419998168945,
-0.114428001403809,-0.0035),(-0.100419998168945,-0.111197419471083,-0.00163476831517433),
(-0.100419998168945,-0.1075,-0.0155),(-0.100419998168945,-0.10662869798068,
-3.06111014409627E-6),(-0.100419998168945,-0.103973296587606,0.000945308711572212),
(-0.100419998168945,-0.102447253910637,0.00149033095388338),(-0.100419998168945,
-0.100571998596191,-0.0115),(-0.100419998168945,-0.100571998596191,-0.0035),
(-0.100419998168945,-0.099,-0.0005),(-0.100419998168945,-0.0974281997680664,
-0.0115),(-0.100419998168945,-0.0974281997680664,-0.0035),(-0.100419998168945,
-0.0920718002319336,0.0035),(-0.100419998168945,-0.0920718002319336,0.00519589772098847),
(-0.100419998168945,-0.0912966054252503,0.00547275656520212),(-0.100419998168945,
-0.0905,-0.0155),(-0.100419998168945,-0.0905,0.0005),(-0.100419998168945,
-0.0889281997680664,0.0035),(-0.100419998168945,-0.0889281997680664,0.00631862659325675),
(-0.100419998168945,-0.0835718002319336,-0.0115),(-0.100419998168945,-0.0835718002319336,
-0.0035),(-0.100419998168945,-0.082,-0.0005),(-0.100419998168945,-0.0804281997680664,
-0.0115),(-0.100419998168945,-0.0804281997680664,-0.0035),(-0.100419998168945,
-0.0750718002319336,0.0035),(-0.100419998168945,-0.0750718002319336,0.0112674042778621),
(-0.100419998168945,-0.0744205405751574,0.0115),(-0.100419998168945,-0.0735,
-0.0155),(-0.100419998168945,-0.0735,0.0005),(-0.100419998168945,-0.0719281997680664,
0.0035),(-0.100419998168945,-0.0719281997680664,0.0115),(-0.100419998168945,
-0.0678858720404756,0.0138338401679598),(-0.100419998168945,-0.0665718002319336,
-0.0115),(-0.100419998168945,-0.0665718002319336,-0.0035),(-0.100419998168945,
-0.065,-0.0005),(-0.100419998168945,-0.0643199792765196,0.0151073896560462),
(-0.100419998168945,-0.0634281997680664,-0.0115),(-0.100419998168945,-0.0634281997680664,
-0.0035),(-0.100419998168945,-0.0632206844335189,0.0155),(-0.100419998168945,
-0.0614043372837596,0.0161487037429013),(-0.100419998168945,-0.0580718002319336,
0.0035),(-0.100419998168945,-0.0580718002319336,0.0115),(-0.100419998168945,
-0.0565,-0.0155),(-0.100419998168945,-0.0565,0.0005),(-0.100419998168945,
-0.0549281997680664,0.0035),(-0.100419998168945,-0.0549281997680664,0.0115),
(-0.100419998168945,-0.0522448252010929,0.019420000076294),(-0.100419998168945,
-0.0495718002319336,-0.0115),(-0.100419998168945,-0.0495718002319336,-0.0035),
(-0.100419998168945,-0.048,-0.0005),(-0.100419998168945,-0.048,0.0155),
(-0.100419998168945,-0.0464281997680664,-0.0115),(-0.100419998168945,-0.0464281997680664,
-0.0035),(-0.100419998168945,-0.0410718002319336,0.0035),(-0.100419998168945,
-0.0410718002319336,0.0115),(-0.100419998168945,-0.0395,-0.0155),(-0.100419998168945,
-0.0395,0.0005),(-0.100419998168945,-0.0379281997680664,0.0035),(-0.100419998168945,
-0.0379281997680664,0.0115),(-0.100419998168945,-0.0325718002319336,-0.0115),
(-0.100419998168945,-0.0325718002319336,-0.0035),(-0.100419998168945,-0.031,
-0.0005),(-0.100419998168945,-0.031,0.0155),(-0.100419998168945,-0.0294281997680664,
-0.0115),(-0.100419998168945,-0.0294281997680664,-0.0035),(-0.100419998168945,
-0.0240718002319336,0.0035),(-0.100419998168945,-0.0240718002319336,0.0115),
(-0.100419998168945,-0.0225,-0.0155),(-0.100419998168945,-0.0225,0.0005),
(-0.100419998168945,-0.0155718002319336,-0.0115),(-0.100419998168945,-0.0155718002319336,
-0.0035),(-0.100419998168945,-0.0025,-0.019420000076294),(-0.100419998168945,
-0.0025,-0.0192285346306834),(-0.100419998168945,-0.0025,-0.0190799084960444),
(-0.100419998168945,-0.0025,-0.0184149098090476),(-0.100419998168945,-0.0025,
0.0154960870913735),(-0.100419998168945,-0.0025,0.0165113297757819),(-0.100419998168945,
-0.0025,0.0177785376785809),(-0.100419998168945,-0.0025,0.0181313037610704),
(-0.100419998168945,-0.0025,0.018778889846019),(-0.100419998168945,-0.0025,
0.0191749998870649),(-0.100419998168945,-0.0025,0.0192628691504154),(-0.100419998168945,
-0.0025,0.019420000076294),(-0.100161452061082,-0.0025,0.019420000076294),
(-0.100090375110753,-0.0522448252010929,0.019420000076294),(-0.100082824445453,
-0.0025,-0.019420000076294),(-0.100082824445453,-0.0025,0.019420000076294),
(-0.10001957757618,-0.121422461502701,-0.0222250003814697),(-0.1,-0.0522448252010929,
0.019420000076294),(-0.1,-0.0443909252272876,0.0222250003814697),(-0.1,
-0.0312003101073685,0.019420000076294),(-0.1,-0.0312003101073685,0.0222250003814697),
(-0.0999354734666731,-0.0025,-0.019420000076294),(-0.0999354734666731,-0.0025,
0.019420000076294),(-0.099886873902591,-0.121422461502701,-0.0222250003814697),
(-0.0998258217230369,-0.121422461502701,-0.0222250003814697),(-0.0997548648965379,
-0.0312003101073685,0.0222250003814697),(-0.0996216127086664,-0.121422461502701,
-0.0222250003814697),(-0.0995593584271881,-0.0025,-0.019420000076294),(-0.0995593584271881,
-0.0025,0.019420000076294),(-0.0993735264902415,-0.121351894081641,-0.019420000076294),
(-0.0990529856156836,-0.121351894081641,-0.019420000076294),(-0.0989703154834904,
-0.121422461502701,-0.0222250003814697),(-0.0987164865259068,-0.0312003101073685,
0.0222250003814697),(-0.0986534761304453,-0.0025,-0.019420000076294),(-0.0986534761304453,
-0.0025,0.019420000076294),(-0.0984493696830746,-0.121351894081641,-0.019420000076294),
(-0.0983601320662995,-0.121422461502701,-0.0222250003814697),(-0.0976382334460369,
-0.0025,-0.019420000076294),(-0.0976382334460369,-0.0025,0.019420000076294),
(-0.0974313885351282,-0.0025,-0.019420000076294),(-0.0970056345438195,-0.0312003101073685,
0.0222250003814697),(-0.0969566167922613,-0.0025,-0.019420000076294),(-0.0968911983221537,
-0.121351894081641,-0.019420000076294),(-0.0966821276690245,-0.121422461502701,
-0.0222250003814697),(-0.0964100400884768,-0.0312003101073685,0.019420000076294),
(-0.0962560060013565,-0.0312003101073685,0.019420000076294),(-0.0960719442518336,
-0.121422461502701,-0.0222250003814697),(-0.0950265137232946,-0.0312003101073684,
0.019420000076294),(-0.0949896756808423,-0.0312003101073684,0.019420000076294),
(-0.094846316063914,-0.0025,-0.019420000076294),(-0.094846316063914,-0.0025,
0.019420000076294),(-0.0938310733795056,-0.0025,-0.019420000076294),(-0.0938310733795056,
-0.0025,0.019420000076294),(-0.0936562201000148,-0.0312003101073685,0.0222250003814697),
(-0.0931140943372445,-0.121351894081641,-0.019420000076294),(-0.0926495803025078,
-0.0312003101073684,0.019420000076294),(-0.0926165271287443,-0.0312003101073684,
0.019420000076294),(-0.0910391559973826,-0.0025,-0.019420000076294),(-0.0910391559973826,
-0.0025,0.019420000076294),(-0.0905,-0.1075,-0.0222250003814697),(-0.0905,
-0.1075,-0.019420000076294),(-0.0905,-0.0905,-0.0222250003814697),(-0.0905,
-0.0905,-0.019420000076294),(-0.0905,-0.0735,-0.0222250003814697),(-0.0905,
-0.0735,-0.019420000076294),(-0.0905,-0.0565,-0.0222250003814697),(-0.0905,
-0.0565,-0.019420000076294),(-0.0905,-0.0395,-0.0222250003814697),(-0.0905,
-0.0395,-0.019420000076294),(-0.0905,-0.0312003101073685,0.019420000076294),
(-0.0905,-0.0312003101073685,0.0222250003814697),(-0.0905,-0.0225,-0.0222250003814697),
(-0.0905,-0.0225,-0.019420000076294),(-0.0905,-0.0225,0.019420000076294),
(-0.0905,-0.0225,0.0222250003814697),(-0.0900239133129743,-0.0025,-0.019420000076294),
(-0.0900239133129743,-0.0025,0.019420000076294),(-0.0872319959308513,-0.0025,
-0.019420000076294),(-0.0872319959308513,-0.0025,0.019420000076294),(-0.0872037909007303,
-0.0312003101073685,0.019420000076294),(-0.0870446851974751,-0.0312003101073685,
0.0222250003814697),(-0.0865,-0.114428001403809,-0.0222250003814697),(-0.0865,
-0.114428001403809,-0.019420000076294),(-0.0865,-0.100571998596191,-0.0222250003814697),
(-0.0865,-0.100571998596191,-0.019420000076294),(-0.0865,-0.0974281997680664,
-0.0222250003814697),(-0.0865,-0.0974281997680664,-0.019420000076294),(-0.0865,
-0.0835718002319336,-0.0222250003814697),(-0.0865,-0.0835718002319336,-0.019420000076294),
(-0.0865,-0.0804281997680664,-0.0222250003814697),(-0.0865,-0.0804281997680664,
-0.019420000076294),(-0.0865,-0.0665718002319336,-0.0222250003814697),(-0.0865,
-0.0665718002319336,-0.019420000076294),(-0.0865,-0.0634281997680664,-0.0222250003814697),
(-0.0865,-0.0634281997680664,-0.019420000076294),(-0.0865,-0.0495718002319336,
-0.0222250003814697),(-0.0865,-0.0495718002319336,-0.019420000076294),(-0.0865,
-0.0464281997680664,-0.0222250003814697),(-0.0865,-0.0464281997680664,-0.019420000076294),
(-0.0865,-0.0325718002319336,-0.0222250003814697),(-0.0865,-0.0325718002319336,
-0.019420000076294),(-0.0865,-0.0312003101073685,0.019420000076294),(-0.0865,
-0.0312003101073685,0.0222250003814697),(-0.0865,-0.0294281997680664,-0.0222250003814697),
(-0.0865,-0.0294281997680664,-0.019420000076294),(-0.0865,-0.0294281997680664,
0.019420000076294),(-0.0865,-0.0294281997680664,0.0222250003814697),(-0.0865,
-0.0155718002319336,-0.0222250003814697),(-0.0865,-0.0155718002319336,-0.019420000076294),
(-0.0865,-0.0155718002319336,0.019420000076294),(-0.0865,-0.0155718002319336,
0.0222250003814697),(-0.086216753246443,-0.0025,-0.019420000076294),(-0.086216753246443,
-0.0025,0.019420000076294),(-0.0854521801679675,-0.0025,-0.019420000076294),
(-0.0854521801679675,-0.0025,0.019420000076294),(-0.0854521801679675,-0.000599998474121094,
-0.019420000076294),(-0.0854521801679675,-0.000599998474121094,-0.0183027552531351),
(-0.0854521801679675,-0.000599998474121094,-0.0182199993133545),(-0.0854521801679675,
-0.000599998474121094,0.0182199993133545),(-0.0854521801679675,-0.000599998474121094,
0.0193300311668789),(-0.0854521801679675,-0.000599998474121094,0.019420000076294),
(-0.0854521801679675,-0.000558370417670868,-0.0182199993133545),(-0.0854521801679675,
-4.16280564502121E-5,0.0182199993133545),(-0.0854521801679675,0.,-0.0182199993133545),
(-0.0854521801679675,0.,0.0182199993133545),(-0.0854521801679675,1.38777878078145E-17,
-0.0203842698180722),(-0.0854521801679675,1.38777878078145E-17,-0.0191946639197851),
(-0.0854521801679675,1.38777878078145E-17,0.0182926632510785),(-0.0854521801679675,
1.38777878078145E-17,0.0184681324144207),(-0.0854521801679675,1.38777878078145E-17,
0.0199474021792412),(-0.0830097597094055,-0.0312003101073685,0.019420000076294),
(-0.0819902402905945,-0.0312003101073685,0.0222250003814697),(-0.0816963432248246,
-0.121351894081641,-0.019420000076294),(-0.0786962409421399,-0.0109381527966148,
0.019420000076294),(-0.0786962181303564,-0.0109397876004402,0.0222250003814697),
(-0.0786914875942252,-0.0107462844426012,0.019420000076294),(-0.0786870024354644,
-0.0106866879104441,0.0222250003814697),(-0.0786862612340402,-0.0111298203865054,
0.019420000076294),(-0.078679778688376,-0.011192520912166,0.0222250003814697),
(-0.0786720292054331,-0.0105553461523243,0.019420000076294),(-0.0786616072880256,
-0.0113201575676713,0.019420000076294),(-0.0786522261853089,-0.0104358194298937,
0.0222250003814697),(-0.0786379804590228,-0.0103664632720621,0.019420000076294),
(-0.078637852829179,-0.0114422940180824,0.0222250003814697),(-0.078622424408772,
-0.0115080425366328,0.019420000076294),(-0.0785922462920624,-0.0101897568473773,
0.0222250003814697),(-0.0785895420304584,-0.0101807490339799,0.019420000076294),
(-0.0785708708420987,-0.0116865434715419,0.0222250003814697),(-0.0785689435311393,
-0.0116923679426839,0.019420000076294),(-0.0785269994046745,-0.00999929799499603,
0.019420000076294),(-0.0785243558596978,-0.121351894081641,-0.019420000076294),
(-0.0785173849868611,-0.00997491321787166,0.0222250003814697),(-0.078501479859095,
-0.0118720474143621,0.019420000076294),(-0.0785,-0.114428001403809,-0.0222250003814697),
(-0.0785,-0.114428001403809,-0.019420000076294),(-0.0785,-0.100571998596191,
-0.0222250003814697),(-0.0785,-0.100571998596191,-0.019420000076294),(-0.0785,
-0.0974281997680664,-0.0222250003814697),(-0.0785,-0.0974281997680664,-0.019420000076294),
(-0.0785,-0.0835718002319336,-0.0222250003814697),(-0.0785,-0.0835718002319336,
-0.019420000076294),(-0.0785,-0.0804281997680664,-0.0222250003814697),(-0.0785,
-0.0804281997680664,-0.019420000076294),(-0.0785,-0.0665718002319336,-0.0222250003814697),
(-0.0785,-0.0665718002319336,-0.019420000076294),(-0.0785,-0.0634281997680664,
-0.0222250003814697),(-0.0785,-0.0634281997680664,-0.019420000076294),(-0.0785,
-0.0495718002319336,-0.0222250003814697),(-0.0785,-0.0495718002319336,-0.019420000076294),
(-0.0785,-0.0464281997680664,-0.0222250003814697),(-0.0785,-0.0464281997680664,
-0.019420000076294),(-0.0785,-0.0325718002319336,-0.0222250003814697),(-0.0785,
-0.0325718002319336,-0.019420000076294),(-0.0785,-0.0312003101073685,0.019420000076294),
(-0.0785,-0.0312003101073685,0.0222250003814697),(-0.0785,-0.0294281997680664,
-0.0222250003814697),(-0.0785,-0.0294281997680664,-0.019420000076294),(-0.0785,
-0.0294281997680664,0.019420000076294),(-0.0785,-0.0294281997680664,0.0222250003814697),
(-0.0785,-0.0155718002319336,-0.0222250003814697),(-0.0785,-0.0155718002319336,
-0.019420000076294),(-0.0785,-0.0155718002319336,0.019420000076294),(-0.0785,
-0.0155718002319336,0.0222250003814697),(-0.0784795201700427,-0.0119227625157009,
0.0222250003814697),(-0.0784507211934936,-0.00982317958571608,0.019420000076294),
(-0.0784233020743759,-0.00976776494794427,0.0222250003814697),(-0.0784204310079739,
-0.0120460219622712,0.019420000076294),(-0.0783647383541974,-0.0121485268106188,
0.0222250003814697),(-0.0783611569631128,-0.00965343180745505,0.019420000076294),
(-0.0783262746610255,-0.0122132662205212,0.019420000076294),(-0.0783107767417637,
-0.00957002762300001,0.0222250003814697),(-0.0782588345844646,-0.00949105511449692,
0.019420000076294),(-0.0782277034119475,-0.0123615193145035,0.0222250003814697),
(-0.0782195657540589,-0.012372794489998,0.019420000076294),(-0.0781807409148299,
-0.00938333888775,0.0222250003814697),(-0.0781443571220667,-0.00933700651764771,
0.019420000076294),(-0.078100933204779,-0.0125236665478471,0.019420000076294),
(-0.0780698217467647,-0.0125595540637462,0.0222250003814697),(-0.0780692638063181,
-0.00924799279182011,0.0222250003814697),(-0.0780183992796995,-0.00919219394383431,
0.019420000076294),(-0.0779710762060906,-0.0126649931889304,0.019420000076294),
(-0.0779485738522063,-0.00912079355289908,0.0222250003814697),(-0.0778927137141464,
-0.0127405986076866,0.0222250003814697),(-0.077881703423857,-0.00905747088499241,
0.019420000076294),(-0.0778396162521815,-0.121351894081641,-0.019420000076294),
(-0.0778307601052163,-0.0127959414665964,0.019420000076294),(-0.0778192647642542,
-0.00900236690396147,0.0222250003814697),(-0.0777350752084095,-0.00893363136778176,
0.019420000076294),(-0.0776981969917438,-0.01290279486786,0.0222250003814697),
(-0.0776819726544458,-0.00889329542285861,0.0222250003814697),(-0.0776808118929165,
-0.0129157396018755,0.019420000076294),(-0.0775793788262664,-0.00882140527377601,
0.019420000076294),(-0.0775373729057551,-0.0087941156664354,0.0222250003814697),
(-0.0775221153293966,-0.0130236815321678,0.019420000076294),(-0.0774882679243517,
-0.0130444782076441,0.0222250003814697),(-0.0774155319160211,-0.00872145403770895,
0.019420000076294),(-0.0773861768497247,-0.00870531553103877,0.0222250003814697),
(-0.0773556057356279,-0.0131191310726132,0.019420000076294),(-0.0772650810352204,
-0.0131641945165932,0.0222250003814697),(-0.0772445001536016,-0.00863436674913061,
0.019420000076294),(-0.0772291282672034,-0.00862733185240243,0.0222250003814697),
(-0.0771822644807812,-0.0132015256656181,0.019420000076294),(-0.0770672915607985,
-0.00856065668044923,0.019420000076294),(-0.0770669997294544,-0.0085605482567148,
0.0222250003814697),(-0.0770309269139656,-0.0132607151341208,0.0222250003814697),
(-0.0770031131982634,-0.0132703796964404,0.019420000076294),(-0.0769005887976348,
-0.00850529327344143,0.0222250003814697),(-0.0768192077644454,-0.0133252873552911,
0.019420000076294),(-0.0767882087080155,-0.0133330494593673,0.0222250003814697),
(-0.0767756526082042,-0.00847210401446472,0.019420000076294),(-0.0767307140993422,
-0.00846183871918543,0.0222250003814697),(-0.0766316320755701,-0.0133659250290831,
0.019420000076294),(-0.0766008619847743,-0.00843701187727604,0.019420000076294),
(-0.0765582113015283,-0.0084303983605363,0.0222250003814697),(-0.0765394174588656,
-0.0133804551178371,0.0222250003814697),(-0.0764680049285908,-0.121351894081641,
-0.019420000076294),(-0.076441491659518,-0.0133920532087328,0.019420000076294),
(-0.076424014915993,-0.00841446560496887,0.019420000076294),(-0.0763839289995913,
-0.00841112686248501,0.0222250003814697),(-0.0762871065362681,-0.0134024455804627,
0.0222250003814697),(-0.0762499071600805,-0.0134035179007709,0.019420000076294),
(-0.076246010724951,-0.00840457985244495,0.019420000076294),(-0.0762087245428685,
-0.00840411902757836,0.0222250003814697),(-0.0761983391907286,-0.121351894081641,
-0.019420000076294),(-0.0760677546190703,-0.00840740489187206,0.019420000076294),
(-0.0760580077321435,-0.0134002515349448,0.019420000076294),(-0.0760338654327396,
-0.0133987951569023,0.0222250003814697),(-0.0760334598170661,-0.00840940932955546,
0.0222250003814697),(-0.0758901530868396,-0.0084229263570342,0.019420000076294),
(-0.0758823197820541,-0.0312003101073685,0.019420000076294),(-0.0758823197820541,
-0.0312003101073685,0.0222250003814697),(-0.075866924386709,-0.0133822733624619,
0.019420000076294),(-0.0758589970043727,-0.00842697174376069,0.0222250003814697),
(-0.0757822931873378,-0.0133695413118219,0.0222250003814697),(-0.0757141092880338,
-0.00845106531638833,0.019420000076294),(-0.0756861943421148,-0.00845671987516703,
0.0222250003814697),(-0.0756777833249769,-0.0133496893425274,0.019420000076294),
(-0.0755405184608627,-0.00849167867445615,0.019420000076294),(-0.0755349717114605,
-0.0133149842803923,0.0222250003814697),(-0.0755159019008177,-0.00849850738338039,
0.0222250003814697),(-0.0755,-0.099,-0.0222250003814697),(-0.0755,-0.099,
-0.019420000076294),(-0.0755,-0.082,-0.0222250003814697),(-0.0755,-0.082,
-0.019420000076294),(-0.0755,-0.065,-0.0222250003814697),(-0.0755,-0.065,
-0.019420000076294),(-0.0755,-0.048,-0.0222250003814697),(-0.0755,-0.048,
-0.019420000076294),(-0.0755,-0.031,-0.0222250003814697),(-0.0755,-0.031,
-0.019420000076294),(-0.0755,-0.031,0.019420000076294),(-0.0755,-0.031,
0.0222250003814697),(-0.0754916993007743,-0.0133026915178454,0.019420000076294),
(-0.0754764341050155,-0.0312003101073685,0.0222250003814697),(-0.0753843508477964,
-0.0312003101073685,0.019420000076294),(-0.0753843508477964,-0.0312003101073685,
0.0221439014046637),(-0.0753843508477964,-0.0312003101073685,0.0222250003814697),
(-0.0753702633694019,-0.00854455989950969,0.019420000076294),(-0.0753489574024422,
-0.00855212870253391,0.0222250003814697),(-0.075309769050454,-0.0132415568827631,
0.019420000076294),(-0.0752944392904282,-0.0132356839869449,0.0222250003814697),
(-0.0752042098144594,-0.00860944007385028,0.019420000076294),(-0.0751861820993672,
-0.00861732005253097,0.0222250003814697),(-0.0751330648289826,-0.0131666457507302,
0.019420000076294),(-0.0750631645328048,-0.0131324542984114,0.0222250003814697),
(-0.0750432022307058,-0.0086859892613398,0.019420000076294),(-0.0750283767343914,
-0.00869376073666227,0.0222250003814697),(-0.0749626280903172,-0.0130783996306946,
0.019420000076294),(-0.0748880593924573,-0.00877381818522996,0.019420000076294),
(-0.0748763176016285,-0.00878107471921357,0.0222250003814697),(-0.0748435210348181,
-0.0130063546715258,0.0222250003814697),(-0.0747994633493156,-0.0129773386249498,
0.019420000076294),(-0.0747395702499508,-0.00887248020775725,0.019420000076294),
(-0.0747307527276723,-0.00887883247530341,0.0222250003814697),(-0.0746445322613573,
-0.0128640583637728,0.019420000076294),(-0.0746377630199023,-0.012858679279512,
0.0222250003814697),(-0.0745984899172828,-0.00898147360143677,0.019420000076294),
(-0.0745923981918198,-0.00898655310385075,0.0222250003814697),(-0.0745,
-0.1075,-0.0222250003814697),(-0.0745,-0.1075,-0.019420000076294),(-0.0745,
-0.0905,-0.0222250003814697),(-0.0745,-0.0905,-0.019420000076294),(-0.0745,
-0.0735,-0.0222250003814697),(-0.0745,-0.0735,-0.019420000076294),(-0.0745,
-0.0565,-0.0222250003814697),(-0.0745,-0.0565,-0.019420000076294),(-0.0745,
-0.0395,-0.0222250003814697),(-0.0745,-0.0395,-0.019420000076294),(-0.0745,
-0.0225,-0.0222250003814697),(-0.0745,-0.0225,-0.019420000076294),(-0.0745,
-0.0225,0.019420000076294),(-0.0745,-0.0225,0.0222250003814697),(-0.0744987479545685,
-0.0127392264949157,0.019420000076294),(-0.0744655358324164,-0.00910024410050465,
0.019420000076294),(-0.0744619346034519,-0.00910370669327837,0.0222250003814697),
(-0.0744480022033743,-0.0126909437298539,0.0222250003814697),(-0.0743629696480551,
-0.0126035787486439,0.019420000076294),(-0.0743413841087831,-0.00922818771953417,
0.019420000076294),(-0.0743400037539025,-0.00922971692831414,0.0222250003814697),
(-0.0742761861196859,-0.0125048695094619,0.0222250003814697),(-0.0742379975878634,
-0.0124579146015119,0.019420000076294),(-0.0742272054592855,-0.0093639639250668,
0.0222250003814697),(-0.0742266660970328,-0.00936465382489204,0.019420000076294),
(-0.0741245683305144,-0.0123030925644322,0.019420000076294),(-0.0741240946098111,
-0.00950578728042924,0.0222250003814697),(-0.0741240781346811,-0.012302366316879,
0.0222250003814697),(-0.0740756061676714,-0.00958048642760328,0.019420000076294),
(-0.0740311784401065,-0.00965448932080876,0.0222250003814697),(-0.0740233504019092,
-0.0121400251228102,0.019420000076294),(-0.0739932393479938,-0.0120855124628512,
0.0222250003814697),(-0.0739803168588761,-0.00974708776978743,0.019420000076294),
(-0.07394891403397,-0.00980933853420231,0.0222250003814697),(-0.073934940357192,
-0.0119696733585653,0.019420000076294),(-0.0738980890637534,-0.00992050821061699,
0.019420000076294),(-0.0738850125713244,-0.0118565335404145,0.0222250003814697),
(-0.0738777060758319,-0.00996957316873369,0.0222250003814697),(-0.0738598592647906,
-0.0117930412857357,0.019420000076294),(-0.0738294074139772,-0.0100997256499812,
0.019420000076294),(-0.0738179048599851,-0.01013440497995,0.0222250003814697),
(-0.0738005085470277,-0.0116177795834082,0.0222250003814697),(-0.07379854963536,
-0.0116111699330511,0.019420000076294),(-0.0737746767033624,-0.010283683821596,
0.019420000076294),(-0.0737698045673776,-0.0103030231084436,0.0222250003814697),
(-0.0737513728137265,-0.0114251312083489,0.019420000076294),(-0.0737405945484516,
-0.01137170094784,0.0222250003814697),(-0.0737342195021039,-0.010471298518394,
0.019420000076294),(-0.0737192417587078,-0.0105674508161431,0.0222250003814697),
(-0.073718606849204,-0.011236021580997,0.019420000076294),(-0.0737082742556219,
-0.0106614639825909,0.019420000076294),(-0.0737045515712954,-0.0111049060565517,
0.0222250003814697),(-0.0737004448568359,-0.0110449556195557,0.019420000076294),
(-0.0736974063546945,-0.010835782374763,0.0222250003814697),(-0.0736969938792197,
-0.0108530594227676,0.019420000076294),(-0.0715,-0.105928001403809,-0.0222250003814697),
(-0.0715,-0.105928001403809,-0.019420000076294),(-0.0715,-0.0920718002319336,
-0.0222250003814697),(-0.0715,-0.0920718002319336,-0.019420000076294),(-0.0715,
-0.0889281997680664,-0.0222250003814697),(-0.0715,-0.0889281997680664,-0.019420000076294),
(-0.0715,-0.0750718002319336,-0.0222250003814697),(-0.0715,-0.0750718002319336,
-0.019420000076294),(-0.0715,-0.0719281997680664,-0.0222250003814697),(-0.0715,
-0.0719281997680664,-0.019420000076294),(-0.0715,-0.0580718002319336,-0.0222250003814697),
(-0.0715,-0.0580718002319336,-0.019420000076294),(-0.0715,-0.0549281997680664,
-0.0222250003814697),(-0.0715,-0.0549281997680664,-0.019420000076294),(-0.0715,
-0.0410718002319336,-0.0222250003814697),(-0.0715,-0.0410718002319336,-0.019420000076294),
(-0.0715,-0.0379281997680664,-0.0222250003814697),(-0.0715,-0.0379281997680664,
-0.019420000076294),(-0.0715,-0.0240718002319336,-0.0222250003814697),(-0.0715,
-0.0240718002319336,-0.019420000076294),(-0.0715,-0.0240718002319336,0.019420000076294),
(-0.0715,-0.0240718002319336,0.0222250003814697),(-0.0635,-0.105928001403809,
-0.0222250003814697),(-0.0635,-0.105928001403809,-0.019420000076294),(-0.0635,
-0.0920718002319336,-0.0222250003814697),(-0.0635,-0.0920718002319336,-0.019420000076294),
(-0.0635,-0.0889281997680664,-0.0222250003814697),(-0.0635,-0.0889281997680664,
-0.019420000076294),(-0.0635,-0.0750718002319336,-0.0222250003814697),(-0.0635,
-0.0750718002319336,-0.019420000076294),(-0.0635,-0.0719281997680664,-0.0222250003814697),
(-0.0635,-0.0719281997680664,-0.019420000076294),(-0.0635,-0.0580718002319336,
-0.0222250003814697),(-0.0635,-0.0580718002319336,-0.019420000076294),(-0.0635,
-0.0549281997680664,-0.0222250003814697),(-0.0635,-0.0549281997680664,-0.019420000076294),
(-0.0635,-0.0410718002319336,-0.0222250003814697),(-0.0635,-0.0410718002319336,
-0.019420000076294),(-0.0635,-0.0379281997680664,-0.0222250003814697),(-0.0635,
-0.0379281997680664,-0.019420000076294),(-0.0635,-0.0240718002319336,-0.0222250003814697),
(-0.0635,-0.0240718002319336,-0.019420000076294),(-0.0635,-0.0240718002319336,
0.019420000076294),(-0.0635,-0.0240718002319336,0.0222250003814697),(-0.0610427777873547,
-0.121351894081641,-0.019420000076294),(-0.0605,-0.1075,-0.0222250003814697),
(-0.0605,-0.1075,-0.019420000076294),(-0.0605,-0.0905,-0.0222250003814697),
(-0.0605,-0.0905,-0.019420000076294),(-0.0605,-0.0735,-0.0222250003814697),
(-0.0605,-0.0735,-0.019420000076294),(-0.0605,-0.0565,-0.0222250003814697),
(-0.0605,-0.0565,-0.019420000076294),(-0.0605,-0.0395,-0.0222250003814697),
(-0.0605,-0.0395,-0.019420000076294),(-0.0605,-0.0225,-0.0222250003814697),
(-0.0605,-0.0225,-0.019420000076294),(-0.0605,-0.0225,0.019420000076294),
(-0.0605,-0.0225,0.0222250003814697),(-0.0598293117435505,-0.121351894081641,
-0.019420000076294),(-0.0596156491522036,-0.0312003101073685,0.019420000076294),
(-0.0596156491522036,-0.0312003101073685,0.0195010990531001),(-0.0596156491522036,
-0.0312003101073685,0.0222250003814697),(-0.0595235658949845,-0.0312003101073685,
0.019420000076294),(-0.0595,-0.099,-0.0222250003814697),(-0.0595,-0.099,
-0.019420000076294),(-0.0595,-0.082,-0.0222250003814697),(-0.0595,-0.082,
-0.019420000076294),(-0.0595,-0.065,-0.0222250003814697),(-0.0595,-0.065,
-0.019420000076294),(-0.0595,-0.048,-0.0222250003814697),(-0.0595,-0.048,
-0.019420000076294),(-0.0595,-0.031,-0.0222250003814697),(-0.0595,-0.031,
-0.019420000076294),(-0.0595,-0.031,0.019420000076294),(-0.0595,-0.031,
0.0222250003814697),(-0.0591176802179459,-0.0312003101073685,0.019420000076294),
(-0.0591176802179459,-0.0312003101073685,0.0222250003814697),(-0.0565,-0.114428001403809,
-0.0222250003814697),(-0.0565,-0.114428001403809,-0.019420000076294),(-0.0565,
-0.100571998596191,-0.0222250003814697),(-0.0565,-0.100571998596191,-0.019420000076294),
(-0.0565,-0.0974281997680664,-0.0222250003814697),(-0.0565,-0.0974281997680664,
-0.019420000076294),(-0.0565,-0.0835718002319336,-0.0222250003814697),(-0.0565,
-0.0835718002319336,-0.019420000076294),(-0.0565,-0.0804281997680664,-0.0222250003814697),
(-0.0565,-0.0804281997680664,-0.019420000076294),(-0.0565,-0.0665718002319336,
-0.0222250003814697),(-0.0565,-0.0665718002319336,-0.019420000076294),(-0.0565,
-0.0634281997680664,-0.0222250003814697),(-0.0565,-0.0634281997680664,-0.019420000076294),
(-0.0565,-0.0495718002319336,-0.0222250003814697),(-0.0565,-0.0495718002319336,
-0.019420000076294),(-0.0565,-0.0464281997680664,-0.0222250003814697),(-0.0565,
-0.0464281997680664,-0.019420000076294),(-0.0565,-0.0325718002319336,-0.0222250003814697),
(-0.0565,-0.0325718002319336,-0.019420000076294),(-0.0565,-0.0312003101073685,
0.019420000076294),(-0.0565,-0.0312003101073685,0.0222250003814697),(-0.0565,
-0.0294281997680664,-0.0222250003814697),(-0.0565,-0.0294281997680664,-0.019420000076294),
(-0.0565,-0.0294281997680664,0.019420000076294),(-0.0565,-0.0294281997680664,
0.0222250003814697),(-0.0565,-0.0155718002319336,-0.0222250003814697),(-0.0565,
-0.0155718002319336,-0.019420000076294),(-0.0565,-0.0155718002319336,0.019420000076294),
(-0.0565,-0.0155718002319336,0.0222250003814697),(-0.0561985597289208,-0.121351894081641,
-0.019420000076294),(-0.0556364327907053,-0.121351894081641,-0.019420000076294),
(-0.0542648214671146,-0.121351894081641,-0.019420000076294),(-0.0535800818595984,
-0.121351894081641,-0.019420000076294),(-0.0530097597094055,-0.0312003101073685,
0.019420000076294),(-0.0519902402905945,-0.0312003101073685,0.0222250003814697),
(-0.0515596863668971,-0.121351894081641,-0.019420000076294),(-0.0485,-0.114428001403809,
-0.0222250003814697),(-0.0485,-0.114428001403809,-0.019420000076294),(-0.0485,
-0.100571998596191,-0.0222250003814697),(-0.0485,-0.100571998596191,-0.019420000076294),
(-0.0485,-0.0974281997680664,-0.0222250003814697),(-0.0485,-0.0974281997680664,
-0.019420000076294),(-0.0485,-0.0835718002319336,-0.0222250003814697),(-0.0485,
-0.0835718002319336,-0.019420000076294),(-0.0485,-0.0804281997680664,-0.0222250003814697),
(-0.0485,-0.0804281997680664,-0.019420000076294),(-0.0485,-0.0665718002319336,
-0.0222250003814697),(-0.0485,-0.0665718002319336,-0.019420000076294),(-0.0485,
-0.0634281997680664,-0.0222250003814697),(-0.0485,-0.0634281997680664,-0.019420000076294),
(-0.0485,-0.0495718002319336,-0.0222250003814697),(-0.0485,-0.0495718002319336,
-0.019420000076294),(-0.0485,-0.0464281997680664,-0.0222250003814697),(-0.0485,
-0.0464281997680664,-0.019420000076294),(-0.0485,-0.0325718002319336,-0.0222250003814697),
(-0.0485,-0.0325718002319336,-0.019420000076294),(-0.0485,-0.0312003101073685,
0.019420000076294),(-0.0485,-0.0312003101073685,0.0222250003814697),(-0.0485,
-0.0294281997680664,-0.0222250003814697),(-0.0485,-0.0294281997680664,-0.019420000076294),
(-0.0485,-0.0294281997680664,0.019420000076294),(-0.0485,-0.0294281997680664,
0.0222250003814697),(-0.0485,-0.0155718002319336,-0.0222250003814697),(-0.0485,
-0.0155718002319336,-0.019420000076294),(-0.0485,-0.0155718002319336,0.019420000076294),
(-0.0485,-0.0155718002319336,0.0222250003814697),(-0.0477962090992697,-0.0312003101073685,
0.0222250003814697),(-0.0458823197820541,-0.0312003101073685,0.019420000076294),
(-0.0455,-0.099,-0.0222250003814697),(-0.0455,-0.099,-0.019420000076294),
(-0.0455,-0.082,-0.0222250003814697),(-0.0455,-0.082,-0.019420000076294),
(-0.0455,-0.065,-0.0222250003814697),(-0.0455,-0.065,-0.019420000076294),
(-0.0455,-0.048,-0.0222250003814697),(-0.0455,-0.048,-0.019420000076294),
(-0.0455,-0.031,-0.0222250003814697),(-0.0455,-0.031,-0.019420000076294),
(-0.0455,-0.031,0.019420000076294),(-0.0455,-0.031,0.0222250003814697),
(-0.0454764341050155,-0.0312003101073685,0.0222250003814697),(-0.0454204471483724,
-0.0312003101073685,0.0222250003814697),(-0.0453843508477964,-0.0312003101073685,
0.019420000076294),(-0.0453843508477964,-0.0312003101073685,0.0221439014046637),
(-0.0453843508477964,-0.0312003101073685,0.0222250003814697),(-0.0445,-0.1075,
-0.0222250003814697),(-0.0445,-0.1075,-0.019420000076294),(-0.0445,-0.0905,
-0.0222250003814697),(-0.0445,-0.0905,-0.019420000076294),(-0.0445,-0.0735,
-0.0222250003814697),(-0.0445,-0.0735,-0.019420000076294),(-0.0445,-0.0565,
-0.0222250003814697),(-0.0445,-0.0565,-0.019420000076294),(-0.0445,-0.0395,
-0.0222250003814697),(-0.0445,-0.0395,-0.019420000076294),(-0.0445,-0.0225,
-0.0222250003814697),(-0.0445,-0.0225,-0.019420000076294),(-0.0445,-0.0225,
0.019420000076294),(-0.0445,-0.0225,0.0222250003814697),(-0.0415,-0.105928001403809,
-0.0222250003814697),(-0.0415,-0.105928001403809,-0.019420000076294),(-0.0415,
-0.0920718002319336,-0.0222250003814697),(-0.0415,-0.0920718002319336,-0.019420000076294),
(-0.0415,-0.0889281997680664,-0.0222250003814697),(-0.0415,-0.0889281997680664,
-0.019420000076294),(-0.0415,-0.0750718002319336,-0.0222250003814697),(-0.0415,
-0.0750718002319336,-0.019420000076294),(-0.0415,-0.0719281997680664,-0.0222250003814697),
(-0.0415,-0.0719281997680664,-0.019420000076294),(-0.0415,-0.0580718002319336,
-0.0222250003814697),(-0.0415,-0.0580718002319336,-0.019420000076294),(-0.0415,
-0.0549281997680664,-0.0222250003814697),(-0.0415,-0.0549281997680664,-0.019420000076294),
(-0.0415,-0.0410718002319336,-0.0222250003814697),(-0.0415,-0.0410718002319336,
-0.019420000076294),(-0.0415,-0.0379281997680664,-0.0222250003814697),(-0.0415,
-0.0379281997680664,-0.019420000076294),(-0.0415,-0.0240718002319336,-0.0222250003814697),
(-0.0415,-0.0240718002319336,-0.019420000076294),(-0.0415,-0.0240718002319336,
0.019420000076294),(-0.0415,-0.0240718002319336,0.0222250003814697),(-0.0401471043500676,
-0.121351894081641,-0.019420000076294),(-0.03656769619223,-0.121351894081641,
-0.019420000076294),(-0.0355222907694474,-0.121351894081641,-0.019420000076294),
(-0.0336626249678436,-0.121351894081641,-0.019420000076294),(-0.0335,-0.105928001403809,
-0.0222250003814697),(-0.0335,-0.105928001403809,-0.019420000076294),(-0.0335,
-0.0920718002319336,-0.0222250003814697),(-0.0335,-0.0920718002319336,-0.019420000076294),
(-0.0335,-0.0889281997680664,-0.0222250003814697),(-0.0335,-0.0889281997680664,
-0.019420000076294),(-0.0335,-0.0750718002319336,-0.0222250003814697),(-0.0335,
-0.0750718002319336,-0.019420000076294),(-0.0335,-0.0719281997680664,-0.0222250003814697),
(-0.0335,-0.0719281997680664,-0.019420000076294),(-0.0335,-0.0580718002319336,
-0.0222250003814697),(-0.0335,-0.0580718002319336,-0.019420000076294),(-0.0335,
-0.0549281997680664,-0.0222250003814697),(-0.0335,-0.0549281997680664,-0.019420000076294),
(-0.0335,-0.0410718002319336,-0.0222250003814697),(-0.0335,-0.0410718002319336,
-0.019420000076294),(-0.0335,-0.0379281997680664,-0.0222250003814697),(-0.0335,
-0.0379281997680664,-0.019420000076294),(-0.0335,-0.0240718002319336,-0.0222250003814697),
(-0.0335,-0.0240718002319336,-0.019420000076294),(-0.0335,-0.0240718002319336,
0.019420000076294),(-0.0335,-0.0240718002319336,0.0222250003814697),(-0.0333400236861275,
-0.121351894081641,-0.019420000076294),(-0.0319005095960148,-0.121351894081641,
-0.019420000076294),(-0.0317737051964559,-0.121351894081641,-0.019420000076294),
(-0.0313768094493287,-0.121351894081641,-0.019420000076294),(-0.0305,-0.1075,
-0.0222250003814697),(-0.0305,-0.1075,-0.019420000076294),(-0.0305,-0.0905,
-0.0222250003814697),(-0.0305,-0.0905,-0.019420000076294),(-0.0305,-0.0735,
-0.0222250003814697),(-0.0305,-0.0735,-0.019420000076294),(-0.0305,-0.0565,
-0.0222250003814697),(-0.0305,-0.0565,-0.019420000076294),(-0.0305,-0.0395,
-0.0222250003814697),(-0.0305,-0.0395,-0.019420000076294),(-0.0305,-0.0225,
-0.0222250003814697),(-0.0305,-0.0225,-0.019420000076294),(-0.0305,-0.0225,
0.019420000076294),(-0.0305,-0.0225,0.0222250003814697),(-0.0296156491522036,
-0.0312003101073685,0.019420000076294),(-0.0296156491522036,-0.0312003101073685,
0.0195010990531001),(-0.0296156491522036,-0.0312003101073685,0.0222250003814697),
(-0.0295795528516276,-0.0312003101073685,0.019420000076294),(-0.0295235658949845,
-0.0312003101073685,0.019420000076294),(-0.0295,-0.099,-0.0222250003814697),
(-0.0295,-0.099,-0.019420000076294),(-0.0295,-0.082,-0.0222250003814697),
(-0.0295,-0.082,-0.019420000076294),(-0.0295,-0.065,-0.0222250003814697),
(-0.0295,-0.065,-0.019420000076294),(-0.0295,-0.048,-0.0222250003814697),
(-0.0295,-0.048,-0.019420000076294),(-0.0295,-0.031,-0.0222250003814697),
(-0.0295,-0.031,-0.019420000076294),(-0.0295,-0.031,0.019420000076294),
(-0.0295,-0.031,0.0222250003814697),(-0.0291176802179459,-0.0312003101073685,
0.0222250003814697),(-0.0272037909007303,-0.0312003101073685,0.019420000076294),
(-0.0270446851974751,-0.0312003101073685,0.0222250003814697),(-0.0265,-0.114428001403809,
-0.0222250003814697),(-0.0265,-0.114428001403809,-0.019420000076294),(-0.0265,
-0.100571998596191,-0.0222250003814697),(-0.0265,-0.100571998596191,-0.019420000076294),
(-0.0265,-0.0974281997680664,-0.0222250003814697),(-0.0265,-0.0974281997680664,
-0.019420000076294),(-0.0265,-0.0835718002319336,-0.0222250003814697),(-0.0265,
-0.0835718002319336,-0.019420000076294),(-0.0265,-0.0804281997680664,-0.0222250003814697),
(-0.0265,-0.0804281997680664,-0.019420000076294),(-0.0265,-0.0665718002319336,
-0.0222250003814697),(-0.0265,-0.0665718002319336,-0.019420000076294),(-0.0265,
-0.0634281997680664,-0.0222250003814697),(-0.0265,-0.0634281997680664,-0.019420000076294),
(-0.0265,-0.0495718002319336,-0.0222250003814697),(-0.0265,-0.0495718002319336,
-0.019420000076294),(-0.0265,-0.0464281997680664,-0.0222250003814697),(-0.0265,
-0.0464281997680664,-0.019420000076294),(-0.0265,-0.0325718002319336,-0.0222250003814697),
(-0.0265,-0.0325718002319336,-0.019420000076294),(-0.0265,-0.0312003101073685,
0.019420000076294),(-0.0265,-0.0312003101073685,0.0222250003814697),(-0.0265,
-0.0294281997680664,-0.0222250003814697),(-0.0265,-0.0294281997680664,-0.019420000076294),
(-0.0265,-0.0294281997680664,0.019420000076294),(-0.0265,-0.0294281997680664,
0.0222250003814697),(-0.0265,-0.0155718002319336,-0.0222250003814697),(-0.0265,
-0.0155718002319336,-0.019420000076294),(-0.0265,-0.0155718002319336,0.019420000076294),
(-0.0265,-0.0155718002319336,0.0222250003814697),(-0.0230097597094055,-0.0312003101073685,
0.019420000076294),(-0.0219902402905945,-0.0312003101073685,0.0222250003814697),
(-0.0185,-0.114428001403809,-0.0222250003814697),(-0.0185,-0.114428001403809,
-0.019420000076294),(-0.0185,-0.100571998596191,-0.0222250003814697),(-0.0185,
-0.100571998596191,-0.019420000076294),(-0.0185,-0.0974281997680664,-0.0222250003814697),
(-0.0185,-0.0974281997680664,-0.019420000076294),(-0.0185,-0.0835718002319336,
-0.0222250003814697),(-0.0185,-0.0835718002319336,-0.019420000076294),(-0.0185,
-0.0804281997680664,-0.0222250003814697),(-0.0185,-0.0804281997680664,-0.019420000076294),
(-0.0185,-0.0665718002319336,-0.0222250003814697),(-0.0185,-0.0665718002319336,
-0.019420000076294),(-0.0185,-0.0634281997680664,-0.0222250003814697),(-0.0185,
-0.0634281997680664,-0.019420000076294),(-0.0185,-0.0495718002319336,-0.0222250003814697),
(-0.0185,-0.0495718002319336,-0.019420000076294),(-0.0185,-0.0464281997680664,
-0.0222250003814697),(-0.0185,-0.0464281997680664,-0.019420000076294),(-0.0185,
-0.0325718002319336,-0.0222250003814697),(-0.0185,-0.0325718002319336,-0.019420000076294),
(-0.0185,-0.0312003101073685,0.019420000076294),(-0.0185,-0.0312003101073685,
0.0222250003814697),(-0.0185,-0.0294281997680664,-0.0222250003814697),(-0.0185,
-0.0294281997680664,-0.019420000076294),(-0.0185,-0.0294281997680664,0.019420000076294),
(-0.0185,-0.0294281997680664,0.0222250003814697),(-0.0185,-0.0155718002319336,
-0.0222250003814697),(-0.0185,-0.0155718002319336,-0.019420000076294),(-0.0185,
-0.0155718002319336,0.019420000076294),(-0.0185,-0.0155718002319336,0.0222250003814697),
(-0.0180247293537488,-0.121351894081641,-0.019420000076294),(-0.0177962090992697,
-0.0312003101073685,0.0222250003814697),(-0.0158823197820541,-0.0312003101073685,
0.019420000076294),(-0.0155,-0.099,-0.0222250003814697),(-0.0155,-0.099,
-0.019420000076294),(-0.0155,-0.082,-0.0222250003814697),(-0.0155,-0.082,
-0.019420000076294),(-0.0155,-0.065,-0.0222250003814697),(-0.0155,-0.065,
-0.019420000076294),(-0.0155,-0.048,-0.0222250003814697),(-0.0155,-0.048,
-0.019420000076294),(-0.0155,-0.031,-0.0222250003814697),(-0.0155,-0.031,
-0.019420000076294),(-0.0155,-0.031,0.019420000076294),(-0.0155,-0.031,
0.0222250003814697),(-0.0154764341050155,-0.0312003101073685,0.0222250003814697),
(-0.0154204471483724,-0.0312003101073685,0.0222250003814697),(-0.0153843508477964,
-0.0312003101073685,0.019420000076294),(-0.0153843508477964,-0.0312003101073685,
0.0221439014046637),(-0.0153843508477964,-0.0312003101073685,0.0222250003814697),
(-0.0145,-0.1075,-0.0222250003814697),(-0.0145,-0.1075,-0.019420000076294),
(-0.0145,-0.0905,-0.0222250003814697),(-0.0145,-0.0905,-0.019420000076294),
(-0.0145,-0.0735,-0.0222250003814697),(-0.0145,-0.0735,-0.019420000076294),
(-0.0145,-0.0565,-0.0222250003814697),(-0.0145,-0.0565,-0.019420000076294),
(-0.0145,-0.0395,-0.0222250003814697),(-0.0145,-0.0395,-0.019420000076294),
(-0.0145,-0.0225,-0.0222250003814697),(-0.0145,-0.0225,-0.019420000076294),
(-0.0145,-0.0225,0.019420000076294),(-0.0145,-0.0225,0.0222250003814697),
(-0.0124282738482538,-0.121351894081641,-0.019420000076294),(-0.0117435342407376,
-0.121351894081641,-0.019420000076294),(-0.0115,-0.105928001403809,-0.0222250003814697),
(-0.0115,-0.105928001403809,-0.019420000076294),(-0.0115,-0.0920718002319336,
-0.0222250003814697),(-0.0115,-0.0920718002319336,-0.019420000076294),(-0.0115,
-0.0889281997680664,-0.0222250003814697),(-0.0115,-0.0889281997680664,-0.019420000076294),
(-0.0115,-0.0750718002319336,-0.0222250003814697),(-0.0115,-0.0750718002319336,
-0.019420000076294),(-0.0115,-0.0719281997680664,-0.0222250003814697),(-0.0115,
-0.0719281997680664,-0.019420000076294),(-0.0115,-0.0580718002319336,-0.0222250003814697),
(-0.0115,-0.0580718002319336,-0.019420000076294),(-0.0115,-0.0549281997680664,
-0.0222250003814697),(-0.0115,-0.0549281997680664,-0.019420000076294),(-0.0115,
-0.0410718002319336,-0.0222250003814697),(-0.0115,-0.0410718002319336,-0.019420000076294),
(-0.0115,-0.0379281997680664,-0.0222250003814697),(-0.0115,-0.0379281997680664,
-0.019420000076294),(-0.0115,-0.0240718002319336,-0.0222250003814697),(-0.0115,
-0.0240718002319336,-0.019420000076294),(-0.0115,-0.0240718002319336,0.019420000076294),
(-0.0115,-0.0240718002319336,0.0222250003814697),(-0.0112625737154007,-0.121351894081641,
-0.019420000076294),(-0.0111267826437083,-0.121351894081641,-0.019420000076294),
(-0.00968727953620248,-0.121351894081641,-0.019420000076294),(-0.00965374083521787,
-0.00656474148464096,0.019420000076294),(-0.00965374083521787,-0.00656474148464096,
0.0222250003814697),(-0.00964170265189837,-0.00680978433546487,0.0222250003814697),
(-0.00964170265189837,-0.00680978433546486,0.019420000076294),(-0.00964170265189837,
-0.00631969863381706,0.019420000076294),(-0.00964170265189837,-0.00631969863381706,
0.0222250003814697),(-0.00960570403622595,-0.00705246728968129,0.019420000076294),
(-0.00960570403622595,-0.00705246728968129,0.0222250003814697),(-0.00960570403622595,
-0.00607701567960064,0.019420000076294),(-0.00960570403622595,-0.00607701567960064,
0.0222250003814697),(-0.0095460916745484,-0.00729045317777712,0.019420000076294),
(-0.0095460916745484,-0.00729045317777712,0.0222250003814697),(-0.0095460916745484,
-0.00583902979150481,0.019420000076294),(-0.0095460916745484,-0.00583902979150481,
0.0222250003814697),(-0.00946343966649609,-0.00752145006555369,0.019420000076294),
(-0.00946343966649609,-0.00752145006555369,0.0222250003814697),(-0.00946343966649609,
-0.00560803290372824,0.019420000076294),(-0.00946343966649609,-0.00560803290372824,
0.0222250003814697),(-0.00936467825448646,-0.121351894081641,-0.019420000076294),
(-0.00935854399608876,-0.00774323332670596,0.019420000076294),(-0.00935854399608876,
-0.00774323332670596,0.0222250003814697),(-0.00935854399608876,-0.00538624964257597,
0.019420000076294),(-0.00935854399608876,-0.00538624964257597,0.0222250003814697),
(-0.00923241486597424,-0.00795366706718997,0.019420000076294),(-0.00923241486597424,
-0.00795366706718997,0.0222250003814697),(-0.00923241486597424,-0.00517581590209196,
0.019420000076294),(-0.00923241486597424,-0.00517581590209196,0.0222250003814697),
(-0.00920387082729536,-0.121351894081641,-0.019420000076294),(-0.00908626696862472,
-0.00815072469505008,0.019420000076294),(-0.00908626696862472,-0.00815072469505008,
0.0222250003814697),(-0.00908626696862472,-0.00497875827423185,0.019420000076294),
(-0.00908626696862472,-0.00497875827423185,0.0222250003814697),(-0.00892150778818424,
-0.00833250843760733,0.019420000076294),(-0.00892150778818424,-0.00833250843760733,
0.0222250003814697),(-0.00892150778818424,-0.00479697453167459,0.019420000076294),
(-0.00892150778818424,-0.00479697453167459,0.0222250003814697),(-0.00873972404562699,
-0.00849726761804781,0.019420000076294),(-0.00873972404562699,-0.00849726761804781,
0.0222250003814697),(-0.00873972404562699,-0.00463221535123412,0.019420000076294),
(-0.00873972404562699,-0.00463221535123412,0.0222250003814697),(-0.00854266641776688,
-0.00864341551539733,0.019420000076294),(-0.00854266641776688,-0.00864341551539733,
0.0222250003814697),(-0.00854266641776688,-0.0044860674538846,0.019420000076294),
(-0.00854266641776688,-0.0044860674538846,0.0222250003814697),(-0.00848889771694721,
-0.121351894081641,-0.019420000076294),(-0.00833223267728287,-0.00876954464551185,
0.019420000076294),(-0.00833223267728287,-0.00876954464551185,0.0222250003814697),
(-0.00833223267728287,-0.00435993832377008,0.019420000076294),(-0.00833223267728287,
-0.00435993832377008,0.0222250003814697),(-0.0081104494161306,-0.00887444031591918,
0.019420000076294),(-0.0081104494161306,-0.00887444031591918,0.0222250003814697),
(-0.0081104494161306,-0.00425504265336274,0.019420000076294),(-0.0081104494161306,
-0.00425504265336274,0.0222250003814697),(-0.00787945252835403,-0.00895709232397149,
0.019420000076294),(-0.00787945252835403,-0.00895709232397149,0.0222250003814697),
(-0.00787945252835403,-0.00417239064531044,0.019420000076294),(-0.00787945252835403,
-0.00417239064531044,0.0222250003814697),(-0.0076414666402582,-0.00901670468564904,
0.019420000076294),(-0.0076414666402582,-0.00901670468564904,0.0222250003814697),
(-0.0076414666402582,-0.00411277828363288,0.019420000076294),(-0.0076414666402582,
-0.00411277828363288,0.0222250003814697),(-0.00739878368604178,-0.00905270330132146,
0.019420000076294),(-0.00739878368604178,-0.00905270330132146,0.0222250003814697),
(-0.00739878368604178,-0.00407677966796047,0.019420000076294),(-0.00739878368604178,
-0.00407677966796047,0.0222250003814697),(-0.00715374083521788,-0.00906474148464096,
0.0222250003814697),(-0.00715374083521787,-0.00906474148464096,0.019420000076294),
(-0.00715374083521787,-0.00406474148464096,0.019420000076294),(-0.00715374083521787,
-0.00406474148464096,0.0222250003814697),(-0.00690869798439397,-0.00905270330132146,
0.019420000076294),(-0.00690869798439397,-0.00905270330132146,0.0222250003814697),
(-0.00690869798439397,-0.00407677966796047,0.019420000076294),(-0.00690869798439397,
-0.00407677966796047,0.0222250003814697),(-0.00666601503017755,-0.00901670468564904,
0.019420000076294),(-0.00666601503017755,-0.00901670468564904,0.0222250003814697),
(-0.00666601503017755,-0.00411277828363288,0.019420000076294),(-0.00666601503017755,
-0.00411277828363288,0.0222250003814697),(-0.00642802914208172,-0.00895709232397149,
0.019420000076294),(-0.00642802914208172,-0.00895709232397149,0.0222250003814697),
(-0.00642802914208172,-0.00417239064531044,0.019420000076294),(-0.00642802914208172,
-0.00417239064531044,0.0222250003814697),(-0.00619703225430515,-0.00887444031591918,
0.019420000076294),(-0.00619703225430515,-0.00887444031591918,0.0222250003814697),
(-0.00619703225430515,-0.00425504265336274,0.019420000076294),(-0.00619703225430515,
-0.00425504265336274,0.0222250003814697),(-0.00597524899315288,-0.00876954464551185,
0.019420000076294),(-0.00597524899315288,-0.00876954464551185,0.0222250003814697),
(-0.00597524899315288,-0.00435993832377008,0.019420000076294),(-0.00597524899315288,
-0.00435993832377008,0.0222250003814697),(-0.00576481525266887,-0.00864341551539733,
0.019420000076294),(-0.00576481525266887,-0.00864341551539733,0.0222250003814697),
(-0.00576481525266887,-0.0044860674538846,0.019420000076294),(-0.00576481525266887,
-0.0044860674538846,0.0222250003814697),(-0.00556775762480876,-0.00849726761804781,
0.019420000076294),(-0.00556775762480876,-0.00849726761804781,0.0222250003814697),
(-0.00556775762480876,-0.00463221535123412,0.019420000076294),(-0.00556775762480876,
-0.00463221535123412,0.0222250003814697),(-0.00538597388225151,-0.00833250843760733,
0.019420000076294),(-0.00538597388225151,-0.00833250843760733,0.0222250003814697),
(-0.00538597388225151,-0.00479697453167459,0.019420000076294),(-0.00538597388225151,
-0.00479697453167459,0.0222250003814697),(-0.00522121470181103,-0.00815072469505008,
0.019420000076294),(-0.00522121470181103,-0.00815072469505008,0.0222250003814697),
(-0.00522121470181103,-0.00497875827423185,0.019420000076294),(-0.00522121470181103,
-0.00497875827423185,0.0222250003814697),(-0.00507506680446151,-0.00795366706718997,
0.019420000076294),(-0.00507506680446151,-0.00795366706718997,0.0222250003814697),
(-0.00507506680446151,-0.00517581590209196,0.019420000076294),(-0.00507506680446151,
-0.00517581590209196,0.0222250003814697),(-0.00494893767434699,-0.00774323332670596,
0.019420000076294),(-0.00494893767434699,-0.00774323332670596,0.0222250003814697),
(-0.00494893767434699,-0.00538624964257597,0.019420000076294),(-0.00494893767434699,
-0.00538624964257597,0.0222250003814697),(-0.00484404200393966,-0.00752145006555369,
0.019420000076294),(-0.00484404200393966,-0.00752145006555369,0.0222250003814697),
(-0.00484404200393966,-0.00560803290372824,0.019420000076294),(-0.00484404200393966,
-0.00560803290372824,0.0222250003814697),(-0.00476138999588735,-0.00729045317777712,
0.019420000076294),(-0.00476138999588735,-0.00729045317777712,0.0222250003814697),
(-0.00476138999588735,-0.00583902979150481,0.019420000076294),(-0.00476138999588735,
-0.00583902979150481,0.0222250003814697),(-0.0047017776342098,-0.00705246728968129,
0.019420000076294),(-0.0047017776342098,-0.00705246728968129,0.0222250003814697),
(-0.0047017776342098,-0.00607701567960064,0.019420000076294),(-0.0047017776342098,
-0.00607701567960064,0.0222250003814697),(-0.00466577901853738,-0.00680978433546487,
0.019420000076294),(-0.00466577901853738,-0.00680978433546486,0.0222250003814697),
(-0.00466577901853738,-0.00631969863381706,0.019420000076294),(-0.00466577901853738,
-0.00631969863381706,0.0222250003814697),(-0.00465374083521787,-0.00656474148464096,
0.019420000076294),(-0.00465374083521787,-0.00656474148464096,0.0222250003814697),
(-0.0035,-0.105928001403809,-0.0222250003814697),(-0.0035,-0.105928001403809,
-0.019420000076294),(-0.0035,-0.0920718002319336,-0.0222250003814697),(-0.0035,
-0.0920718002319336,-0.019420000076294),(-0.0035,-0.0889281997680664,-0.0222250003814697),
(-0.0035,-0.0889281997680664,-0.019420000076294),(-0.0035,-0.0750718002319336,
-0.0222250003814697),(-0.0035,-0.0750718002319336,-0.019420000076294),(-0.0035,
-0.0719281997680664,-0.0222250003814697),(-0.0035,-0.0719281997680664,-0.019420000076294),
(-0.0035,-0.0580718002319336,-0.0222250003814697),(-0.0035,-0.0580718002319336,
-0.019420000076294),(-0.0035,-0.0549281997680664,-0.0222250003814697),(-0.0035,
-0.0549281997680664,-0.019420000076294),(-0.0035,-0.0410718002319336,-0.0222250003814697),
(-0.0035,-0.0410718002319336,-0.019420000076294),(-0.0035,-0.0379281997680664,
-0.0222250003814697),(-0.0035,-0.0379281997680664,-0.019420000076294),(-0.0035,
-0.0240718002319336,-0.0222250003814697),(-0.0035,-0.0240718002319336,-0.019420000076294),
(-0.0035,-0.0240718002319336,0.019420000076294),(-0.0035,-0.0240718002319336,
0.0222250003814697),(-0.0005,-0.1075,-0.0222250003814697),(-0.0005,-0.1075,
-0.019420000076294),(-0.0005,-0.0905,-0.0222250003814697),(-0.0005,-0.0905,
-0.019420000076294),(-0.0005,-0.0735,-0.0222250003814697),(-0.0005,-0.0735,
-0.019420000076294),(-0.0005,-0.0565,-0.0222250003814697),(-0.0005,-0.0565,
-0.019420000076294),(-0.0005,-0.0395,-0.0222250003814697),(-0.0005,-0.0395,
-0.019420000076294),(-0.0005,-0.0225,-0.0222250003814697),(-0.0005,-0.0225,
-0.019420000076294),(-0.0005,-0.0225,0.019420000076294),(-0.0005,-0.0225,
0.0222250003814697),(0.000384350847796416,-0.0312003101073685,0.019420000076294),
(0.000384350847796416,-0.0312003101073685,0.0195010990531001),(0.000384350847796416,
-0.0312003101073685,0.0222250003814697),(0.000476434105015472,-0.0312003101073685,
0.019420000076294),(0.0005,-0.099,-0.0222250003814697),(0.0005,-0.099,-0.019420000076294),
(0.0005,-0.082,-0.0222250003814697),(0.0005,-0.082,-0.019420000076294),
(0.0005,-0.065,-0.0222250003814697),(0.0005,-0.065,-0.019420000076294),
(0.0005,-0.048,-0.0222250003814697),(0.0005,-0.048,-0.019420000076294),
(0.0005,-0.031,-0.0222250003814697),(0.0005,-0.031,-0.019420000076294),
(0.0005,-0.031,0.019420000076294),(0.0005,-0.031,0.0222250003814697),(0.000882319782054116,
-0.0312003101073685,0.019420000076294),(0.000882319782054116,-0.0312003101073685,
0.0222250003814697),(0.0035,-0.114428001403809,-0.0222250003814697),(0.0035,
-0.114428001403809,-0.019420000076294),(0.0035,-0.100571998596191,-0.0222250003814697),
(0.0035,-0.100571998596191,-0.019420000076294),(0.0035,-0.0974281997680664,
-0.0222250003814697),(0.0035,-0.0974281997680664,-0.019420000076294),(0.0035,
-0.0835718002319336,-0.0222250003814697),(0.0035,-0.0835718002319336,-0.019420000076294),
(0.0035,-0.0804281997680664,-0.0222250003814697),(0.0035,-0.0804281997680664,
-0.019420000076294),(0.0035,-0.0665718002319336,-0.0222250003814697),(0.0035,
-0.0665718002319336,-0.019420000076294),(0.0035,-0.0634281997680664,-0.0222250003814697),
(0.0035,-0.0634281997680664,-0.019420000076294),(0.0035,-0.0495718002319336,
-0.0222250003814697),(0.0035,-0.0495718002319336,-0.019420000076294),(0.0035,
-0.0464281997680664,-0.0222250003814697),(0.0035,-0.0464281997680664,-0.019420000076294),
(0.0035,-0.0325718002319336,-0.0222250003814697),(0.0035,-0.0325718002319336,
-0.019420000076294),(0.0035,-0.0312003101073685,0.019420000076294),(0.0035,
-0.0312003101073685,0.0222250003814697),(0.0035,-0.0294281997680664,-0.0222250003814697),
(0.0035,-0.0294281997680664,-0.019420000076294),(0.0035,-0.0294281997680664,
0.019420000076294),(0.0035,-0.0294281997680664,0.0222250003814697),(0.0035,
-0.0155718002319336,-0.0222250003814697),(0.0035,-0.0155718002319336,-0.019420000076294),
(0.0035,-0.0155718002319336,0.019420000076294),(0.0035,-0.0155718002319336,
0.0222250003814697),(0.00699024029059451,-0.0312003101073685,0.019420000076294),
(0.00800975970940549,-0.0312003101073685,0.0222250003814697),(0.0104596474766447,
-0.121351894081641,-0.019420000076294),(0.0111443870841609,-0.121351894081641,
-0.019420000076294),(0.0115,-0.114428001403809,-0.0222250003814697),(0.0115,
-0.114428001403809,-0.019420000076294),(0.0115,-0.100571998596191,-0.0222250003814697),
(0.0115,-0.100571998596191,-0.019420000076294),(0.0115,-0.0974281997680664,
-0.0222250003814697),(0.0115,-0.0974281997680664,-0.019420000076294),(0.0115,
-0.0835718002319336,-0.0222250003814697),(0.0115,-0.0835718002319336,-0.019420000076294),
(0.0115,-0.0804281997680664,-0.0222250003814697),(0.0115,-0.0804281997680664,
-0.019420000076294),(0.0115,-0.0665718002319336,-0.0222250003814697),(0.0115,
-0.0665718002319336,-0.019420000076294),(0.0115,-0.0634281997680664,-0.0222250003814697),
(0.0115,-0.0634281997680664,-0.019420000076294),(0.0115,-0.0495718002319336,
-0.0222250003814697),(0.0115,-0.0495718002319336,-0.019420000076294),(0.0115,
-0.0464281997680664,-0.0222250003814697),(0.0115,-0.0464281997680664,-0.019420000076294),
(0.0115,-0.0325718002319336,-0.0222250003814697),(0.0115,-0.0325718002319336,
-0.019420000076294),(0.0115,-0.0312003101073685,0.019420000076294),(0.0115,
-0.0312003101073685,0.0222250003814697),(0.0115,-0.0294281997680664,-0.0222250003814697),
(0.0115,-0.0294281997680664,-0.019420000076294),(0.0115,-0.0294281997680664,
0.019420000076294),(0.0115,-0.0294281997680664,0.0222250003814697),(0.0115,
-0.0155718002319336,-0.0222250003814697),(0.0115,-0.0155718002319336,-0.019420000076294),
(0.0115,-0.0155718002319336,0.019420000076294),(0.0115,-0.0155718002319336,
0.0222250003814697),(0.0125159984077516,-0.121351894081641,-0.019420000076294),
(0.012848571024888,-0.121351894081641,-0.019420000076294),(0.013171172306604,
-0.121351894081641,-0.019420000076294),(0.0133659826738726,-0.121351894081641,
-0.019420000076294),(0.0141176802179459,-0.0312003101073685,0.019420000076294),
(0.0141176802179459,-0.0312003101073685,0.0222250003814697),(0.0143990323284212,
-0.121351894081641,-0.019420000076294),(0.0145,-0.099,-0.0222250003814697),
(0.0145,-0.099,-0.019420000076294),(0.0145,-0.082,-0.0222250003814697),
(0.0145,-0.082,-0.019420000076294),(0.0145,-0.065,-0.0222250003814697),
(0.0145,-0.065,-0.019420000076294),(0.0145,-0.048,-0.0222250003814697),
(0.0145,-0.048,-0.019420000076294),(0.0145,-0.031,-0.0222250003814697),
(0.0145,-0.031,-0.019420000076294),(0.0145,-0.031,0.019420000076294),(0.0145,
-0.031,0.0222250003814697),(0.0145235658949845,-0.0312003101073685,0.0222250003814697),
(0.0146156491522036,-0.0312003101073685,0.019420000076294),(0.0146156491522036,
-0.0312003101073685,0.0221439014046637),(0.0146156491522036,-0.0312003101073685,
0.0222250003814697),(0.0155,-0.1075,-0.0222250003814697),(0.0155,-0.1075,
-0.019420000076294),(0.0155,-0.0905,-0.0222250003814697),(0.0155,-0.0905,
-0.019420000076294),(0.0155,-0.0735,-0.0222250003814697),(0.0155,-0.0735,
-0.019420000076294),(0.0155,-0.0565,-0.0222250003814697),(0.0155,-0.0565,
-0.019420000076294),(0.0155,-0.0395,-0.0222250003814697),(0.0155,-0.0395,
-0.019420000076294),(0.0155,-0.0225,-0.0222250003814697),(0.0155,-0.0225,
-0.019420000076294),(0.0155,-0.0225,0.019420000076294),(0.0155,-0.0225,
0.0222250003814697),(0.0185,-0.105928001403809,-0.0222250003814697),(0.0185,
-0.105928001403809,-0.019420000076294),(0.0185,-0.0920718002319336,-0.0222250003814697),
(0.0185,-0.0920718002319336,-0.019420000076294),(0.0185,-0.0889281997680664,
-0.0222250003814697),(0.0185,-0.0889281997680664,-0.019420000076294),(0.0185,
-0.0750718002319336,-0.0222250003814697),(0.0185,-0.0750718002319336,-0.019420000076294),
(0.0185,-0.0719281997680664,-0.0222250003814697),(0.0185,-0.0719281997680664,
-0.019420000076294),(0.0185,-0.0580718002319336,-0.0222250003814697),(0.0185,
-0.0580718002319336,-0.019420000076294),(0.0185,-0.0549281997680664,-0.0222250003814697),
(0.0185,-0.0549281997680664,-0.019420000076294),(0.0185,-0.0410718002319336,
-0.0222250003814697),(0.0185,-0.0410718002319336,-0.019420000076294),(0.0185,
-0.0379281997680664,-0.0222250003814697),(0.0185,-0.0379281997680664,-0.019420000076294),
(0.0185,-0.0240718002319336,-0.0222250003814697),(0.0185,-0.0240718002319336,
-0.019420000076294),(0.0185,-0.0240718002319336,0.019420000076294),(0.0185,
-0.0240718002319336,0.0222250003814697),(0.0265,-0.105928001403809,-0.0222250003814697),
(0.0265,-0.105928001403809,-0.019420000076294),(0.0265,-0.0920718002319336,
-0.0222250003814697),(0.0265,-0.0920718002319336,-0.019420000076294),(0.0265,
-0.0889281997680664,-0.0222250003814697),(0.0265,-0.0889281997680664,-0.019420000076294),
(0.0265,-0.0750718002319336,-0.0222250003814697),(0.0265,-0.0750718002319336,
-0.019420000076294),(0.0265,-0.0719281997680664,-0.0222250003814697),(0.0265,
-0.0719281997680664,-0.019420000076294),(0.0265,-0.0580718002319336,-0.0222250003814697),
(0.0265,-0.0580718002319336,-0.019420000076294),(0.0265,-0.0549281997680664,
-0.0222250003814697),(0.0265,-0.0549281997680664,-0.019420000076294),(0.0265,
-0.0410718002319336,-0.0222250003814697),(0.0265,-0.0410718002319336,-0.019420000076294),
(0.0265,-0.0379281997680664,-0.0222250003814697),(0.0265,-0.0379281997680664,
-0.019420000076294),(0.0265,-0.0240718002319336,-0.0222250003814697),(0.0265,
-0.0240718002319336,-0.019420000076294),(0.0265,-0.0240718002319336,0.019420000076294),
(0.0265,-0.0240718002319336,0.0222250003814697),(0.0295,-0.1075,-0.0222250003814697),
(0.0295,-0.1075,-0.019420000076294),(0.0295,-0.0905,-0.0222250003814697),
(0.0295,-0.0905,-0.019420000076294),(0.0295,-0.0735,-0.0222250003814697),
(0.0295,-0.0735,-0.019420000076294),(0.0295,-0.0565,-0.0222250003814697),
(0.0295,-0.0565,-0.019420000076294),(0.0295,-0.0395,-0.0222250003814697),
(0.0295,-0.0395,-0.019420000076294),(0.0295,-0.0225,-0.0222250003814697),
(0.0295,-0.0225,-0.019420000076294),(0.0295,-0.0225,0.019420000076294),
(0.0295,-0.0225,0.0222250003814697),(0.0303843508477964,-0.0312003101073685,
0.019420000076294),(0.0303843508477964,-0.0312003101073685,0.0195010990531001),
(0.0303843508477964,-0.0312003101073685,0.0222250003814697),(0.0304764341050155,
-0.0312003101073685,0.019420000076294),(0.0305,-0.099,-0.0222250003814697),
(0.0305,-0.099,-0.019420000076294),(0.0305,-0.082,-0.0222250003814697),
(0.0305,-0.082,-0.019420000076294),(0.0305,-0.065,-0.0222250003814697),
(0.0305,-0.065,-0.019420000076294),(0.0305,-0.048,-0.0222250003814697),
(0.0305,-0.048,-0.019420000076294),(0.0305,-0.031,-0.0222250003814697),
(0.0305,-0.031,-0.019420000076294),(0.0305,-0.031,0.019420000076294),(0.0305,
-0.031,0.0222250003814697),(0.0308823197820541,-0.0312003101073685,0.019420000076294),
(0.0308823197820541,-0.0312003101073685,0.0222250003814697),(0.0333475696735901,
-0.121351894081641,-0.019420000076294),(0.0335,-0.114428001403809,-0.0222250003814697),
(0.0335,-0.114428001403809,-0.019420000076294),(0.0335,-0.100571998596191,
-0.0222250003814697),(0.0335,-0.100571998596191,-0.019420000076294),(0.0335,
-0.0974281997680664,-0.0222250003814697),(0.0335,-0.0974281997680664,-0.019420000076294),
(0.0335,-0.0835718002319336,-0.0222250003814697),(0.0335,-0.0835718002319336,
-0.019420000076294),(0.0335,-0.0804281997680664,-0.0222250003814697),(0.0335,
-0.0804281997680664,-0.019420000076294),(0.0335,-0.0665718002319336,-0.0222250003814697),
(0.0335,-0.0665718002319336,-0.019420000076294),(0.0335,-0.0634281997680664,
-0.0222250003814697),(0.0335,-0.0634281997680664,-0.019420000076294),(0.0335,
-0.0495718002319336,-0.0222250003814697),(0.0335,-0.0495718002319336,-0.019420000076294),
(0.0335,-0.0464281997680664,-0.0222250003814697),(0.0335,-0.0464281997680664,
-0.019420000076294),(0.0335,-0.0325718002319336,-0.0222250003814697),(0.0335,
-0.0325718002319336,-0.019420000076294),(0.0335,-0.0312003101073685,0.019420000076294),
(0.0335,-0.0312003101073685,0.0222250003814697),(0.0335,-0.0294281997680664,
-0.0222250003814697),(0.0335,-0.0294281997680664,-0.019420000076294),(0.0335,
-0.0294281997680664,0.019420000076294),(0.0335,-0.0294281997680664,0.0222250003814697),
(0.0335,-0.0155718002319336,-0.0222250003814697),(0.0335,-0.0155718002319336,
-0.019420000076294),(0.0335,-0.0155718002319336,0.019420000076294),(0.0335,
-0.0155718002319336,0.0222250003814697),(0.0347191809971808,-0.121351894081641,
-0.019420000076294),(0.035403920604697,-0.121351894081641,-0.019420000076294),
(0.0369902402905945,-0.0312003101073685,0.019420000076294),(0.0380097597094055,
-0.0312003101073685,0.0222250003814697),(0.0415,-0.114428001403809,-0.0222250003814697),
(0.0415,-0.114428001403809,-0.019420000076294),(0.0415,-0.100571998596191,
-0.0222250003814697),(0.0415,-0.100571998596191,-0.019420000076294),(0.0415,
-0.0974281997680664,-0.0222250003814697),(0.0415,-0.0974281997680664,-0.019420000076294),
(0.0415,-0.0835718002319336,-0.0222250003814697),(0.0415,-0.0835718002319336,
-0.019420000076294),(0.0415,-0.0804281997680664,-0.0222250003814697),(0.0415,
-0.0804281997680664,-0.019420000076294),(0.0415,-0.0665718002319336,-0.0222250003814697),
(0.0415,-0.0665718002319336,-0.019420000076294),(0.0415,-0.0634281997680664,
-0.0222250003814697),(0.0415,-0.0634281997680664,-0.019420000076294),(0.0415,
-0.0495718002319336,-0.0222250003814697),(0.0415,-0.0495718002319336,-0.019420000076294),
(0.0415,-0.0464281997680664,-0.0222250003814697),(0.0415,-0.0464281997680664,
-0.019420000076294),(0.0415,-0.0325718002319336,-0.0222250003814697),(0.0415,
-0.0325718002319336,-0.019420000076294),(0.0415,-0.0312003101073685,0.019420000076294),
(0.0415,-0.0312003101073685,0.0222250003814697),(0.0415,-0.0294281997680664,
-0.0222250003814697),(0.0415,-0.0294281997680664,-0.019420000076294),(0.0415,
-0.0294281997680664,0.019420000076294),(0.0415,-0.0294281997680664,0.0222250003814697),
(0.0415,-0.0155718002319336,-0.0222250003814697),(0.0415,-0.0155718002319336,
-0.019420000076294),(0.0415,-0.0155718002319336,0.019420000076294),(0.0415,
-0.0155718002319336,0.0222250003814697),(0.0441176802179459,-0.0312003101073685,
0.019420000076294),(0.0441176802179459,-0.0312003101073685,0.0222250003814697),
(0.0445,-0.099,-0.0222250003814697),(0.0445,-0.099,-0.019420000076294),
(0.0445,-0.082,-0.0222250003814697),(0.0445,-0.082,-0.019420000076294),
(0.0445,-0.065,-0.0222250003814697),(0.0445,-0.065,-0.019420000076294),
(0.0445,-0.048,-0.0222250003814697),(0.0445,-0.048,-0.019420000076294),
(0.0445,-0.031,-0.0222250003814697),(0.0445,-0.031,-0.019420000076294),
(0.0445,-0.031,0.019420000076294),(0.0445,-0.031,0.0222250003814697),(0.0445235658949845,
-0.0312003101073685,0.0222250003814697),(0.0446156491522036,-0.0312003101073685,
0.019420000076294),(0.0446156491522036,-0.0312003101073685,0.0221439014046637),
(0.0446156491522036,-0.0312003101073685,0.0222250003814697),(0.0455,-0.1075,
-0.0222250003814697),(0.0455,-0.1075,-0.019420000076294),(0.0455,-0.0905,
-0.0222250003814697),(0.0455,-0.0905,-0.019420000076294),(0.0455,-0.0735,
-0.0222250003814697),(0.0455,-0.0735,-0.019420000076294),(0.0455,-0.0565,
-0.0222250003814697),(0.0455,-0.0565,-0.019420000076294),(0.0455,-0.0395,
-0.0222250003814697),(0.0455,-0.0395,-0.019420000076294),(0.0455,-0.0225,
-0.0222250003814697),(0.0455,-0.0225,-0.019420000076294),(0.0455,-0.0225,
0.019420000076294),(0.0455,-0.0225,0.0222250003814697),(0.0485,-0.105928001403809,
-0.0222250003814697),(0.0485,-0.105928001403809,-0.019420000076294),(0.0485,
-0.0920718002319336,-0.0222250003814697),(0.0485,-0.0920718002319336,-0.019420000076294),
(0.0485,-0.0889281997680664,-0.0222250003814697),(0.0485,-0.0889281997680664,
-0.019420000076294),(0.0485,-0.0750718002319336,-0.0222250003814697),(0.0485,
-0.0750718002319336,-0.019420000076294),(0.0485,-0.0719281997680664,-0.0222250003814697),
(0.0485,-0.0719281997680664,-0.019420000076294),(0.0485,-0.0580718002319336,
-0.0222250003814697),(0.0485,-0.0580718002319336,-0.019420000076294),(0.0485,
-0.0549281997680664,-0.0222250003814697),(0.0485,-0.0549281997680664,-0.019420000076294),
(0.0485,-0.0410718002319336,-0.0222250003814697),(0.0485,-0.0410718002319336,
-0.019420000076294),(0.0485,-0.0379281997680664,-0.0222250003814697),(0.0485,
-0.0379281997680664,-0.019420000076294),(0.0485,-0.0240718002319336,-0.0222250003814697),
(0.0485,-0.0240718002319336,-0.019420000076294),(0.0485,-0.0240718002319336,
0.019420000076294),(0.0485,-0.0240718002319336,0.0222250003814697),(0.0492409697214313,
-0.121351894081641,-0.019420000076294),(0.0543525460266124,-0.121351894081641,
-0.019420000076294),(0.0551061444980011,-0.121351894081641,-0.019420000076294),
(0.0552710810439872,-0.121351894081641,-0.019420000076294),(0.0555936823257032,
-0.121351894081641,-0.019420000076294),(0.0557319019364163,-0.121351894081641,
-0.019420000076294),(0.056235579947282,-0.121351894081641,-0.019420000076294),
(0.0565,-0.105928001403809,-0.0222250003814697),(0.0565,-0.105928001403809,
-0.019420000076294),(0.0565,-0.0920718002319336,-0.0222250003814697),(0.0565,
-0.0920718002319336,-0.019420000076294),(0.0565,-0.0889281997680664,-0.0222250003814697),
(0.0565,-0.0889281997680664,-0.019420000076294),(0.0565,-0.0750718002319336,
-0.0222250003814697),(0.0565,-0.0750718002319336,-0.019420000076294),(0.0565,
-0.0719281997680664,-0.0222250003814697),(0.0565,-0.0719281997680664,-0.019420000076294),
(0.0565,-0.0580718002319336,-0.0222250003814697),(0.0565,-0.0580718002319336,
-0.019420000076294),(0.0565,-0.0549281997680664,-0.0222250003814697),(0.0565,
-0.0549281997680664,-0.019420000076294),(0.0565,-0.0410718002319336,-0.0222250003814697),
(0.0565,-0.0410718002319336,-0.019420000076294),(0.0565,-0.0379281997680664,
-0.0222250003814697),(0.0565,-0.0379281997680664,-0.019420000076294),(0.0565,
-0.0240718002319336,-0.0222250003814697),(0.0565,-0.0240718002319336,-0.019420000076294),
(0.0565,-0.0240718002319336,0.019420000076294),(0.0565,-0.0240718002319336,
0.0222250003814697),(0.0576071912708727,-0.121351894081641,-0.019420000076294),
(0.0595,-0.1075,-0.0222250003814697),(0.0595,-0.1075,-0.019420000076294),
(0.0595,-0.0905,-0.0222250003814697),(0.0595,-0.0905,-0.019420000076294),
(0.0595,-0.0735,-0.0222250003814697),(0.0595,-0.0735,-0.019420000076294),
(0.0595,-0.0565,-0.0222250003814697),(0.0595,-0.0565,-0.019420000076294),
(0.0595,-0.0395,-0.0222250003814697),(0.0595,-0.0395,-0.019420000076294),
(0.0595,-0.0225,-0.0222250003814697),(0.0595,-0.0225,-0.019420000076294),
(0.0595,-0.0225,0.019420000076294),(0.0595,-0.0225,0.0222250003814697),
(0.0599508157487312,-0.121351894081641,-0.019420000076294),(0.0603843508477964,
-0.0312003101073685,0.019420000076294),(0.0603843508477964,-0.0312003101073685,
0.0195010990531001),(0.0603843508477964,-0.0312003101073685,0.0222250003814697),
(0.0605,-0.099,-0.0222250003814697),(0.0605,-0.099,-0.019420000076294),
(0.0605,-0.082,-0.0222250003814697),(0.0605,-0.082,-0.019420000076294),
(0.0605,-0.065,-0.0222250003814697),(0.0605,-0.065,-0.019420000076294),
(0.0605,-0.048,-0.0222250003814697),(0.0605,-0.048,-0.019420000076294),
(0.0605,-0.031,-0.0222250003814697),(0.0605,-0.031,-0.019420000076294),
(0.0605,-0.031,0.019420000076294),(0.0605,-0.031,0.0222250003814697),(0.0620406150146924,
-0.0312003101073685,0.019420000076294),(0.0620406150146924,-0.0312003101073685,
0.0222250003814697),(0.0635,-0.114428001403809,-0.0222250003814697),(0.0635,
-0.114428001403809,-0.019420000076294),(0.0635,-0.100571998596191,-0.0222250003814697),
(0.0635,-0.100571998596191,-0.019420000076294),(0.0635,-0.0974281997680664,
-0.0222250003814697),(0.0635,-0.0974281997680664,-0.019420000076294),(0.0635,
-0.0835718002319336,-0.0222250003814697),(0.0635,-0.0835718002319336,-0.019420000076294),
(0.0635,-0.0804281997680664,-0.0222250003814697),(0.0635,-0.0804281997680664,
-0.019420000076294),(0.0635,-0.0665718002319336,-0.0222250003814697),(0.0635,
-0.0665718002319336,-0.019420000076294),(0.0635,-0.0634281997680664,-0.0222250003814697),
(0.0635,-0.0634281997680664,-0.019420000076294),(0.0635,-0.0495718002319336,
-0.0222250003814697),(0.0635,-0.0495718002319336,-0.019420000076294),(0.0635,
-0.0464281997680664,-0.0222250003814697),(0.0635,-0.0464281997680664,-0.019420000076294),
(0.0635,-0.0325718002319336,-0.0222250003814697),(0.0635,-0.0325718002319336,
-0.019420000076294),(0.0635,-0.0312003101073685,0.019420000076294),(0.0635,
-0.0312003101073685,0.0222250003814697),(0.0635,-0.0294281997680664,-0.0222250003814697),
(0.0635,-0.0294281997680664,-0.019420000076294),(0.0635,-0.0294281997680664,
0.019420000076294),(0.0635,-0.0294281997680664,0.0222250003814697),(0.0635,
-0.0155718002319336,-0.0222250003814697),(0.0635,-0.0155718002319336,-0.019420000076294),
(0.0635,-0.0155718002319336,0.019420000076294),(0.0635,-0.0155718002319336,
0.0222250003814697),(0.0680097597094055,-0.0312003101073685,0.019420000076294),
(0.0680097597094055,-0.0312003101073685,0.0222250003814697),(0.0680386215447954,
-0.0312003101073685,0.019420000076294),(0.0715,-0.114428001403809,-0.0222250003814697),
(0.0715,-0.114428001403809,-0.019420000076294),(0.0715,-0.100571998596191,
-0.0222250003814697),(0.0715,-0.100571998596191,-0.019420000076294),(0.0715,
-0.0974281997680664,-0.0222250003814697),(0.0715,-0.0974281997680664,-0.019420000076294),
(0.0715,-0.0835718002319336,-0.0222250003814697),(0.0715,-0.0835718002319336,
-0.019420000076294),(0.0715,-0.0804281997680664,-0.0222250003814697),(0.0715,
-0.0804281997680664,-0.019420000076294),(0.0715,-0.0665718002319336,-0.0222250003814697),
(0.0715,-0.0665718002319336,-0.019420000076294),(0.0715,-0.0634281997680664,
-0.0222250003814697),(0.0715,-0.0634281997680664,-0.019420000076294),(0.0715,
-0.0495718002319336,-0.0222250003814697),(0.0715,-0.0495718002319336,-0.019420000076294),
(0.0715,-0.0464281997680664,-0.0222250003814697),(0.0715,-0.0464281997680664,
-0.019420000076294),(0.0715,-0.0325718002319336,-0.0222250003814697),(0.0715,
-0.0325718002319336,-0.019420000076294),(0.0715,-0.0312003101073685,0.0222250003814697),
(0.0715,-0.0294281997680664,-0.0222250003814697),(0.0715,-0.0294281997680664,
-0.019420000076294),(0.0715,-0.0294281997680664,0.019420000076294),(0.0715,
-0.0294281997680664,0.0222250003814697),(0.0715,-0.0155718002319336,-0.0222250003814697),
(0.0715,-0.0155718002319336,-0.019420000076294),(0.0715,-0.0155718002319336,
0.019420000076294),(0.0715,-0.0155718002319336,0.0222250003814697),(0.0726294624555242,
-0.0312003101073685,0.0222250003814697),(0.0732520115276185,-0.0312003101073685,
0.019420000076294),(0.0741176802179459,-0.0312003101073685,0.0222250003814697),
(0.0745,-0.099,-0.0222250003814697),(0.0745,-0.099,-0.019420000076294),
(0.0745,-0.082,-0.0222250003814697),(0.0745,-0.082,-0.019420000076294),
(0.0745,-0.065,-0.0222250003814697),(0.0745,-0.065,-0.019420000076294),
(0.0745,-0.048,-0.0222250003814697),(0.0745,-0.048,-0.019420000076294),
(0.0745,-0.031,-0.0222250003814697),(0.0745,-0.031,-0.019420000076294),
(0.0745,-0.031,0.019420000076294),(0.0745,-0.031,0.0222250003814697),(0.0745235658949845,
-0.0312003101073685,0.0222250003814697),(0.0746156491522036,-0.0312003101073685,
0.0221439014046637),(0.0746156491522036,-0.0312003101073685,0.0222250003814697),
(0.0746156496258011,-0.0312003101073685,0.019420000076294),(0.0746156496258011,
-0.0312003101073685,0.0220651830746735),(0.0755,-0.1075,-0.0222250003814697),
(0.0755,-0.1075,-0.019420000076294),(0.0755,-0.0905,-0.0222250003814697),
(0.0755,-0.0905,-0.019420000076294),(0.0755,-0.0735,-0.0222250003814697),
(0.0755,-0.0735,-0.019420000076294),(0.0755,-0.0565,-0.0222250003814697),
(0.0755,-0.0565,-0.019420000076294),(0.0755,-0.0395,-0.0222250003814697),
(0.0755,-0.0395,-0.019420000076294),(0.0755,-0.0225,-0.0222250003814697),
(0.0755,-0.0225,-0.019420000076294),(0.0755,-0.0225,0.019420000076294),
(0.0755,-0.0225,0.0222250003814697),(0.0765557294880886,-0.121351894081641,
-0.019420000076294),(0.0772404690956049,-0.121351894081641,-0.019420000076294),
(0.0785,-0.105928001403809,-0.0222250003814697),(0.0785,-0.105928001403809,
-0.019420000076294),(0.0785,-0.0920718002319336,-0.0222250003814697),(0.0785,
-0.0920718002319336,-0.019420000076294),(0.0785,-0.0889281997680664,-0.0222250003814697),
(0.0785,-0.0889281997680664,-0.019420000076294),(0.0785,-0.0750718002319336,
-0.0222250003814697),(0.0785,-0.0750718002319336,-0.019420000076294),(0.0785,
-0.0719281997680664,-0.0222250003814697),(0.0785,-0.0719281997680664,-0.019420000076294),
(0.0785,-0.0580718002319336,-0.0222250003814697),(0.0785,-0.0580718002319336,
-0.019420000076294),(0.0785,-0.0549281997680664,-0.0222250003814697),(0.0785,
-0.0549281997680664,-0.019420000076294),(0.0785,-0.0410718002319336,-0.0222250003814697),
(0.0785,-0.0410718002319336,-0.019420000076294),(0.0785,-0.0379281997680664,
-0.0222250003814697),(0.0785,-0.0379281997680664,-0.019420000076294),(0.0785,
-0.0240718002319336,-0.0222250003814697),(0.0785,-0.0240718002319336,-0.019420000076294),
(0.0785,-0.0240718002319336,0.019420000076294),(0.0785,-0.0240718002319336,
0.0222250003814697),(0.0786120804191956,-0.121351894081641,-0.019420000076294),
(0.0852413521037005,-0.121351894081641,-0.019420000076294),(0.0865,-0.105928001403809,
-0.0222250003814697),(0.0865,-0.105928001403809,-0.019420000076294),(0.0865,
-0.0920718002319336,-0.0222250003814697),(0.0865,-0.0920718002319336,-0.019420000076294),
(0.0865,-0.0889281997680664,-0.0222250003814697),(0.0865,-0.0889281997680664,
-0.019420000076294),(0.0865,-0.0750718002319336,-0.0222250003814697),(0.0865,
-0.0750718002319336,-0.019420000076294),(0.0865,-0.0719281997680664,-0.0222250003814697),
(0.0865,-0.0719281997680664,-0.019420000076294),(0.0865,-0.0580718002319336,
-0.0222250003814697),(0.0865,-0.0580718002319336,-0.019420000076294),(0.0865,
-0.0549281997680664,-0.0222250003814697),(0.0865,-0.0549281997680664,-0.019420000076294),
(0.0865,-0.0410718002319336,-0.0222250003814697),(0.0865,-0.0410718002319336,
-0.019420000076294),(0.0865,-0.0379281997680664,-0.0222250003814697),(0.0865,
-0.0379281997680664,-0.019420000076294),(0.0865,-0.0240718002319336,-0.0222250003814697),
(0.0865,-0.0240718002319336,-0.019420000076294),(0.0865,-0.0240718002319336,
0.019420000076294),(0.0865,-0.0240718002319336,0.0222250003814697),(0.0886734703183939,
-0.121422461502701,-0.0222250003814697),(0.0903514747156689,-0.121422461502701,
-0.0222250003814697),(0.0903843508477964,-0.0312003101073685,0.019420000076294),
(0.0903843508477964,-0.0312003101073685,0.0195010990531001),(0.0903843508477964,
-0.0312003101073685,0.0222250003814697),(0.0904204471483724,-0.0312003101073685,
0.019420000076294),(0.0905,-0.099,-0.0222250003814697),(0.0905,-0.099,-0.019420000076294),
(0.0905,-0.082,-0.0222250003814697),(0.0905,-0.082,-0.019420000076294),
(0.0905,-0.065,-0.0222250003814697),(0.0905,-0.065,-0.019420000076294),
(0.0905,-0.048,-0.0222250003814697),(0.0905,-0.048,-0.019420000076294),
(0.0905,-0.0312003101073685,0.019420000076294),(0.0905,-0.0312003101073685,
0.0222250003814697),(0.0905,-0.031,-0.0222250003814697),(0.0905,-0.031,
-0.019420000076294),(0.0905,-0.031,0.019420000076294),(0.0905,-0.031,0.0222250003814697),
(0.0909616581328598,-0.121422461502701,-0.0222250003814697),(0.091555310472136,
-0.121351894081641,-0.019420000076294),(0.0926395282719232,-0.121351894081641,
-0.019420000076294),(0.0926396625301348,-0.121422461502701,-0.0222250003814697),
(0.0931537673295417,-0.121351894081641,-0.019420000076294),(0.0932498459473257,
-0.121422461502701,-0.0222250003814697),(0.0940158837048299,-0.0312003101073685,
0.019420000076294),(0.0949278503446006,-0.121422461502701,-0.0222250003814697),
(0.0955380337617915,-0.121422461502701,-0.0222250003814697),(0.0956544503079665,
-0.0312003101073685,0.0222250003814697),(0.0957064107748675,-0.0312003101073685,
0.019420000076294),(0.0958056766165407,-0.121351894081641,-0.019420000076294),
(0.0966908209001406,-0.0312003101073685,0.019420000076294),(0.0972160381590665,
-0.121422461502701,-0.0222250003814697),(0.0978262215762574,-0.121422461502701,
-0.0222250003814697),(0.0978910249454113,-0.121351894081641,-0.019420000076294),
(0.0979802592385332,-0.0312003101073685,0.0222250003814697),(0.0988057599411576,
-0.121351894081641,-0.019420000076294),(0.0990241590907713,-0.121422461502701,
-0.0222250003814697),(0.0992200012207031,-0.000599998474121094,-0.0182199993133545),
(0.0992200012207031,-0.000599998474121094,0.0182199993133545),(0.0992200012207031,
1.38777878078145E-17,-0.0182199993133545),(0.0992200012207031,1.38777878078145E-17,
0.0182199993133545),(0.0992274092349123,-0.121422461502701,-0.0222250003814697),
(0.0992345419704137,-0.121351894081641,-0.019420000076294),(0.0992922540198785,
-0.0312003101073684,0.0222250003814697),(0.0994833414194882,-0.121351894081641,
-0.019420000076294),(0.0995148848684333,-0.121422461502701,-0.0222250003814697),
(0.0997614514902462,-0.121422461502701,-0.0222250003814697),(0.1,-0.0522448252010929,
0.019420000076294),(0.1,-0.0443909252272877,0.0222250003814697),(0.1,-0.0312003101073685,
0.019420000076294),(0.1,-0.0312003101073684,0.0222250003814697),(0.100090375110753,
-0.0522448252010929,0.019420000076294),(0.100419998168945,-0.121351894081641,
-0.019420000076294),(0.100419998168945,-0.12134345748916,-0.0190846520625884),
(0.100419998168945,-0.121341476559117,-0.0190059116283966),(0.100419998168945,
-0.121338279926156,-0.0188788479452307),(0.100419998168945,-0.121332253042933,
-0.0186392840072886),(0.100419998168945,-0.121316651355979,-0.0180191290404449),
(0.100419998168945,-0.12124586852562,-0.0152055663825706),(0.100419998168945,
-0.121135745270994,-0.0108282523445528),(0.100419998168945,-0.120992466807366,
-0.00513304444029922),(0.100419998168945,-0.11479661674845,-0.00292021242511615),
(0.100419998168945,-0.114428001403809,-0.0115),(0.100419998168945,-0.114428001403809,
-0.0035),(0.100419998168945,-0.111197419471083,-0.00163476831517433),(0.100419998168945,
-0.1075,-0.0155),(0.100419998168945,-0.10662869798068,-3.06111014409627E-6),
(0.100419998168945,-0.105785059338274,0.000298242275091098),(0.100419998168945,
-0.102447253910637,0.00149033095388338),(0.100419998168945,-0.100571998596191,
-0.0115),(0.100419998168945,-0.100571998596191,-0.0035),(0.100419998168945,
-0.099,-0.0005),(0.100419998168945,-0.0974281997680664,-0.0115),(0.100419998168945,
-0.0974281997680664,-0.0035),(0.100419998168945,-0.0920718002319336,0.0035),
(0.100419998168945,-0.0920718002319336,0.00519589772098847),(0.100419998168945,
-0.0912147396765796,0.00550199470813375),(0.100419998168945,-0.0905,-0.0155),
(0.100419998168945,-0.0905,0.0005),(0.100419998168945,-0.0898994700962864,
0.00597173987759294),(0.100419998168945,-0.0889281997680664,0.0035),(0.100419998168945,
-0.0889281997680664,0.00631862659325675),(0.100419998168945,-0.0835718002319336,
-0.0115),(0.100419998168945,-0.0835718002319336,-0.0035),(0.100419998168945,
-0.082,-0.0005),(0.100419998168945,-0.0804281997680664,-0.0115),(0.100419998168945,
-0.0804281997680664,-0.0035),(0.100419998168945,-0.0750718002319336,0.0035),
(0.100419998168945,-0.0750718002319336,0.0112674042778621),(0.100419998168945,
-0.0744205405751574,0.0115),(0.100419998168945,-0.0735,-0.0155),(0.100419998168945,
-0.0735,0.0005),(0.100419998168945,-0.0731082845850675,0.0119686688734193),
(0.100419998168945,-0.0719281997680664,0.0035),(0.100419998168945,-0.0719281997680664,
0.0115),(0.100419998168945,-0.0678858720404756,0.0138338401679598),(0.100419998168945,
-0.0665718002319336,-0.0115),(0.100419998168945,-0.0665718002319336,-0.0035),
(0.100419998168945,-0.065,-0.0005),(0.100419998168945,-0.0643199792765196,
0.0151073896560462),(0.100419998168945,-0.0641575216043151,0.0151654109985169),
(0.100419998168945,-0.0634281997680664,-0.0115),(0.100419998168945,-0.0634281997680664,
-0.0035),(0.100419998168945,-0.0632206844335189,0.0155),(0.100419998168945,
-0.0628551284067982,0.015630557400773),(0.100419998168945,-0.060293859662546,
0.0165453079875167),(0.100419998168945,-0.0580718002319336,0.0035),(0.100419998168945,
-0.0580718002319336,0.0115),(0.100419998168945,-0.0565,-0.0155),(0.100419998168945,
-0.0565,0.0005),(0.100419998168945,-0.0549281997680664,0.0035),(0.100419998168945,
-0.0549281997680664,0.0115),(0.100419998168945,-0.0522448252010929,0.019420000076294),
(0.100419998168945,-0.0495718002319336,-0.0115),(0.100419998168945,-0.0495718002319336,
-0.0035),(0.100419998168945,-0.048,-0.0005),(0.100419998168945,-0.048,0.0155),
(0.100419998168945,-0.0464281997680664,-0.0115),(0.100419998168945,-0.0464281997680664,
-0.0035),(0.100419998168945,-0.0410718002319336,0.0035),(0.100419998168945,
-0.0410718002319336,0.0115),(0.100419998168945,-0.0395,-0.0155),(0.100419998168945,
-0.0395,0.0005),(0.100419998168945,-0.0379281997680664,0.0035),(0.100419998168945,
-0.0379281997680664,0.0115),(0.100419998168945,-0.0325718002319336,-0.0115),
(0.100419998168945,-0.0325718002319336,-0.0035),(0.100419998168945,-0.031,
-0.0005),(0.100419998168945,-0.031,0.0155),(0.100419998168945,-0.0294281997680664,
-0.0115),(0.100419998168945,-0.0294281997680664,-0.0035),(0.100419998168945,
-0.0240718002319336,0.0035),(0.100419998168945,-0.0240718002319336,0.0115),
(0.100419998168945,-0.0225,-0.0155),(0.100419998168945,-0.0225,0.0005),
(0.100419998168945,-0.0155718002319336,-0.0115),(0.100419998168945,-0.0155718002319336,
-0.0035),(0.100419998168945,-0.000599998474121094,-0.019420000076294),(0.100419998168945,
-0.000599998474121094,0.019420000076294),(0.100539495171586,-0.0443909252272876,
0.0222250003814697),(0.100582233738373,-0.0750718002319336,0.0112674042778621),
(0.100590107676216,-0.121422461502701,-0.0222250003814697),(0.100967689778484,
-0.0643199792765196,0.0151073896560462),(0.101121768647879,-0.10662869798068,
-3.06111014409627E-6),(0.101823472984818,-0.121422461502701,-0.0222250003814697),
(0.102385990862874,-0.0889281997680664,0.00631862659325675),(0.102401612973226,
-0.121422461502701,-0.0222250003814697),(0.102737076917117,-0.121422461502701,
-0.0222250003814697),(0.103021997223112,-0.111197419471083,-0.00163476831517433),
(0.103196510760714,-0.102447253910637,0.00149033095388338),(0.103675706271596,
-0.0678858720404756,0.0138338401679598),(0.104,-0.121422461502701,-0.0222250003814697),
(0.104,-0.0443909252272877,0.0222250003814697),(0.104,-0.004,-0.0222250003814697),
(0.104,-0.004,0.0222250003814697),(0.10401188155152,-0.121422446862491,
-0.0222244184444437),(0.104063346316017,-0.0443996123638928,0.022221897792831),
(0.104195999145508,-0.121422219996467,-0.0222154006958008),(0.104195999145508,
-0.0444178040019119,0.0222154006958008),(0.104195999145508,-0.004,-0.0222154006958008),
(0.104195999145508,-0.004,0.0222154006958008),(0.104327186245728,-0.0444723356142501,
0.0221959248698086),(0.104378237603931,-0.121421539358581,-0.0221883458672437),
(0.104389999389648,-0.12142149542978,-0.0221865997314453),(0.104389999389648,
-0.0444984456662924,0.0221865997314453),(0.104389999389648,-0.004,-0.0221865997314453),
(0.104389999389648,-0.004,0.0221865997314453),(0.104401579570515,-0.121421422675583,
-0.0221837078085063),(0.104451947816022,-0.0445417622408312,0.0221711293275433),
(0.104581001281738,-0.121420295432183,-0.0221389007568359),(0.104581001281738,
-0.0446320010797246,0.0221389007568359),(0.104581001281738,-0.004,-0.0221389007568359),
(0.104581001281738,-0.004,0.0221389007568359),(0.104705006091986,-0.0447567354518778,
0.0220943521945773),(0.104753839879877,-0.121418733337952,-0.0220768087215796),
(0.104764999389648,-0.121418632479659,-0.0220727996826172),(0.104764999389648,
-0.044817081710239,0.0220727996826172),(0.104764999389648,-0.004,-0.0220727996826172),
(0.104764999389648,-0.004,0.0220727996826172),(0.104775795524658,-0.121418504307528,
-0.0220677049397233),(0.10481711095145,-0.0920718002319336,0.00519589772098847),
(0.104884651676836,-0.0449751800913927,0.0220163352498051),(0.104943000793457,
-0.121416519240129,-0.0219888000488281),(0.104943000793457,-0.0450522776638359,
0.0219888000488281),(0.104943000793457,-0.004,-0.0219888000488281),(0.104943000793457,
-0.004,0.0219888000488281),(0.104953193154145,-0.121416365235884,-0.0219826784994102),
(0.104998299797894,-0.0451452719663407,0.0219555873713334),(0.105111000061035,
-0.121413980809512,-0.0218878993988037),(0.105111000061035,-0.0453347958550538,
0.0218878993988037),(0.105111000061035,-0.004,-0.0218878993988037),(0.105111000061035,
-0.004,0.0218878993988037),(0.105120588840798,-0.121413802326004,-0.0218808048176691),
(0.105163383461111,-0.0454433157970479,0.0218491417788409),(0.105268997192383,
-0.1214110398845,-0.0217709999084473),(0.105268997192383,-0.0456621102238096,
0.0217709999084473),(0.105268997192383,-0.004,-0.0217709999084473),(0.105268997192383,
-0.004,0.0217709999084473),(0.10536538742249,-0.0459074223892541,0.0216833872954486),
(0.105405194398921,-0.121407925493401,-0.021647205275581),(0.105414001464844,
-0.121407724104192,-0.0216392002105713),(0.105414001464844,-0.0460311446377401,
0.0216392002105713),(0.105414001464844,-0.004,-0.0216392002105713),(0.105414001464844,
-0.004,0.0216392002105713),(0.105422018909258,-0.121407501919871,-0.0216303685560052),
(0.10545853008771,-0.0461684848876874,0.0215901494912727),(0.105545997619629,
-0.121404066146066,-0.0214937992095947),(0.105545997619629,-0.046438262211187,
0.0214937992095947),(0.105545997619629,-0.004,-0.0214937992095947),(0.105545997619629,
-0.004,0.0214937992095947),(0.105623006281413,-0.0467288788036546,0.0213900062362593),
(0.105655888465214,-0.121400339988419,-0.0213456873304712),(0.10566300201416,
-0.12140009878357,-0.0213360996246338),(0.10566300201416,-0.0468798153774767,
0.0213360996246338),(0.10566300201416,-0.004,-0.0213360996246338),(0.10566300201416,
-0.004,0.0213360996246338),(0.105669142816175,-0.121399841350228,-0.0213258668487735),
(0.105697779298011,-0.0470420772483018,0.0212781482121253),(0.105763999938965,
-0.121395864770936,-0.0211678009033203),(0.105763999938965,-0.0473510457443599,
0.0211678009033203),(0.105763999938965,-0.004,-0.0211678009033203),(0.105763999938965,
-0.004,0.0211678009033203),(0.105818650630356,-0.0476742118303583,0.0210523829615499),
(0.105842886799585,-0.121391673423416,-0.0210011980872583),(0.105847999572754,
-0.121391401776035,-0.0209904003143311),(0.105847999572754,-0.0478477610133903,
0.0209904003143311),(0.105847999572754,-0.004,-0.0209904003143311),(0.105847999572754,
-0.004,0.0209904003143311),(0.105871248091325,-0.048030022919334,0.0209253059403895),
(0.105909981704486,-0.121387035753106,-0.0208168542860858),(0.105914001464844,
-0.121386752601084,-0.0208055992126465),(0.105914001464844,-0.0483651974518111,
0.0208055992126465),(0.105914001464844,-0.004,-0.0208055992126465),(0.105914001464844,
-0.004,0.0208055992126465),(0.105916924851977,-0.121386460849679,-0.0207940023203714),
(0.105931109429421,-0.0485552204154449,0.0207377329967842),(0.10596199798584,
-0.121381962591483,-0.0206152000427246),(0.10596199798584,-0.0488983082799643,
0.0206152000427246),(0.10596199798584,-0.004,-0.0206152000427246),(0.10596199798584,
-0.004,0.0206152000427246),(0.105979862973228,-0.0492452443126941,0.0204912927252225),
(0.105988290403186,-0.121377374880065,-0.0204328420688147),(0.105989997863769,
-0.121377076948676,-0.0204209995269776),(0.105989997863769,-0.049442062739714,
0.0204209995269776),(0.105989997863769,-0.004,-0.0204209995269776),(0.105989997863769,
-0.004,0.0204209995269776),(0.10599060785195,-0.121376776234317,-0.0204090463642248),
(0.105993650039623,-0.0496424478954497,0.0203494324806864),(0.106,-0.121372146056439,
-0.0202250003814698),(0.106,-0.12134852181917,-0.0192859552561911),(0.106,
-0.121329738338676,-0.0185393264616684),(0.106,-0.121255488821572,-0.015587965691956),
(0.106,-0.121145344790283,-0.0112098257977199),(0.106,-0.120992466807366,
-0.00513304444029923),(0.106,-0.11478635950313,-0.00291654907616246),(0.106,
-0.114428001403809,-0.0115),(0.106,-0.114428001403809,-0.0035),(0.106,-0.111197419471083,
-0.00163476831517433),(0.106,-0.1075,-0.0155),(0.106,-0.10662869798068,
-3.06111014409627E-6),(0.106,-0.103973296587606,0.000945308711572212),(0.106,
-0.102447253910637,0.00149033095388338),(0.106,-0.100571998596191,-0.0115),
(0.106,-0.100571998596191,-0.0035),(0.106,-0.099,-0.0005),(0.106,-0.0974281997680664,
-0.0115),(0.106,-0.0974281997680664,-0.0035),(0.106,-0.0920718002319336,
0.0035),(0.106,-0.0920718002319336,0.00519589772098847),(0.106,-0.0912966054252503,
0.00547275656520212),(0.106,-0.0905,-0.0155),(0.106,-0.0905,0.0005),(0.106,
-0.0889281997680664,0.0035),(0.106,-0.0889281997680664,0.00631862659325675),
(0.106,-0.0835718002319336,-0.0115),(0.106,-0.0835718002319336,-0.0035),
(0.106,-0.082,-0.0005),(0.106,-0.0804281997680664,-0.0115),(0.106,-0.0804281997680664,
-0.0035),(0.106,-0.0750718002319336,0.0035),(0.106,-0.0750718002319336,
0.0112674042778621),(0.106,-0.0744205405751574,0.0115),(0.106,-0.0735,-0.0155),
(0.106,-0.0735,0.0005),(0.106,-0.0719281997680664,0.0035),(0.106,-0.0719281997680664,
0.0115),(0.106,-0.0678858720404756,0.0138338401679598),(0.106,-0.0665718002319336,
-0.0115),(0.106,-0.0665718002319336,-0.0035),(0.106,-0.065,-0.0005),(0.106,
-0.0643199792765196,0.0151073896560462),(0.106,-0.0634281997680664,-0.0115),
(0.106,-0.0634281997680664,-0.0035),(0.106,-0.0632206844335189,0.0155),
(0.106,-0.0610837063407589,0.0162632162648287),(0.106,-0.0580718002319336,
0.0035),(0.106,-0.0580718002319336,0.0115),(0.106,-0.0565,-0.0155),(0.106,
-0.0565,0.0005),(0.106,-0.0549281997680664,0.0035),(0.106,-0.0549281997680664,
0.0115),(0.106,-0.0499908532981069,0.0202250003814698),(0.106,-0.0495718002319336,
-0.0115),(0.106,-0.0495718002319336,-0.0035),(0.106,-0.048,-0.0005),(0.106,
-0.048,0.0155),(0.106,-0.0464281997680664,-0.0115),(0.106,-0.0464281997680664,
-0.0035),(0.106,-0.0410718002319336,0.0035),(0.106,-0.0410718002319336,
0.0115),(0.106,-0.0395,-0.0155),(0.106,-0.0395,0.0005),(0.106,-0.0379281997680664,
0.0035),(0.106,-0.0379281997680664,0.0115),(0.106,-0.0325718002319336,-0.0115),
(0.106,-0.0325718002319336,-0.0035),(0.106,-0.031,-0.0005),(0.106,-0.031,
0.0155),(0.106,-0.0294281997680664,-0.0115),(0.106,-0.0294281997680664,
-0.0035),(0.106,-0.0240718002319336,0.0035),(0.106,-0.0240718002319336,
0.0115),(0.106,-0.0225,-0.0155),(0.106,-0.0225,0.0005),(0.106,-0.0155718002319336,
-0.0115),(0.106,-0.0155718002319336,-0.0035),(0.106,-0.004,-0.0202250003814698),
(0.106,-0.004,0.0202250003814698),(0.113262001037598,-0.004,-0.015875),
(0.113262001037598,-0.004,0.),(0.113262001037598,-0.004,0.015875),(0.113262001037598,
1.38777878078145E-17,-0.015875),(0.113262001037598,1.38777878078145E-17,
0.),(0.113262001037598,1.38777878078145E-17,0.015875),(0.113278999328613,
-0.004,-0.0162180995941162),(0.113278999328613,-0.004,-0.0155319004058838),
(0.113278999328613,-0.004,-0.000343059986829758),(0.113278999328613,-0.004,
0.000343059986829758),(0.113278999328613,-0.004,0.0155319004058838),(0.113278999328613,
-0.004,0.0162180995941162),(0.113278999328613,1.38777878078145E-17,-0.0162180995941162),
(0.113278999328613,1.38777878078145E-17,-0.0155319004058838),(0.113278999328613,
1.38777878078145E-17,-0.000343059986829758),(0.113278999328613,1.38777878078145E-17,
0.000343059986829758),(0.113278999328613,1.38777878078145E-17,0.0155319004058838),
(0.113278999328613,1.38777878078145E-17,0.0162180995941162),(0.113330001831055,
-0.004,-0.0165578002929688),(0.113330001831055,-0.004,-0.0151921997070313),
(0.113330001831055,-0.004,-0.000682816028594971),(0.113330001831055,-0.004,
0.000682816028594971),(0.113330001831055,-0.004,0.0151921997070313),(0.113330001831055,
-0.004,0.0165578002929688),(0.113330001831055,1.38777878078145E-17,-0.0165578002929688),
(0.113330001831055,1.38777878078145E-17,-0.0151921997070313),(0.113330001831055,
1.38777878078145E-17,-0.000682816028594971),(0.113330001831055,1.38777878078145E-17,
0.000682816028594971),(0.113330001831055,1.38777878078145E-17,0.0151921997070313),
(0.113330001831055,1.38777878078145E-17,0.0165578002929688),(0.11341300201416,
-0.004,-0.0168910007476806),(0.11341300201416,-0.004,-0.0148590002059936),
(0.11341300201416,-0.004,-0.00101600003242493),(0.11341300201416,-0.004,
0.00101600003242493),(0.11341300201416,-0.004,0.0148590002059936),(0.11341300201416,
-0.004,0.0168910007476806),(0.11341300201416,1.38777878078145E-17,-0.0168910007476806),
(0.11341300201416,1.38777878078145E-17,-0.0148590002059936),(0.11341300201416,
1.38777878078145E-17,-0.00101600003242493),(0.11341300201416,1.38777878078145E-17,
0.00101600003242493),(0.11341300201416,1.38777878078145E-17,0.0148590002059936),
(0.11341300201416,1.38777878078145E-17,0.0168910007476806),(0.113528999328613,
-0.004,-0.0172143993377686),(0.113528999328613,-0.004,-0.0145355997085571),
(0.113528999328613,-0.004,-0.00133939003944397),(0.113528999328613,-0.004,
0.00133939003944397),(0.113528999328613,-0.004,0.0145355997085571),(0.113528999328613,
-0.004,0.0172143993377686),(0.113528999328613,1.38777878078145E-17,-0.0172143993377686),
(0.113528999328613,1.38777878078145E-17,-0.0145355997085571),(0.113528999328613,
1.38777878078145E-17,-0.00133939003944397),(0.113528999328613,1.38777878078145E-17,
0.00133939003944397),(0.113528999328613,1.38777878078145E-17,0.0145355997085571),
(0.113528999328613,1.38777878078145E-17,0.0172143993377686),(0.113676002502441,
-0.004,-0.0175249004364014),(0.113676002502441,-0.004,-0.0142250995635986),
(0.113676002502441,-0.004,-0.00164988994598389),(0.113676002502441,-0.004,
0.00164988994598389),(0.113676002502441,-0.004,0.0142250995635986),(0.113676002502441,
-0.004,0.0175249004364014),(0.113676002502441,1.38777878078145E-17,-0.0175249004364014),
(0.113676002502441,1.38777878078145E-17,-0.0142250995635986),(0.113676002502441,
1.38777878078145E-17,-0.00164988994598389),(0.113676002502441,1.38777878078145E-17,
0.00164988994598389),(0.113676002502441,1.38777878078145E-17,0.0142250995635986),
(0.113676002502441,1.38777878078145E-17,0.0175249004364014),(0.113851997375488,
-0.004,-0.0178194999694824),(0.113851997375488,-0.004,-0.0139305000305176),
(0.113851997375488,-0.004,-0.00194449996948242),(0.113851997375488,-0.004,
0.00194449996948242),(0.113851997375488,-0.004,0.0139305000305176),(0.113851997375488,
-0.004,0.0178194999694824),(0.113851997375488,1.38777878078145E-17,-0.0178194999694824),
(0.113851997375488,1.38777878078145E-17,-0.0139305000305176),(0.113851997375488,
1.38777878078145E-17,-0.00194449996948242),(0.113851997375488,1.38777878078145E-17,
0.00194449996948242),(0.113851997375488,1.38777878078145E-17,0.0139305000305176),
(0.113851997375488,1.38777878078145E-17,0.0178194999694824),(0.114056999206543,
-0.004,-0.0180953998565674),(0.114056999206543,-0.004,-0.0136546001434326),
(0.114056999206543,-0.004,-0.00222038006782532),(0.114056999206543,-0.004,
0.00222038006782532),(0.114056999206543,-0.004,0.0136546001434326),(0.114056999206543,
-0.004,0.0180953998565674),(0.114056999206543,1.38777878078145E-17,-0.0180953998565674),
(0.114056999206543,1.38777878078145E-17,-0.0136546001434326),(0.114056999206543,
1.38777878078145E-17,-0.00222038006782532),(0.114056999206543,1.38777878078145E-17,
0.00222038006782532),(0.114056999206543,1.38777878078145E-17,0.0136546001434326),
(0.114056999206543,1.38777878078145E-17,0.0180953998565674),(0.11428800201416,
-0.004,-0.0183498992919922),(0.11428800201416,-0.004,-0.0134000997543335),
(0.11428800201416,-0.004,-0.00247486996650696),(0.11428800201416,-0.004,
0.00247486996650696),(0.11428800201416,-0.004,0.0134000997543335),(0.11428800201416,
-0.004,0.0183498992919922),(0.11428800201416,1.38777878078145E-17,-0.0183498992919922),
(0.11428800201416,1.38777878078145E-17,-0.0134000997543335),(0.11428800201416,
1.38777878078145E-17,-0.00247486996650696),(0.11428800201416,1.38777878078145E-17,
0.00247486996650696),(0.11428800201416,1.38777878078145E-17,0.0134000997543335),
(0.11428800201416,1.38777878078145E-17,0.0183498992919922),(0.114541999816894,
-0.004,-0.0185804996490479),(0.114541999816894,-0.004,-0.0131695003509521),
(0.114541999816894,-0.004,-0.00270553994178772),(0.114541999816894,-0.004,
0.00270553994178772),(0.114541999816894,-0.004,0.0131695003509521),(0.114541999816894,
-0.004,0.0185804996490479),(0.114541999816894,1.38777878078145E-17,-0.0185804996490479),
(0.114541999816894,1.38777878078145E-17,-0.0131695003509521),(0.114541999816894,
1.38777878078145E-17,-0.00270553994178772),(0.114541999816894,1.38777878078145E-17,
0.00270553994178772),(0.114541999816894,1.38777878078145E-17,0.0131695003509521),
(0.114541999816894,1.38777878078145E-17,0.0185804996490479),(0.114818000793457,
-0.004,-0.0187851009368896),(0.114818000793457,-0.004,-0.0129649000167847),
(0.114818000793457,-0.004,-0.00291014003753662),(0.114818000793457,-0.004,
0.00291014003753662),(0.114818000793457,-0.004,0.0129649000167847),(0.114818000793457,
-0.004,0.0187851009368896),(0.114818000793457,1.38777878078145E-17,-0.0187851009368896),
(0.114818000793457,1.38777878078145E-17,-0.0129649000167847),(0.114818000793457,
1.38777878078145E-17,-0.00291014003753662),(0.114818000793457,1.38777878078145E-17,
0.00291014003753662),(0.114818000793457,1.38777878078145E-17,0.0129649000167847),
(0.114818000793457,1.38777878078145E-17,0.0187851009368896),(0.115112998962402,
-0.004,-0.0189617004394531),(0.115112998962402,-0.004,-0.0127882995605469),
(0.115112998962402,-0.004,-0.00308671998977661),(0.115112998962402,-0.004,
0.00308671998977661),(0.115112998962402,-0.004,0.0127882995605469),(0.115112998962402,
-0.004,0.0189617004394531),(0.115112998962402,1.38777878078145E-17,-0.0189617004394531),
(0.115112998962402,1.38777878078145E-17,-0.0127882995605469),(0.115112998962402,
1.38777878078145E-17,-0.00308671998977661),(0.115112998962402,1.38777878078145E-17,
0.00308671998977661),(0.115112998962402,1.38777878078145E-17,0.0127882995605469),
(0.115112998962402,1.38777878078145E-17,0.0189617004394531),(0.115422996520996,
-0.004,-0.0191086006164551),(0.115422996520996,-0.004,-0.0126414003372192),
(0.115422996520996,-0.004,-0.00323358011245728),(0.115422996520996,-0.004,
0.00323358011245728),(0.115422996520996,-0.004,0.0126414003372192),(0.115422996520996,
-0.004,0.0191086006164551),(0.115422996520996,1.38777878078145E-17,-0.0191086006164551),
(0.115422996520996,1.38777878078145E-17,-0.0126414003372192),(0.115422996520996,
1.38777878078145E-17,-0.00323358011245728),(0.115422996520996,1.38777878078145E-17,
0.00323358011245728),(0.115422996520996,1.38777878078145E-17,0.0126414003372192),
(0.115422996520996,1.38777878078145E-17,0.0191086006164551),(0.115747001647949,
-0.004,-0.0192243003845215),(0.115747001647949,-0.004,-0.0125256996154785),
(0.115747001647949,-0.004,-0.003349289894104),(0.115747001647949,-0.004,
0.003349289894104),(0.115747001647949,-0.004,0.0125256996154785),(0.115747001647949,
-0.004,0.0192243003845215),(0.115747001647949,1.38777878078145E-17,-0.0192243003845215),
(0.115747001647949,1.38777878078145E-17,-0.0125256996154785),(0.115747001647949,
1.38777878078145E-17,-0.003349289894104),(0.115747001647949,1.38777878078145E-17,
0.003349289894104),(0.115747001647949,1.38777878078145E-17,0.0125256996154785),
(0.115747001647949,1.38777878078145E-17,0.0192243003845215),(0.116080001831055,
-0.004,-0.0193076992034912),(0.116080001831055,-0.004,-0.0124422998428345),
(0.116080001831055,-0.004,-0.00343274998664856),(0.116080001831055,-0.004,
0.00343274998664856),(0.116080001831055,-0.004,0.0124422998428345),(0.116080001831055,
-0.004,0.0193076992034912),(0.116080001831055,1.38777878078145E-17,-0.0193076992034912),
(0.116080001831055,1.38777878078145E-17,-0.0124422998428345),(0.116080001831055,
1.38777878078145E-17,-0.00343274998664856),(0.116080001831055,1.38777878078145E-17,
0.00343274998664856),(0.116080001831055,1.38777878078145E-17,0.0124422998428345),
(0.116080001831055,1.38777878078145E-17,0.0193076992034912),(0.116418998718262,
-0.004,-0.0193581008911133),(0.116418998718262,-0.004,-0.012391900062561),
(0.116418998718262,-0.004,-0.00348315000534058),(0.116418998718262,-0.004,
0.00348315000534058),(0.116418998718262,-0.004,0.012391900062561),(0.116418998718262,
-0.004,0.0193581008911133),(0.116418998718262,1.38777878078145E-17,-0.0193581008911133),
(0.116418998718262,1.38777878078145E-17,-0.012391900062561),(0.116418998718262,
1.38777878078145E-17,-0.00348315000534058),(0.116418998718262,1.38777878078145E-17,
0.00348315000534058),(0.116418998718262,1.38777878078145E-17,0.012391900062561),
(0.116418998718262,1.38777878078145E-17,0.0193581008911133),(0.116762001037598,
-0.004,-0.019375),(0.116762001037598,-0.004,-0.012375),(0.116762001037598,
-0.004,-0.0035),(0.116762001037598,-0.004,0.0035),(0.116762001037598,-0.004,
0.012375),(0.116762001037598,-0.004,0.019375),(0.116762001037598,1.38777878078145E-17,
-0.019375),(0.116762001037598,1.38777878078145E-17,-0.012375),(0.116762001037598,
1.38777878078145E-17,-0.0035),(0.116762001037598,1.38777878078145E-17,0.0035),
(0.116762001037598,1.38777878078145E-17,0.012375),(0.116762001037598,1.38777878078145E-17,
0.019375),(0.119762001037598,-0.004,-0.019375),(0.119762001037598,-0.004,
-0.012375),(0.119762001037598,-0.004,-0.0035),(0.119762001037598,-0.004,
0.0035),(0.119762001037598,-0.004,0.012375),(0.119762001037598,-0.004,0.019375),
(0.119762001037598,1.38777878078145E-17,-0.019375),(0.119762001037598,1.38777878078145E-17,
-0.012375),(0.119762001037598,1.38777878078145E-17,-0.0035),(0.119762001037598,
1.38777878078145E-17,0.0035),(0.119762001037598,1.38777878078145E-17,0.012375),
(0.119762001037598,1.38777878078145E-17,0.019375),(0.120106002807617,-0.004,
-0.0193581008911133),(0.120106002807617,-0.004,-0.012391900062561),(0.120106002807617,
-0.004,-0.00348315000534058),(0.120106002807617,-0.004,0.00348315000534058),
(0.120106002807617,-0.004,0.012391900062561),(0.120106002807617,-0.004,
0.0193581008911133),(0.120106002807617,1.38777878078145E-17,-0.0193581008911133),
(0.120106002807617,1.38777878078145E-17,-0.012391900062561),(0.120106002807617,
1.38777878078145E-17,-0.00348315000534058),(0.120106002807617,1.38777878078145E-17,
0.00348315000534058),(0.120106002807617,1.38777878078145E-17,0.012391900062561),
(0.120106002807617,1.38777878078145E-17,0.0193581008911133),(0.120444999694824,
-0.004,-0.0193076992034912),(0.120444999694824,-0.004,-0.0124422998428345),
(0.120444999694824,-0.004,-0.00343274998664856),(0.120444999694824,-0.004,
0.00343274998664856),(0.120444999694824,-0.004,0.0124422998428345),(0.120444999694824,
-0.004,0.0193076992034912),(0.120444999694824,1.38777878078145E-17,-0.0193076992034912),
(0.120444999694824,1.38777878078145E-17,-0.0124422998428345),(0.120444999694824,
1.38777878078145E-17,-0.00343274998664856),(0.120444999694824,1.38777878078145E-17,
0.00343274998664856),(0.120444999694824,1.38777878078145E-17,0.0124422998428345),
(0.120444999694824,1.38777878078145E-17,0.0193076992034912),(0.12077799987793,
-0.004,-0.0192243003845215),(0.12077799987793,-0.004,-0.0125256996154785),
(0.12077799987793,-0.004,-0.003349289894104),(0.12077799987793,-0.004,0.003349289894104),
(0.12077799987793,-0.004,0.0125256996154785),(0.12077799987793,-0.004,0.0192243003845215),
(0.12077799987793,1.38777878078145E-17,-0.0192243003845215),(0.12077799987793,
1.38777878078145E-17,-0.0125256996154785),(0.12077799987793,1.38777878078145E-17,
-0.003349289894104),(0.12077799987793,1.38777878078145E-17,0.003349289894104),
(0.12077799987793,1.38777878078145E-17,0.0125256996154785),(0.12077799987793,
1.38777878078145E-17,0.0192243003845215),(0.121101997375488,-0.004,-0.0191086006164551),
(0.121101997375488,-0.004,-0.0126414003372192),(0.121101997375488,-0.004,
-0.00323358011245728),(0.121101997375488,-0.004,0.00323358011245728),(0.121101997375488,
-0.004,0.0126414003372192),(0.121101997375488,-0.004,0.0191086006164551),
(0.121101997375488,1.38777878078145E-17,-0.0191086006164551),(0.121101997375488,
1.38777878078145E-17,-0.0126414003372192),(0.121101997375488,1.38777878078145E-17,
-0.00323358011245728),(0.121101997375488,1.38777878078145E-17,0.00323358011245728),
(0.121101997375488,1.38777878078145E-17,0.0126414003372192),(0.121101997375488,
1.38777878078145E-17,0.0191086006164551),(0.121412002563477,-0.004,-0.0189617004394531),
(0.121412002563477,-0.004,-0.0127882995605469),(0.121412002563477,-0.004,
-0.00308671998977661),(0.121412002563477,-0.004,0.00308671998977661),(0.121412002563477,
-0.004,0.0127882995605469),(0.121412002563477,-0.004,0.0189617004394531),
(0.121412002563477,1.38777878078145E-17,-0.0189617004394531),(0.121412002563477,
1.38777878078145E-17,-0.0127882995605469),(0.121412002563477,1.38777878078145E-17,
-0.00308671998977661),(0.121412002563477,1.38777878078145E-17,0.00308671998977661),
(0.121412002563477,1.38777878078145E-17,0.0127882995605469),(0.121412002563477,
1.38777878078145E-17,0.0189617004394531),(0.121707000732422,-0.004,-0.0187851009368896),
(0.121707000732422,-0.004,-0.0129649000167847),(0.121707000732422,-0.004,
-0.00291014003753662),(0.121707000732422,-0.004,0.00291014003753662),(0.121707000732422,
-0.004,0.0129649000167847),(0.121707000732422,-0.004,0.0187851009368896),
(0.121707000732422,1.38777878078145E-17,-0.0187851009368896),(0.121707000732422,
1.38777878078145E-17,-0.0129649000167847),(0.121707000732422,1.38777878078145E-17,
-0.00291014003753662),(0.121707000732422,1.38777878078145E-17,0.00291014003753662),
(0.121707000732422,1.38777878078145E-17,0.0129649000167847),(0.121707000732422,
1.38777878078145E-17,0.0187851009368896),(0.121983001708984,-0.004,-0.0185804996490479),
(0.121983001708984,-0.004,-0.0131695003509521),(0.121983001708984,-0.004,
-0.00270553994178772),(0.121983001708984,-0.004,0.00270553994178772),(0.121983001708984,
-0.004,0.0131695003509521),(0.121983001708984,-0.004,0.0185804996490479),
(0.121983001708984,1.38777878078145E-17,-0.0185804996490479),(0.121983001708984,
1.38777878078145E-17,-0.0131695003509521),(0.121983001708984,1.38777878078145E-17,
-0.00270553994178772),(0.121983001708984,1.38777878078145E-17,0.00270553994178772),
(0.121983001708984,1.38777878078145E-17,0.0131695003509521),(0.121983001708984,
1.38777878078145E-17,0.0185804996490479),(0.122236999511719,-0.004,-0.0183498992919922),
(0.122236999511719,-0.004,-0.0134000997543335),(0.122236999511719,-0.004,
-0.00247486996650696),(0.122236999511719,-0.004,0.00247486996650696),(0.122236999511719,
-0.004,0.0134000997543335),(0.122236999511719,-0.004,0.0183498992919922),
(0.122236999511719,1.38777878078145E-17,-0.0183498992919922),(0.122236999511719,
1.38777878078145E-17,-0.0134000997543335),(0.122236999511719,1.38777878078145E-17,
-0.00247486996650696),(0.122236999511719,1.38777878078145E-17,0.00247486996650696),
(0.122236999511719,1.38777878078145E-17,0.0134000997543335),(0.122236999511719,
1.38777878078145E-17,0.0183498992919922),(0.122468002319336,-0.004,-0.0180953998565674),
(0.122468002319336,-0.004,-0.0136546001434326),(0.122468002319336,-0.004,
-0.00222038006782532),(0.122468002319336,-0.004,0.00222038006782532),(0.122468002319336,
-0.004,0.0136546001434326),(0.122468002319336,-0.004,0.0180953998565674),
(0.122468002319336,1.38777878078145E-17,-0.0180953998565674),(0.122468002319336,
1.38777878078145E-17,-0.0136546001434326),(0.122468002319336,1.38777878078145E-17,
-0.00222038006782532),(0.122468002319336,1.38777878078145E-17,0.00222038006782532),
(0.122468002319336,1.38777878078145E-17,0.0136546001434326),(0.122468002319336,
1.38777878078145E-17,0.0180953998565674),(0.122672996520996,-0.004,-0.0178194999694824),
(0.122672996520996,-0.004,-0.0139305000305176),(0.122672996520996,-0.004,
-0.00194449996948242),(0.122672996520996,-0.004,0.00194449996948242),(0.122672996520996,
-0.004,0.0139305000305176),(0.122672996520996,-0.004,0.0178194999694824),
(0.122672996520996,1.38777878078145E-17,-0.0178194999694824),(0.122672996520996,
1.38777878078145E-17,-0.0139305000305176),(0.122672996520996,1.38777878078145E-17,
-0.00194449996948242),(0.122672996520996,1.38777878078145E-17,0.00194449996948242),
(0.122672996520996,1.38777878078145E-17,0.0139305000305176),(0.122672996520996,
1.38777878078145E-17,0.0178194999694824),(0.122848999023437,-0.004,-0.0175249004364014),
(0.122848999023437,-0.004,-0.0142250995635986),(0.122848999023437,-0.004,
-0.00164988994598389),(0.122848999023437,-0.004,0.00164988994598389),(0.122848999023437,
-0.004,0.0142250995635986),(0.122848999023437,-0.004,0.0175249004364014),
(0.122848999023437,1.38777878078145E-17,-0.0175249004364014),(0.122848999023437,
1.38777878078145E-17,-0.0142250995635986),(0.122848999023437,1.38777878078145E-17,
-0.00164988994598389),(0.122848999023437,1.38777878078145E-17,0.00164988994598389),
(0.122848999023437,1.38777878078145E-17,0.0142250995635986),(0.122848999023437,
1.38777878078145E-17,0.0175249004364014),(0.122996002197266,-0.004,-0.0172143993377686),
(0.122996002197266,-0.004,-0.0145355997085571),(0.122996002197266,-0.004,
-0.00133939003944397),(0.122996002197266,-0.004,0.00133939003944397),(0.122996002197266,
-0.004,0.0145355997085571),(0.122996002197266,-0.004,0.0172143993377686),
(0.122996002197266,1.38777878078145E-17,-0.0172143993377686),(0.122996002197266,
1.38777878078145E-17,-0.0145355997085571),(0.122996002197266,1.38777878078145E-17,
-0.00133939003944397),(0.122996002197266,1.38777878078145E-17,0.00133939003944397),
(0.122996002197266,1.38777878078145E-17,0.0145355997085571),(0.122996002197266,
1.38777878078145E-17,0.0172143993377686),(0.123,-0.004,-0.0222250003814697),
(0.123,-0.004,0.0222250003814697),(0.123,1.38777878078145E-17,-0.0222250003814697),
(0.123,1.38777878078145E-17,0.0222250003814697),(0.123111999511719,-0.004,
-0.0168910007476806),(0.123111999511719,-0.004,-0.0148590002059936),(0.123111999511719,
-0.004,-0.00101600003242493),(0.123111999511719,-0.004,0.00101600003242493),
(0.123111999511719,-0.004,0.0148590002059936),(0.123111999511719,-0.004,
0.0168910007476806),(0.123111999511719,1.38777878078145E-17,-0.0168910007476806),
(0.123111999511719,1.38777878078145E-17,-0.0148590002059936),(0.123111999511719,
1.38777878078145E-17,-0.00101600003242493),(0.123111999511719,1.38777878078145E-17,
0.00101600003242493),(0.123111999511719,1.38777878078145E-17,0.0148590002059936),
(0.123111999511719,1.38777878078145E-17,0.0168910007476806),(0.123194999694824,
-0.004,-0.0165578002929688),(0.123194999694824,-0.004,-0.0151921997070313),
(0.123194999694824,-0.004,-0.000682816028594971),(0.123194999694824,-0.004,
0.000682816028594971),(0.123194999694824,-0.004,0.0151921997070313),(0.123194999694824,
-0.004,0.0165578002929688),(0.123194999694824,1.38777878078145E-17,-0.0165578002929688),
(0.123194999694824,1.38777878078145E-17,-0.0151921997070313),(0.123194999694824,
1.38777878078145E-17,-0.000682816028594971),(0.123194999694824,1.38777878078145E-17,
0.000682816028594971),(0.123194999694824,1.38777878078145E-17,0.0151921997070313),
(0.123194999694824,1.38777878078145E-17,0.0165578002929688),(0.123246002197266,
-0.004,-0.0162180995941162),(0.123246002197266,-0.004,-0.0155319004058838),
(0.123246002197266,-0.004,-0.000343059986829758),(0.123246002197266,-0.004,
0.000343059986829758),(0.123246002197266,-0.004,0.0155319004058838),(0.123246002197266,
-0.004,0.0162180995941162),(0.123246002197266,1.38777878078145E-17,-0.0162180995941162),
(0.123246002197266,1.38777878078145E-17,-0.0155319004058838),(0.123246002197266,
1.38777878078145E-17,-0.000343059986829758),(0.123246002197266,1.38777878078145E-17,
0.000343059986829758),(0.123246002197266,1.38777878078145E-17,0.0155319004058838),
(0.123246002197266,1.38777878078145E-17,0.0162180995941162),(0.123262001037598,
-0.004,-0.015875),(0.123262001037598,-0.004,0.),(0.123262001037598,-0.004,
0.015875),(0.123262001037598,1.38777878078145E-17,-0.015875),(0.123262001037598,
1.38777878078145E-17,0.),(0.123262001037598,1.38777878078145E-17,0.015875),
(0.123391998291016,-0.004,-0.0222056999206543),(0.123391998291016,-0.004,
0.0222056999206543),(0.123391998291016,1.38777878078145E-17,-0.0222056999206543),
(0.123391998291016,1.38777878078145E-17,0.0222056999206543),(0.123779998779297,
-0.004,-0.022148099899292),(0.123779998779297,-0.004,0.022148099899292),
(0.123779998779297,1.38777878078145E-17,-0.022148099899292),(0.123779998779297,
1.38777878078145E-17,0.022148099899292),(0.124161003112793,-0.004,-0.0220527992248535),
(0.124161003112793,-0.004,0.0220527992248535),(0.124161003112793,1.38777878078145E-17,
-0.0220527992248535),(0.124161003112793,1.38777878078145E-17,0.0220527992248535),
(0.12453099822998,-0.004,-0.0219204998016358),(0.12453099822998,-0.004,
0.0219204998016358),(0.12453099822998,1.38777878078145E-17,-0.0219204998016358),
(0.12453099822998,1.38777878078145E-17,0.0219204998016358),(0.124886001586914,
-0.004,-0.021752700805664),(0.124886001586914,-0.004,0.021752700805664),
(0.124886001586914,1.38777878078145E-17,-0.021752700805664),(0.124886001586914,
1.38777878078145E-17,0.021752700805664),(0.12522200012207,-0.004,-0.0215508995056153),
(0.12522200012207,-0.004,0.0215508995056153),(0.12522200012207,1.38777878078145E-17,
-0.0215508995056153),(0.12522200012207,1.38777878078145E-17,0.0215508995056153),
(0.12553800201416,-0.004,-0.0213169994354248),(0.12553800201416,-0.004,
0.0213169994354248),(0.12553800201416,1.38777878078145E-17,-0.0213169994354248),
(0.12553800201416,1.38777878078145E-17,0.0213169994354248),(0.125828002929687,
-0.004,-0.0210534000396728),(0.125828002929687,-0.004,0.0210534000396728),
(0.125828002929687,1.38777878078145E-17,-0.0210534000396728),(0.125828002929687,
1.38777878078145E-17,0.0210534000396728),(0.126092002868652,-0.004,-0.0207625999450683),
(0.126092002868652,-0.004,0.0207625999450683),(0.126092002868652,1.38777878078145E-17,
-0.0207625999450683),(0.126092002868652,1.38777878078145E-17,0.0207625999450683),
(0.126325996398926,-0.004,-0.0204472999572754),(0.126325996398926,-0.004,
0.0204472999572754),(0.126325996398926,1.38777878078145E-17,-0.0204472999572754),
(0.126325996398926,1.38777878078145E-17,0.0204472999572754),(0.12652799987793,
-0.004,-0.0201105995178223),(0.12652799987793,-0.004,0.0201105995178223),
(0.12652799987793,1.38777878078145E-17,-0.0201105995178223),(0.12652799987793,
1.38777878078145E-17,0.0201105995178223),(0.126695999145508,-0.004,-0.0197556991577148),
(0.126695999145508,-0.004,0.0197556991577148),(0.126695999145508,1.38777878078145E-17,
-0.0197556991577148),(0.126695999145508,1.38777878078145E-17,0.0197556991577148),
(0.126828002929687,-0.004,-0.019386100769043),(0.126828002929687,-0.004,
0.019386100769043),(0.126828002929687,1.38777878078145E-17,-0.019386100769043),
(0.126828002929687,1.38777878078145E-17,0.019386100769043),(0.126922996520996,
-0.004,-0.0190053997039795),(0.126922996520996,-0.004,0.0190053997039795),
(0.126922996520996,1.38777878078145E-17,-0.0190053997039795),(0.126922996520996,
1.38777878078145E-17,0.0190053997039795),(0.126981002807617,-0.004,-0.0186170997619629),
(0.126981002807617,-0.004,0.0186170997619629),(0.126981002807617,1.38777878078145E-17,
-0.0186170997619629),(0.126981002807617,1.38777878078145E-17,0.0186170997619629),
(0.127,-0.004,-0.0182250003814697),(0.127,-0.004,0.0182250003814697),(0.127,
1.38777878078145E-17,-0.0182250003814697),(0.127,1.38777878078145E-17,0.0182250003814697)));
#1990=TESSELLATED_SHELL('Rack',(#1988),$);
#1991=SHAPE_DEFINITION_REPRESENTATION(#3615,#2013);
#1992=SHAPE_DEFINITION_REPRESENTATION(#1813,#2014);
#1993=SHAPE_DEFINITION_REPRESENTATION(#1814,#2015);
#1994=SHAPE_DEFINITION_REPRESENTATION(#1815,#2016);
#1995=SHAPE_DEFINITION_REPRESENTATION(#1816,#2017);
#1996=SHAPE_DEFINITION_REPRESENTATION(#1817,#2018);
#1997=SHAPE_DEFINITION_REPRESENTATION(#1818,#2019);
#1998=SHAPE_DEFINITION_REPRESENTATION(#1819,#2020);
#1999=SHAPE_DEFINITION_REPRESENTATION(#1820,#2021);
#2000=SHAPE_DEFINITION_REPRESENTATION(#1821,#2022);
#2001=SHAPE_DEFINITION_REPRESENTATION(#1822,#2023);
#2002=SHAPE_DEFINITION_REPRESENTATION(#1823,#2024);
#2003=SHAPE_DEFINITION_REPRESENTATION(#1824,#2025);
#2004=SHAPE_DEFINITION_REPRESENTATION(#1825,#2026);
#2005=SHAPE_DEFINITION_REPRESENTATION(#1826,#2027);
#2006=SHAPE_DEFINITION_REPRESENTATION(#1827,#2028);
#2007=SHAPE_DEFINITION_REPRESENTATION(#1828,#2029);
#2008=SHAPE_DEFINITION_REPRESENTATION(#1829,#2030);
#2009=SHAPE_DEFINITION_REPRESENTATION(#1830,#2031);
#2010=SHAPE_DEFINITION_REPRESENTATION(#3616,#2032);
#2011=SHAPE_DEFINITION_REPRESENTATION(#3617,#2033);
#2012=SHAPE_DEFINITION_REPRESENTATION(#3618,#2034);
#2013=SHAPE_REPRESENTATION('Rack',(#2035),#3595);
#2014=SHAPE_REPRESENTATION($,(#1990),$);
#2015=SHAPE_REPRESENTATION($,(#1736),$);
#2016=SHAPE_REPRESENTATION($,(#1737),$);
#2017=SHAPE_REPRESENTATION($,(#1738),$);
#2018=SHAPE_REPRESENTATION($,(#1739),$);
#2019=SHAPE_REPRESENTATION($,(#1740),$);
#2020=SHAPE_REPRESENTATION($,(#1741),$);
#2021=SHAPE_REPRESENTATION($,(#1742),$);
#2022=SHAPE_REPRESENTATION($,(#1743),$);
#2023=SHAPE_REPRESENTATION($,(#1744),$);
#2024=SHAPE_REPRESENTATION($,(#1745),$);
#2025=SHAPE_REPRESENTATION($,(#1746),$);
#2026=SHAPE_REPRESENTATION($,(#1747),$);
#2027=SHAPE_REPRESENTATION($,(#1748),$);
#2028=SHAPE_REPRESENTATION($,(#1749),$);
#2029=SHAPE_REPRESENTATION($,(#1750),$);
#2030=SHAPE_REPRESENTATION($,(#1751),$);
#2031=SHAPE_REPRESENTATION($,(#1752),$);
#2032=SHAPE_REPRESENTATION('Part 4',(#2067),#3596);
#2033=SHAPE_REPRESENTATION('Part 3',(#2074),#3597);
#2034=SHAPE_REPRESENTATION('Part 1',(#2081),#3598);
#2035=AXIS2_PLACEMENT_3D('',#2633,#2198,#2199);
#2036=AXIS2_PLACEMENT_3D('',#2634,#2200,#2201);
#2037=AXIS2_PLACEMENT_3D('',#2659,#2202,#2203);
#2038=AXIS2_PLACEMENT_3D('',#2684,#2204,#2205);
#2039=AXIS2_PLACEMENT_3D('',#2705,#2206,#2207);
#2040=AXIS2_PLACEMENT_3D('',#2726,#2208,#2209);
#2041=AXIS2_PLACEMENT_3D('',#2747,#2210,#2211);
#2042=AXIS2_PLACEMENT_3D('',#2768,#2212,#2213);
#2043=AXIS2_PLACEMENT_3D('',#2789,#2214,#2215);
#2044=AXIS2_PLACEMENT_3D('',#2804,#2218,#2219);
#2045=AXIS2_PLACEMENT_3D('',#2819,#2220,#2221);
#2046=AXIS2_PLACEMENT_3D('',#2856,#2222,#2223);
#2047=AXIS2_PLACEMENT_3D('',#2871,#2226,#2227);
#2048=AXIS2_PLACEMENT_3D('',#2886,#2228,#2229);
#2049=AXIS2_PLACEMENT_3D('',#2923,#2230,#2231);
#2050=AXIS2_PLACEMENT_3D('',#2941,#2233,#2234);
#2051=AXIS2_PLACEMENT_3D('',#2959,#2236,#2237);
#2052=AXIS2_PLACEMENT_3D('',#3038,#2238,#2239);
#2053=AXIS2_PLACEMENT_3D('',#3059,#2240,#2241);
#2054=AXIS2_PLACEMENT_3D('',#3080,#2242,#2243);
#2055=AXIS2_PLACEMENT_3D('',#3101,#2244,#2245);
#2056=AXIS2_PLACEMENT_3D('',#3122,#2246,#2247);
#2057=AXIS2_PLACEMENT_3D('',#3143,#2248,#2249);
#2058=AXIS2_PLACEMENT_3D('',#3164,#2250,#2251);
#2059=AXIS2_PLACEMENT_3D('',#3182,#2253,#2254);
#2060=AXIS2_PLACEMENT_3D('',#3184,#2255,#2256);
#2061=AXIS2_PLACEMENT_3D('',#3186,#2257,#2258);
#2062=AXIS2_PLACEMENT_3D('',#3187,#2259,#2260);
#2063=AXIS2_PLACEMENT_3D('',#3189,#2261,#2262);
#2064=AXIS2_PLACEMENT_3D('',#3190,#2263,#2264);
#2065=AXIS2_PLACEMENT_3D('',#3192,#2265,#2266);
#2066=AXIS2_PLACEMENT_3D('',#3224,#2268,#2269);
#2067=AXIS2_PLACEMENT_3D('',#3249,#2270,#2271);
#2068=AXIS2_PLACEMENT_3D('',#3250,#2272,#2273);
#2069=AXIS2_PLACEMENT_3D('',#3259,#2278,#2279);
#2070=AXIS2_PLACEMENT_3D('',#3265,#2283,#2284);
#2071=AXIS2_PLACEMENT_3D('',#3271,#2288,#2289);
#2072=AXIS2_PLACEMENT_3D('',#3273,#2291,#2292);
#2073=AXIS2_PLACEMENT_3D('',#3275,#2294,#2295);
#2074=AXIS2_PLACEMENT_3D('',#3276,#2296,#2297);
#2075=AXIS2_PLACEMENT_3D('',#3277,#2298,#2299);
#2076=AXIS2_PLACEMENT_3D('',#3286,#2304,#2305);
#2077=AXIS2_PLACEMENT_3D('',#3292,#2309,#2310);
#2078=AXIS2_PLACEMENT_3D('',#3296,#2313,#2314);
#2079=AXIS2_PLACEMENT_3D('',#3300,#2317,#2318);
#2080=AXIS2_PLACEMENT_3D('',#3302,#2320,#2321);
#2081=AXIS2_PLACEMENT_3D('',#3303,#2322,#2323);
#2082=AXIS2_PLACEMENT_3D('',#3304,#2324,#2325);
#2083=AXIS2_PLACEMENT_3D('',#3313,#2330,#2331);
#2084=AXIS2_PLACEMENT_3D('',#3322,#2336,#2337);
#2085=AXIS2_PLACEMENT_3D('',#3326,#2339,#2340);
#2086=AXIS2_PLACEMENT_3D('',#3331,#2343,#2344);
#2087=AXIS2_PLACEMENT_3D('',#3339,#2348,#2349);
#2088=AXIS2_PLACEMENT_3D('',#3344,#2352,#2353);
#2089=AXIS2_PLACEMENT_3D('',#3357,#2360,#2361);
#2090=AXIS2_PLACEMENT_3D('',#3358,#2362,#2363);
#2091=AXIS2_PLACEMENT_3D('',#3360,#2364,#2365);
#2092=AXIS2_PLACEMENT_3D('',#3363,#2366,#2367);
#2093=AXIS2_PLACEMENT_3D('',#3365,#2368,#2369);
#2094=AXIS2_PLACEMENT_3D('',#3366,#2370,#2371);
#2095=AXIS2_PLACEMENT_3D('',#3368,#2372,#2373);
#2096=AXIS2_PLACEMENT_3D('',#3370,#2374,#2375);
#2097=AXIS2_PLACEMENT_3D('',#3371,#2376,#2377);
#2098=AXIS2_PLACEMENT_3D('',#3372,#2378,#2379);
#2099=AXIS2_PLACEMENT_3D('',#3374,#2380,#2381);
#2100=AXIS2_PLACEMENT_3D('',#3376,#2382,#2383);
#2101=AXIS2_PLACEMENT_3D('',#3378,#2384,#2385);
#2102=AXIS2_PLACEMENT_3D('',#3380,#2386,#2387);
#2103=AXIS2_PLACEMENT_3D('',#3382,#2388,#2389);
#2104=AXIS2_PLACEMENT_3D('',#3389,#2390,#2391);
#2105=AXIS2_PLACEMENT_3D('',#3391,#2392,#2393);
#2106=AXIS2_PLACEMENT_3D('',#3392,#2394,#2395);
#2107=AXIS2_PLACEMENT_3D('',#3393,#2396,#2397);
#2108=AXIS2_PLACEMENT_3D('',#3395,#2398,#2399);
#2109=AXIS2_PLACEMENT_3D('',#3398,#2400,#2401);
#2110=AXIS2_PLACEMENT_3D('',#3399,#2402,#2403);
#2111=AXIS2_PLACEMENT_3D('',#3401,#2404,#2405);
#2112=AXIS2_PLACEMENT_3D('',#3403,#2406,#2407);
#2113=AXIS2_PLACEMENT_3D('',#3404,#2408,#2409);
#2114=AXIS2_PLACEMENT_3D('',#3405,#2410,#2411);
#2115=AXIS2_PLACEMENT_3D('',#3409,#2413,#2414);
#2116=AXIS2_PLACEMENT_3D('',#3410,#2415,#2416);
#2117=AXIS2_PLACEMENT_3D('',#3412,#2417,#2418);
#2118=AXIS2_PLACEMENT_3D('',#3414,#2419,#2420);
#2119=AXIS2_PLACEMENT_3D('',#3416,#2421,#2422);
#2120=AXIS2_PLACEMENT_3D('',#3418,#2423,#2424);
#2121=AXIS2_PLACEMENT_3D('',#3420,#2425,#2426);
#2122=AXIS2_PLACEMENT_3D('',#3421,#2427,#2428);
#2123=AXIS2_PLACEMENT_3D('',#3422,#2429,#2430);
#2124=AXIS2_PLACEMENT_3D('',#3426,#2432,#2433);
#2125=AXIS2_PLACEMENT_3D('',#3427,#2434,#2435);
#2126=AXIS2_PLACEMENT_3D('',#3429,#2436,#2437);
#2127=AXIS2_PLACEMENT_3D('',#3431,#2438,#2439);
#2128=AXIS2_PLACEMENT_3D('',#3433,#2440,#2441);
#2129=AXIS2_PLACEMENT_3D('',#3435,#2442,#2443);
#2130=AXIS2_PLACEMENT_3D('',#3437,#2444,#2445);
#2131=AXIS2_PLACEMENT_3D('',#3438,#2446,#2447);
#2132=AXIS2_PLACEMENT_3D('',#3444,#2451,#2452);
#2133=AXIS2_PLACEMENT_3D('',#3450,#2456,#2457);
#2134=AXIS2_PLACEMENT_3D('',#3456,#2461,#2462);
#2135=AXIS2_PLACEMENT_3D('',#3460,#2465,#2466);
#2136=AXIS2_PLACEMENT_3D('',#3464,#2469,#2470);
#2137=AXIS2_PLACEMENT_3D('',#3466,#2472,#2473);
#2138=AXIS2_PLACEMENT_3D('',#3474,#2479,#2480);
#2139=AXIS2_PLACEMENT_3D('',#3483,#2487,#2488);
#2140=AXIS2_PLACEMENT_3D('',#3484,#2489,#2490);
#2141=AXIS2_PLACEMENT_3D('',#3485,#2491,#2492);
#2142=AXIS2_PLACEMENT_3D('',#3487,#2493,#2494);
#2143=AXIS2_PLACEMENT_3D('',#3489,#2495,#2496);
#2144=AXIS2_PLACEMENT_3D('',#3490,#2497,#2498);
#2145=AXIS2_PLACEMENT_3D('',#3492,#2499,#2500);
#2146=AXIS2_PLACEMENT_3D('',#3493,#2501,#2502);
#2147=AXIS2_PLACEMENT_3D('',#3494,#2503,#2504);
#2148=AXIS2_PLACEMENT_3D('',#3496,#2505,#2506);
#2149=AXIS2_PLACEMENT_3D('',#3497,#2507,#2508);
#2150=AXIS2_PLACEMENT_3D('',#3498,#2509,#2510);
#2151=AXIS2_PLACEMENT_3D('',#3500,#2511,#2512);
#2152=AXIS2_PLACEMENT_3D('',#3504,#2514,#2515);
#2153=AXIS2_PLACEMENT_3D('',#3505,#2516,#2517);
#2154=AXIS2_PLACEMENT_3D('',#3506,#2518,#2519);
#2155=AXIS2_PLACEMENT_3D('',#3508,#2520,#2521);
#2156=AXIS2_PLACEMENT_3D('',#3510,#2522,#2523);
#2157=AXIS2_PLACEMENT_3D('',#3512,#2524,#2525);
#2158=AXIS2_PLACEMENT_3D('',#3513,#2526,#2527);
#2159=AXIS2_PLACEMENT_3D('',#3517,#2529,#2530);
#2160=AXIS2_PLACEMENT_3D('',#3518,#2531,#2532);
#2161=AXIS2_PLACEMENT_3D('',#3519,#2533,#2534);
#2162=AXIS2_PLACEMENT_3D('',#3521,#2535,#2536);
#2163=AXIS2_PLACEMENT_3D('',#3523,#2537,#2538);
#2164=AXIS2_PLACEMENT_3D('',#3525,#2539,#2540);
#2165=AXIS2_PLACEMENT_3D('',#3526,#2541,#2542);
#2166=AXIS2_PLACEMENT_3D('',#3532,#2546,#2547);
#2167=AXIS2_PLACEMENT_3D('',#3534,#2549,#2550);
#2168=AXIS2_PLACEMENT_3D('',#3536,#2552,#2553);
#2169=AXIS2_PLACEMENT_3D('',#3537,#2554,#2555);
#2170=AXIS2_PLACEMENT_3D('',#3541,#2558,#2559);
#2171=AXIS2_PLACEMENT_3D('',#3543,#2561,#2562);
#2172=AXIS2_PLACEMENT_3D('',#3544,#2563,#2564);
#2173=AXIS2_PLACEMENT_3D('',#3550,#2568,#2569);
#2174=AXIS2_PLACEMENT_3D('',#3552,#2571,#2572);
#2175=AXIS2_PLACEMENT_3D('',#3554,#2574,#2575);
#2176=AXIS2_PLACEMENT_3D('',#3555,#2576,#2577);
#2177=AXIS2_PLACEMENT_3D('',#3559,#2580,#2581);
#2178=AXIS2_PLACEMENT_3D('',#3561,#2583,#2584);
#2179=AXIS2_PLACEMENT_3D('',#3562,#2585,#2586);
#2180=AXIS2_PLACEMENT_3D('',#3564,#2588,#2589);
#2181=AXIS2_PLACEMENT_3D('',#3565,#2590,#2591);
#2182=AXIS2_PLACEMENT_3D('',#3567,#2593,#2594);
#2183=AXIS2_PLACEMENT_3D('',#3568,#2595,#2596);
#2184=AXIS2_PLACEMENT_3D('',#3570,#2598,#2599);
#2185=AXIS2_PLACEMENT_3D('',#3571,#2600,#2601);
#2186=AXIS2_PLACEMENT_3D('',#3573,#2603,#2604);
#2187=AXIS2_PLACEMENT_3D('',#3574,#2605,#2606);
#2188=AXIS2_PLACEMENT_3D('',#3576,#2608,#2609);
#2189=AXIS2_PLACEMENT_3D('',#3577,#2610,#2611);
#2190=AXIS2_PLACEMENT_3D('',#3579,#2613,#2614);
#2191=AXIS2_PLACEMENT_3D('',#3580,#2615,#2616);
#2192=AXIS2_PLACEMENT_3D('',#3582,#2618,#2619);
#2193=AXIS2_PLACEMENT_3D('',#3583,#2620,#2621);
#2194=AXIS2_PLACEMENT_3D('',#3585,#2623,#2624);
#2195=AXIS2_PLACEMENT_3D('',#3587,#2626,#2627);
#2196=AXIS2_PLACEMENT_3D('',#3588,#2628,#2629);
#2197=AXIS2_PLACEMENT_3D('',#3590,#2631,#2632);
#2198=DIRECTION('',(0.,0.,1.));
#2199=DIRECTION('',(1.,0.,0.));
#2200=DIRECTION('',(0.,0.,-1.));
#2201=DIRECTION('',(-1.,0.,0.));
#2202=DIRECTION('',(0.,0.,-1.));
#2203=DIRECTION('',(-1.,0.,0.));
#2204=DIRECTION('',(0.,-1.,0.));
#2205=DIRECTION('',(0.,0.,-1.));
#2206=DIRECTION('',(0.,-1.,0.));
#2207=DIRECTION('',(0.,0.,-1.));
#2208=DIRECTION('',(0.,-1.,0.));
#2209=DIRECTION('',(0.,0.,-1.));
#2210=DIRECTION('',(0.,-1.,0.));
#2211=DIRECTION('',(0.,0.,-1.));
#2212=DIRECTION('',(0.,-1.,0.));
#2213=DIRECTION('',(0.,0.,-1.));
#2214=DIRECTION('',(1.,0.,0.));
#2215=DIRECTION('',(0.,1.,0.));
#2216=DIRECTION('',(0.,0.941740543222955,0.33634022841482));
#2217=DIRECTION('',(0.,0.,-1.));
#2218=DIRECTION('',(0.,-1.,0.));
#2219=DIRECTION('',(0.,0.,-1.));
#2220=DIRECTION('',(0.,0.33634022841482,-0.941740543222955));
#2221=DIRECTION('',(0.,0.941740543222955,0.33634022841482));
#2222=DIRECTION('',(1.,0.,0.));
#2223=DIRECTION('',(0.,1.,0.));
#2224=DIRECTION('',(0.,0.941740543222955,0.33634022841482));
#2225=DIRECTION('',(0.,0.,-1.));
#2226=DIRECTION('',(0.,-1.,0.));
#2227=DIRECTION('',(0.,0.,-1.));
#2228=DIRECTION('',(0.,0.33634022841482,-0.941740543222955));
#2229=DIRECTION('',(0.,0.941740543222955,0.33634022841482));
#2230=DIRECTION('',(0.,0.33634022841482,-0.941740543222955));
#2231=DIRECTION('',(0.,0.941740543222955,0.33634022841482));
#2232=DIRECTION('',(1.,0.,0.));
#2233=DIRECTION('',(0.,0.33634022841482,-0.941740543222955));
#2234=DIRECTION('',(0.,0.941740543222955,0.33634022841482));
#2235=DIRECTION('',(1.,0.,0.));
#2236=DIRECTION('',(0.,0.999683694620388,-0.025149765607869));
#2237=DIRECTION('',(0.,0.025149765607869,0.999683694620388));
#2238=DIRECTION('',(0.,0.33634022841482,-0.941740543222955));
#2239=DIRECTION('',(0.,0.941740543222955,0.33634022841482));
#2240=DIRECTION('',(0.,0.33634022841482,-0.941740543222955));
#2241=DIRECTION('',(0.,0.941740543222955,0.33634022841482));
#2242=DIRECTION('',(0.,0.33634022841482,-0.941740543222955));
#2243=DIRECTION('',(0.,0.941740543222955,0.33634022841482));
#2244=DIRECTION('',(0.,0.33634022841482,-0.941740543222955));
#2245=DIRECTION('',(0.,0.941740543222955,0.33634022841482));
#2246=DIRECTION('',(0.,0.33634022841482,-0.941740543222955));
#2247=DIRECTION('',(0.,0.941740543222955,0.33634022841482));
#2248=DIRECTION('',(0.,0.33634022841482,-0.941740543222955));
#2249=DIRECTION('',(0.,0.941740543222955,0.33634022841482));
#2250=DIRECTION('',(0.,-1.,0.));
#2251=DIRECTION('',(1.,0.,0.));
#2252=DIRECTION('',(0.,0.,-1.));
#2253=DIRECTION('',(0.,-1.,0.));
#2254=DIRECTION('',(0.,0.,-1.));
#2255=DIRECTION('',(0.,-1.,0.));
#2256=DIRECTION('',(0.,0.,-1.));
#2257=DIRECTION('',(0.,1.,0.));
#2258=DIRECTION('',(0.,0.,1.));
#2259=DIRECTION('',(0.,-1.,0.));
#2260=DIRECTION('',(0.,0.,-1.));
#2261=DIRECTION('',(0.,1.,0.));
#2262=DIRECTION('',(0.,0.,1.));
#2263=DIRECTION('',(0.,-1.,0.));
#2264=DIRECTION('',(0.,0.,-1.));
#2265=DIRECTION('',(1.,0.,0.));
#2266=DIRECTION('',(0.,0.,-1.));
#2267=DIRECTION('',(0.,0.,-1.));
#2268=DIRECTION('',(0.,-1.,0.));
#2269=DIRECTION('',(1.,0.,0.));
#2270=DIRECTION('',(0.,0.,1.));
#2271=DIRECTION('',(1.,0.,0.));
#2272=DIRECTION('',(0.,0.335406995459851,-0.942073323789924));
#2273=DIRECTION('',(0.,0.942073323789924,0.335406995459851));
#2274=DIRECTION('',(1.,0.,0.));
#2275=DIRECTION('',(0.,0.942073323789924,0.335406995459851));
#2276=DIRECTION('',(1.,0.,0.));
#2277=DIRECTION('',(0.,-0.942073323789924,-0.335406995459851));
#2278=DIRECTION('',(0.,0.0188148206880252,-0.999822985594189));
#2279=DIRECTION('',(0.,0.999822985594189,0.0188148206880252));
#2280=DIRECTION('',(0.,-0.999822985594189,-0.0188148206880252));
#2281=DIRECTION('',(0.,0.999822985594189,0.0188148206880252));
#2282=DIRECTION('',(1.,0.,0.));
#2283=DIRECTION('',(0.,0.335406995459851,-0.942073323789924));
#2284=DIRECTION('',(0.,0.942073323789924,0.335406995459851));
#2285=DIRECTION('',(0.,0.942073323789924,0.335406995459851));
#2286=DIRECTION('',(1.,0.,0.));
#2287=DIRECTION('',(0.,-0.942073323789924,-0.335406995459851));
#2288=DIRECTION('',(1.,0.,0.));
#2289=DIRECTION('',(0.,1.,0.));
#2290=DIRECTION('',(0.,0.025149765607869,0.999683694620388));
#2291=DIRECTION('',(1.,0.,0.));
#2292=DIRECTION('',(0.,1.,0.));
#2293=DIRECTION('',(0.,0.025149765607869,0.999683694620388));
#2294=DIRECTION('',(0.,0.999683694620388,-0.025149765607869));
#2295=DIRECTION('',(0.,0.025149765607869,0.999683694620388));
#2296=DIRECTION('',(0.,0.,1.));
#2297=DIRECTION('',(1.,0.,0.));
#2298=DIRECTION('',(1.,0.,0.));
#2299=DIRECTION('',(0.,1.,0.));
#2300=DIRECTION('',(0.,0.025149765607869,0.999683694620388));
#2301=DIRECTION('',(0.,0.942073323789924,0.335406995459851));
#2302=DIRECTION('',(0.,0.999822985594189,0.0188148206880252));
#2303=DIRECTION('',(0.,0.942073323789924,0.335406995459851));
#2304=DIRECTION('',(0.,0.335406995459851,-0.942073323789924));
#2305=DIRECTION('',(0.,0.942073323789924,0.335406995459851));
#2306=DIRECTION('',(0.,-0.942073323789924,-0.335406995459851));
#2307=DIRECTION('',(1.,0.,0.));
#2308=DIRECTION('',(1.,0.,0.));
#2309=DIRECTION('',(0.,0.0188148206880252,-0.999822985594189));
#2310=DIRECTION('',(0.,0.999822985594189,0.0188148206880252));
#2311=DIRECTION('',(1.,0.,0.));
#2312=DIRECTION('',(0.,-0.999822985594189,-0.0188148206880252));
#2313=DIRECTION('',(0.,0.335406995459851,-0.942073323789924));
#2314=DIRECTION('',(0.,0.942073323789924,0.335406995459851));
#2315=DIRECTION('',(1.,0.,0.));
#2316=DIRECTION('',(0.,-0.942073323789924,-0.335406995459851));
#2317=DIRECTION('',(1.,0.,0.));
#2318=DIRECTION('',(0.,1.,0.));
#2319=DIRECTION('',(0.,0.025149765607869,0.999683694620388));
#2320=DIRECTION('',(0.,0.999683694620388,-0.025149765607869));
#2321=DIRECTION('',(0.,0.025149765607869,0.999683694620388));
#2322=DIRECTION('',(0.,0.,1.));
#2323=DIRECTION('',(1.,0.,0.));
#2324=DIRECTION('',(0.991498646261969,0.130117002965343,0.));
#2325=DIRECTION('',(-0.130117002965343,0.991498646261969,0.));
#2326=DIRECTION('',(0.108477036687896,-0.826600925132028,-0.552235133871695));
#2327=DIRECTION('',(0.130117002965343,-0.991498646261969,0.));
#2328=DIRECTION('',(0.116653863263266,-0.888908788788838,0.442981987669609));
#2329=DIRECTION('',(0.130117002965343,-0.991498646261969,0.));
#2330=DIRECTION('',(1.,9.63735264431559E-17,0.));
#2331=DIRECTION('',(-9.63735264431559E-17,1.,0.));
#2332=DIRECTION('',(9.63735264431559E-17,-1.,0.));
#2333=DIRECTION('',(8.29654019956546E-17,-0.860873364892279,0.508819270094054));
#2334=DIRECTION('',(9.63735264431559E-17,-1.,0.));
#2335=DIRECTION('',(7.93344816468441E-17,-0.823197869527354,-0.567754583958268));
#2336=DIRECTION('',(0.,0.,1.));
#2337=DIRECTION('',(1.,0.,0.));
#2338=DIRECTION('',(-0.98339118441806,-0.181498700846167,0.));
#2339=DIRECTION('',(0.,0.,1.));
#2340=DIRECTION('',(1.,0.,0.));
#2341=DIRECTION('',(-0.104218075829534,-0.99455446943362,0.));
#2342=DIRECTION('',(0.121611650465314,-0.99257775840037,0.));
#2343=DIRECTION('',(0.,0.,1.));
#2344=DIRECTION('',(1.,0.,0.));
#2345=DIRECTION('',(0.996886109286725,-0.0788548356867029,0.));
#2346=DIRECTION('',(-0.997796466690483,-0.0663491602055962,0.));
#2347=DIRECTION('',(0.978012043840899,0.208548416685784,0.));
#2348=DIRECTION('',(0.,0.,1.));
#2349=DIRECTION('',(1.,0.,0.));
#2350=DIRECTION('',(-0.0134203983713927,0.999909942398591,0.));
#2351=DIRECTION('',(-0.216005942738255,0.976392048667828,0.));
#2352=DIRECTION('',(0.,0.,1.));
#2353=DIRECTION('',(1.,0.,0.));
#2354=DIRECTION('',(-0.988959743964782,0.148184428389468,0.));
#2355=DIRECTION('',(1.,0.,0.));
#2356=DIRECTION('',(0.130117002965343,-0.991498646261969,0.));
#2357=DIRECTION('',(-0.997727075663616,-0.0673845864254481,0.));
#2358=DIRECTION('',(-1.09995673107363E-16,1.,0.));
#2359=DIRECTION('',(1.,0.,0.));
#2360=DIRECTION('',(0.,0.,-1.));
#2361=DIRECTION('',(-1.,0.,0.));
#2362=DIRECTION('',(0.,0.,1.));
#2363=DIRECTION('',(1.,0.,0.));
#2364=DIRECTION('',(-0.389591748282082,-0.904469225603318,0.17364817766693));
#2365=DIRECTION('',(-0.0686955366835119,-0.159482327694356,-0.984807753012208));
#2366=DIRECTION('',(0.161241047932381,-0.971518211283052,0.17364817766693));
#2367=DIRECTION('',(0.0284311471481856,-0.171304872898829,-0.984807753012208));
#2368=DIRECTION('',(0.145933173953631,0.973935223273485,0.17364817766693));
#2369=DIRECTION('',(0.0257319559484469,0.171731057325439,-0.984807753012208));
#2370=DIRECTION('',(0.96155845950755,0.212724327105345,0.17364817766693));
#2371=DIRECTION('',(0.169548699939649,0.0375090383217252,-0.984807753012208));
#2372=DIRECTION('',(-0.984719063588123,-0.0132165123646599,0.17364817766693));
#2373=DIRECTION('',(-0.17363253932856,-0.00233042772075658,-0.984807753012208));
#2374=DIRECTION('',(0.,0.,1.));
#2375=DIRECTION('',(1.,0.,0.));
#2376=DIRECTION('',(0.,0.,-1.));
#2377=DIRECTION('',(-1.,0.,0.));
#2378=DIRECTION('',(0.,0.,1.));
#2379=DIRECTION('',(1.,0.,0.));
#2380=DIRECTION('',(-0.977498271940162,-0.119764096234852,0.17364817766693));
#2381=DIRECTION('',(-0.172359318938951,-0.0211176414863696,-0.984807753012208));
#2382=DIRECTION('',(0.974110853859781,-0.144756190836604,0.17364817766693));
#2383=DIRECTION('',(0.17176202573644,-0.0255244220690768,-0.984807753012208));
#2384=DIRECTION('',(0.,0.,1.));
#2385=DIRECTION('',(1.,0.,0.));
#2386=DIRECTION('',(0.7554215879901,0.631810521273166,0.17364817766693));
#2387=DIRECTION('',(0.133201207772288,0.111405241595939,-0.984807753012208));
#2388=DIRECTION('',(-0.262540815706855,0.949167335342369,0.17364817766693));
#2389=DIRECTION('',(-0.0462930293463273,0.167363810428019,-0.984807753012208));
#2390=DIRECTION('',(-0.262540815706855,0.949167335342369,0.17364817766693));
#2391=DIRECTION('',(-0.0462930293463273,0.167363810428019,-0.984807753012208));
#2392=DIRECTION('',(-0.0776568535467687,-0.981741169295742,0.17364817766693));
#2393=DIRECTION('',(-0.0136929985172212,-0.173107456219116,-0.984807753012208));
#2394=DIRECTION('',(0.,0.,-1.));
#2395=DIRECTION('',(-1.,0.,0.));
#2396=DIRECTION('',(0.,0.,1.));
#2397=DIRECTION('',(1.,0.,0.));
#2398=DIRECTION('',(-0.948791174018623,-0.263896984630969,0.17364817766693));
#2399=DIRECTION('',(-0.167297483037543,-0.046532158518047,-0.984807753012208));
#2400=DIRECTION('',(0.984719063588123,0.0132165123646599,0.17364817766693));
#2401=DIRECTION('',(0.17363253932856,0.00233042772075658,-0.984807753012208));
#2402=DIRECTION('',(0.205380097630581,-0.963153843313833,0.17364817766693));
#2403=DIRECTION('',(0.0362140525128102,-0.169830009149282,-0.984807753012208));
#2404=DIRECTION('',(0.130751048707906,0.976089377902832,0.17364817766693));
#2405=DIRECTION('',(0.0230549376431305,0.17211089290721,-0.984807753012208));
#2406=DIRECTION('',(0.,0.,1.));
#2407=DIRECTION('',(1.,0.,0.));
#2408=DIRECTION('',(0.,0.,1.));
#2409=DIRECTION('',(1.,0.,0.));
#2410=DIRECTION('',(0.,0.,-1.));
#2411=DIRECTION('',(-1.,0.,0.));
#2412=DIRECTION('',(-0.641557216970177,0.767075183638137,0.));
#2413=DIRECTION('',(0.,0.,-1.));
#2414=DIRECTION('',(-1.,0.,0.));
#2415=DIRECTION('',(0.,0.,-1.));
#2416=DIRECTION('',(-1.,0.,0.));
#2417=DIRECTION('',(0.7554215879901,0.631810521273166,0.17364817766693));
#2418=DIRECTION('',(0.133201207772288,0.111405241595939,-0.984807753012208));
#2419=DIRECTION('',(-0.977498271940162,-0.119764096234852,0.17364817766693));
#2420=DIRECTION('',(-0.172359318938951,-0.0211176414863696,-0.984807753012208));
#2421=DIRECTION('',(-0.0776568535467687,-0.981741169295742,0.17364817766693));
#2422=DIRECTION('',(-0.0136929985172212,-0.173107456219116,-0.984807753012208));
#2423=DIRECTION('',(-0.262540815706855,0.949167335342369,0.17364817766693));
#2424=DIRECTION('',(-0.0462930293463273,0.167363810428019,-0.984807753012208));
#2425=DIRECTION('',(0.7554215879901,0.631810521273166,0.17364817766693));
#2426=DIRECTION('',(0.133201207772288,0.111405241595939,-0.984807753012208));
#2427=DIRECTION('',(0.,0.,1.));
#2428=DIRECTION('',(1.,0.,0.));
#2429=DIRECTION('',(0.,0.,-1.));
#2430=DIRECTION('',(-1.,0.,0.));
#2431=DIRECTION('',(0.9184221213093,-0.395601828976719,0.));
#2432=DIRECTION('',(0.,0.,-1.));
#2433=DIRECTION('',(-1.,0.,0.));
#2434=DIRECTION('',(0.,0.,-1.));
#2435=DIRECTION('',(-1.,0.,0.));
#2436=DIRECTION('',(-0.389591748282082,-0.904469225603318,0.17364817766693));
#2437=DIRECTION('',(-0.0686955366835119,-0.159482327694356,-0.984807753012208));
#2438=DIRECTION('',(-0.984719063588123,-0.0132165123646599,0.17364817766693));
#2439=DIRECTION('',(-0.17363253932856,-0.00233042772075658,-0.984807753012208));
#2440=DIRECTION('',(0.96155845950755,0.212724327105345,0.17364817766693));
#2441=DIRECTION('',(0.169548699939649,0.0375090383217252,-0.984807753012208));
#2442=DIRECTION('',(0.145933173953631,0.973935223273485,0.17364817766693));
#2443=DIRECTION('',(0.0257319559484469,0.171731057325439,-0.984807753012208));
#2444=DIRECTION('',(-0.389591748282082,-0.904469225603318,0.17364817766693));
#2445=DIRECTION('',(-0.0686955366835119,-0.159482327694356,-0.984807753012208));
#2446=DIRECTION('',(0.,1.,0.));
#2447=DIRECTION('',(0.,0.,1.));
#2448=DIRECTION('',(1.,0.,0.));
#2449=DIRECTION('',(0.696814060805439,0.,0.717251813984345));
#2450=DIRECTION('',(0.765555669493892,0.,-0.643369658054963));
#2451=DIRECTION('',(0.0663491602055962,-0.997796466690483,0.));
#2452=DIRECTION('',(0.997796466690483,0.0663491602055962,0.));
#2453=DIRECTION('',(-0.771058672947998,-0.0512720751447707,-0.634696539443869));
#2454=DIRECTION('',(-0.997796466690483,-0.0663491602055962,0.));
#2455=DIRECTION('',(-0.774547989323424,-0.0515040996296529,0.630414736468288));
#2456=DIRECTION('',(0.991498646261969,0.130117002965343,0.));
#2457=DIRECTION('',(-0.130117002965343,0.991498646261969,0.));
#2458=DIRECTION('',(0.130117002965343,-0.991498646261969,0.));
#2459=DIRECTION('',(0.,0.,-1.));
#2460=DIRECTION('',(0.,0.,-1.));
#2461=DIRECTION('',(0.0673845864254481,-0.997727075663616,0.));
#2462=DIRECTION('',(0.997727075663616,0.0673845864254481,0.));
#2463=DIRECTION('',(-0.997727075663616,-0.0673845864254481,0.));
#2464=DIRECTION('',(0.,0.,-1.));
#2465=DIRECTION('',(-1.,-1.09995673107363E-16,0.));
#2466=DIRECTION('',(1.09995673107363E-16,-1.,0.));
#2467=DIRECTION('',(-1.09995673107363E-16,1.,0.));
#2468=DIRECTION('',(0.,0.,-1.));
#2469=DIRECTION('',(0.,1.,0.));
#2470=DIRECTION('',(0.,0.,1.));
#2471=DIRECTION('',(1.,0.,0.));
#2472=DIRECTION('',(0.,0.,1.));
#2473=DIRECTION('',(1.,0.,0.));
#2474=DIRECTION('',(0.963809771439323,0.266590930974932,0.));
#2475=DIRECTION('',(0.963809771439323,0.266590930974932,0.));
#2476=DIRECTION('',(0.641557216970177,-0.767075183638137,0.));
#2477=DIRECTION('',(-0.146989288410699,-0.989138083935967,0.));
#2478=DIRECTION('',(0.152885514325975,-0.98824390689206,0.));
#2479=DIRECTION('',(0.,0.,1.));
#2480=DIRECTION('',(1.,0.,0.));
#2481=DIRECTION('',(-0.979205832643621,0.202869261635942,0.));
#2482=DIRECTION('',(-0.986505445668449,-0.163728450998885,0.));
#2483=DIRECTION('',(-0.9184221213093,0.395601828976719,0.));
#2484=DIRECTION('',(-0.0134203983713927,0.999909942398591,0.));
#2485=DIRECTION('',(-0.26796802099069,0.963427807220828,0.));
#2486=DIRECTION('',(0.991147129901537,-0.132768094389977,0.));
#2487=DIRECTION('',(0.,0.,1.));
#2488=DIRECTION('',(1.,0.,0.));
#2489=DIRECTION('',(0.,0.,-1.));
#2490=DIRECTION('',(-1.,0.,0.));
#2491=DIRECTION('',(0.,0.,1.));
#2492=DIRECTION('',(1.,0.,0.));
#2493=DIRECTION('',(-0.178741327754948,0.968451262658763,0.17364817766693));
#2494=DIRECTION('',(-0.0315169186508522,0.17076408710792,-0.984807753012208));
#2495=DIRECTION('',(-0.199787221706938,-0.964329495782213,0.17364817766693));
#2496=DIRECTION('',(-0.035227877587717,-0.170037308399394,-0.984807753012208));
#2497=DIRECTION('',(0.973230261374375,0.150562839831479,0.17364817766693));
#2498=DIRECTION('',(0.171606753522254,0.0265482909543769,-0.984807753012208));
#2499=DIRECTION('',(-0.979444952291172,0.102634769080939,0.17364817766693));
#2500=DIRECTION('',(-0.172702571207649,0.0180972789477525,-0.984807753012208));
#2501=DIRECTION('',(0.,0.,1.));
#2502=DIRECTION('',(1.,0.,0.));
#2503=DIRECTION('',(0.,0.,-1.));
#2504=DIRECTION('',(-1.,0.,0.));
#2505=DIRECTION('',(0.,0.,1.));
#2506=DIRECTION('',(1.,0.,0.));
#2507=DIRECTION('',(0.,0.,1.));
#2508=DIRECTION('',(1.,0.,0.));
#2509=DIRECTION('',(0.,0.,-1.));
#2510=DIRECTION('',(-1.,0.,0.));
#2511=DIRECTION('',(0.,0.,1.));
#2512=DIRECTION('',(1.,0.,0.));
#2513=DIRECTION('',(-0.719699822306321,-0.694285363357352,0.));
#2514=DIRECTION('',(0.,0.,-1.));
#2515=DIRECTION('',(-1.,0.,0.));
#2516=DIRECTION('',(0.,0.,-1.));
#2517=DIRECTION('',(-1.,0.,0.));
#2518=DIRECTION('',(-0.683737608637218,0.708765964848773,0.17364817766693));
#2519=DIRECTION('',(-0.120561388127827,0.124974562610706,-0.984807753012208));
#2520=DIRECTION('',(0.205380097630581,-0.963153843313833,0.17364817766693));
#2521=DIRECTION('',(0.0362140525128102,-0.169830009149282,-0.984807753012208));
#2522=DIRECTION('',(0.984719063588123,0.0132165123646599,0.17364817766693));
#2523=DIRECTION('',(0.17363253932856,0.00233042772075658,-0.984807753012208));
#2524=DIRECTION('',(-0.683737608637218,0.708765964848773,0.17364817766693));
#2525=DIRECTION('',(-0.120561388127827,0.124974562610706,-0.984807753012208));
#2526=DIRECTION('',(0.,0.,1.));
#2527=DIRECTION('',(1.,0.,0.));
#2528=DIRECTION('',(0.724837197014854,0.688920196992112,0.));
#2529=DIRECTION('',(0.,0.,-1.));
#2530=DIRECTION('',(-1.,0.,0.));
#2531=DIRECTION('',(0.,0.,-1.));
#2532=DIRECTION('',(-1.,0.,0.));
#2533=DIRECTION('',(0.678453951204529,-0.713825291291865,0.17364817766693));
#2534=DIRECTION('',(0.119629736765623,-0.125866658366835,-0.984807753012208));
#2535=DIRECTION('',(-0.178741327754948,0.968451262658763,0.17364817766693));
#2536=DIRECTION('',(-0.0315169186508522,0.17076408710792,-0.984807753012208));
#2537=DIRECTION('',(-0.979444952291172,0.102634769080939,0.17364817766693));
#2538=DIRECTION('',(-0.172702571207649,0.0180972789477525,-0.984807753012208));
#2539=DIRECTION('',(0.678453951204529,-0.713825291291865,0.17364817766693));
#2540=DIRECTION('',(0.119629736765623,-0.125866658366835,-0.984807753012208));
#2541=DIRECTION('',(0.96155845950755,0.212724327105345,0.17364817766693));
#2542=DIRECTION('',(-0.169548699939649,-0.0375090383217252,0.984807753012208));
#2543=DIRECTION('',(0.0998232534812604,-0.85988772542669,0.500628023311649));
#2544=DIRECTION('',(0.229946452469206,-0.278100599740283,-0.932622477437104));
#2545=DIRECTION('',(-0.142754467839059,-0.152959126283462,0.977867407984634));
#2546=DIRECTION('',(0.145933173953631,0.973935223273485,0.17364817766693));
#2547=DIRECTION('',(-0.025731955948447,-0.171731057325439,0.984807753012208));
#2548=DIRECTION('',(-0.776906502087794,0.22149265796499,-0.589370248215256));
#2549=DIRECTION('',(-0.389591748282082,-0.904469225603318,0.17364817766693));
#2550=DIRECTION('',(0.0686955366835119,0.159482327694356,0.984807753012208));
#2551=DIRECTION('',(0.171040126314289,0.114210761629145,0.978622080845554));
#2552=DIRECTION('',(-0.984719063588123,-0.0132165123646599,0.17364817766693));
#2553=DIRECTION('',(0.17363253932856,0.00233042772075658,0.984807753012208));
#2554=DIRECTION('',(-0.979444952291172,0.102634769080939,0.17364817766693));
#2555=DIRECTION('',(0.172702571207649,-0.0180972789477525,0.984807753012208));
#2556=DIRECTION('',(0.157849293773829,-0.145978394489695,0.976613489973037));
#2557=DIRECTION('',(-0.200647815712024,-0.407434251598148,-0.890919628627998));
#2558=DIRECTION('',(0.678453951204529,-0.713825291291865,0.17364817766693));
#2559=DIRECTION('',(-0.119629736765623,0.125866658366835,0.984807753012208));
#2560=DIRECTION('',(0.469085817242274,0.239020241364385,-0.850192813590105));
#2561=DIRECTION('',(-0.178741327754948,0.968451262658763,0.17364817766693));
#2562=DIRECTION('',(0.0315169186508523,-0.17076408710792,0.984807753012208));
#2563=DIRECTION('',(-0.0776568535467687,-0.981741169295742,0.17364817766693));
#2564=DIRECTION('',(0.0136929985172212,0.173107456219116,0.984807753012208));
#2565=DIRECTION('',(-0.709526694547997,-0.0679369872944698,-0.701396061780464));
#2566=DIRECTION('',(-0.153570424467089,-0.160316362110457,-0.975046044435167));
#2567=DIRECTION('',(0.368200408749688,-0.190102259808162,-0.910104164264944));
#2568=DIRECTION('',(-0.262540815706855,0.949167335342369,0.17364817766693));
#2569=DIRECTION('',(0.0462930293463273,-0.167363810428019,0.984807753012208));
#2570=DIRECTION('',(-0.06108877688986,-0.195950032912003,0.978709224407273));
#2571=DIRECTION('',(0.7554215879901,0.631810521273166,0.17364817766693));
#2572=DIRECTION('',(-0.133201207772288,-0.111405241595939,0.984807753012208));
#2573=DIRECTION('',(-0.210214710601073,0.484696047955886,-0.849046239343213));
#2574=DIRECTION('',(-0.977498271940162,-0.119764096234852,0.17364817766693));
#2575=DIRECTION('',(0.172359318938951,0.0211176414863696,0.984807753012208));
#2576=DIRECTION('',(0.984719063588123,0.0132165123646599,0.17364817766693));
#2577=DIRECTION('',(-0.17363253932856,-0.00233042772075658,0.984807753012208));
#2578=DIRECTION('',(-0.17378971720158,0.138718978623448,0.974963680946456));
#2579=DIRECTION('',(0.156143916665271,0.374551886508055,-0.913963873247562));
#2580=DIRECTION('',(-0.683737608637218,0.708765964848773,0.17364817766693));
#2581=DIRECTION('',(0.120561388127827,-0.124974562610706,0.984807753012208));
#2582=DIRECTION('',(0.476473758126243,0.25338610910267,0.84188374347701));
#2583=DIRECTION('',(0.205380097630581,-0.963153843313833,0.17364817766693));
#2584=DIRECTION('',(-0.0362140525128102,0.169830009149282,0.984807753012208));
#2585=DIRECTION('',(0.130751048707906,0.976089377902832,0.17364817766693));
#2586=DIRECTION('',(-0.0230549376431305,-0.17211089290721,0.984807753012208));
#2587=DIRECTION('',(0.717774426970629,0.027622539679282,-0.695727581233238));
#2588=DIRECTION('',(0.205380097630581,-0.963153843313833,0.17364817766693));
#2589=DIRECTION('',(-0.0362140525128102,0.169830009149282,0.984807753012208));
#2590=DIRECTION('',(-0.948791174018623,-0.263896984630969,0.17364817766693));
#2591=DIRECTION('',(0.167297483037543,0.046532158518047,0.984807753012208));
#2592=DIRECTION('',(0.114632655055969,-0.799829003342462,-0.589179870503926));
#2593=DIRECTION('',(0.984719063588123,0.0132165123646599,0.17364817766693));
#2594=DIRECTION('',(-0.17363253932856,-0.00233042772075658,0.984807753012208));
#2595=DIRECTION('',(0.974110853859781,-0.144756190836604,0.17364817766693));
#2596=DIRECTION('',(-0.17176202573644,0.0255244220690768,0.984807753012208));
#2597=DIRECTION('',(0.0101862928741036,0.795438015418606,0.605949340344878));
#2598=DIRECTION('',(-0.977498271940162,-0.119764096234852,0.17364817766693));
#2599=DIRECTION('',(0.172359318938951,0.0211176414863696,0.984807753012208));
#2600=DIRECTION('',(-0.0776568535467687,-0.981741169295742,0.17364817766693));
#2601=DIRECTION('',(0.0136929985172212,0.173107456219116,0.984807753012208));
#2602=DIRECTION('',(-0.709526694547997,-0.0679369872944698,-0.701396061780464));
#2603=DIRECTION('',(-0.262540815706855,0.949167335342369,0.17364817766693));
#2604=DIRECTION('',(0.0462930293463273,-0.167363810428019,0.984807753012208));
#2605=DIRECTION('',(0.7554215879901,0.631810521273166,0.17364817766693));
#2606=DIRECTION('',(-0.133201207772288,-0.111405241595939,0.984807753012208));
#2607=DIRECTION('',(-0.06108877688986,-0.195950032912003,0.978709224407273));
#2608=DIRECTION('',(-0.262540815706855,0.949167335342369,0.17364817766693));
#2609=DIRECTION('',(0.0462930293463273,-0.167363810428019,0.984807753012208));
#2610=DIRECTION('',(-0.199787221706938,-0.964329495782213,0.17364817766693));
#2611=DIRECTION('',(0.035227877587717,0.170037308399394,0.984807753012208));
#2612=DIRECTION('',(0.675992598739029,-0.00736082894206112,0.736871647335776));
#2613=DIRECTION('',(-0.178741327754948,0.968451262658763,0.17364817766693));
#2614=DIRECTION('',(0.0315169186508523,-0.17076408710792,0.984807753012208));
#2615=DIRECTION('',(-0.979444952291172,0.102634769080939,0.17364817766693));
#2616=DIRECTION('',(0.172702571207649,-0.0180972789477525,0.984807753012208));
#2617=DIRECTION('',(0.0198254279153274,-0.807723346346815,0.589228264914606));
#2618=DIRECTION('',(0.973230261374375,0.150562839831479,0.17364817766693));
#2619=DIRECTION('',(-0.171606753522254,-0.0265482909543769,0.984807753012208));
#2620=DIRECTION('',(0.145933173953631,0.973935223273485,0.17364817766693));
#2621=DIRECTION('',(-0.025731955948447,-0.171731057325439,0.984807753012208));
#2622=DIRECTION('',(0.749016153107006,0.00589366194849263,-0.662525521873399));
#2623=DIRECTION('',(0.161241047932381,-0.971518211283052,0.17364817766693));
#2624=DIRECTION('',(-0.0284311471481856,0.171304872898829,0.984807753012208));
#2625=DIRECTION('',(0.0218395100721724,0.179419841762716,0.983530150113177));
#2626=DIRECTION('',(-0.389591748282082,-0.904469225603318,0.17364817766693));
#2627=DIRECTION('',(0.0686955366835119,0.159482327694356,0.984807753012208));
#2628=DIRECTION('',(-0.984719063588123,-0.0132165123646599,0.17364817766693));
#2629=DIRECTION('',(0.17363253932856,0.00233042772075658,0.984807753012208));
#2630=DIRECTION('',(0.0998232534812604,-0.85988772542669,0.500628023311649));
#2631=DIRECTION('',(0.96155845950755,0.212724327105345,0.17364817766693));
#2632=DIRECTION('',(-0.169548699939649,-0.0375090383217252,0.984807753012208));
#2633=CARTESIAN_POINT('',(0.,0.,0.));
#2634=CARTESIAN_POINT('',(-0.00715374083521787,-0.00656474148464096,0.03));
#2635=CARTESIAN_POINT('',(-0.00688218577223308,-0.00380759666053838,0.019420000076294));
#2636=CARTESIAN_POINT('',(-0.0089113182105521,-0.00442312725630255,0.019420000076294));
#2637=CARTESIAN_POINT('',(-0.00991088565932044,-0.00629318642165615,0.019420000076294));
#2638=CARTESIAN_POINT('',(-0.00929535506355628,-0.00832231885997519,0.019420000076294));
#2639=CARTESIAN_POINT('',(-0.00742529589820268,-0.00932188630874354,0.019420000076294));
#2640=CARTESIAN_POINT('',(-0.00539616345988364,-0.00870635571297938,0.019420000076294));
#2641=CARTESIAN_POINT('',(-0.00439659601111529,-0.00683629654762575,0.019420000076294));
#2642=CARTESIAN_POINT('',(-0.00501212660687945,-0.00480716410930674,0.019420000076294));
#2643=CARTESIAN_POINT('',(-0.00688218577223308,-0.00380759666053838,0.019420000076294));
#2644=CARTESIAN_POINT('',(-0.0089113182105521,-0.00442312725630255,0.019420000076294));
#2645=CARTESIAN_POINT('',(-0.00991088565932044,-0.00629318642165615,0.019420000076294));
#2646=CARTESIAN_POINT('',(-0.00873972404562699,-0.00463221535123412,0.019420000076294));
#2647=CARTESIAN_POINT('',(-0.00634951135504414,-0.003913552189904,0.0222250003814697));
#2648=CARTESIAN_POINT('',(-0.00471039078763921,-0.00525874367518428,0.0222250003814698));
#2649=CARTESIAN_POINT('',(-0.00450255154048093,-0.0073689709648147,0.0222250003814697));
#2650=CARTESIAN_POINT('',(-0.00584774302576118,-0.00900809153221962,0.0222250003814697));
#2651=CARTESIAN_POINT('',(-0.00795797031539161,-0.0092159307793779,0.0222250003814697));
#2652=CARTESIAN_POINT('',(-0.00959709088279653,-0.00787073929409766,0.0222250003814698));
#2653=CARTESIAN_POINT('',(-0.00980493012995481,-0.00576051200446722,0.0222250003814697));
#2654=CARTESIAN_POINT('',(-0.00845973864467458,-0.00412139143706232,0.0222250003814698));
#2655=CARTESIAN_POINT('',(-0.00634951135504414,-0.003913552189904,0.0222250003814697));
#2656=CARTESIAN_POINT('',(-0.00471039078763921,-0.00525874367518428,0.0222250003814698));
#2657=CARTESIAN_POINT('',(-0.00450255154048093,-0.0073689709648147,0.0222250003814697));
#2658=CARTESIAN_POINT('',(-0.00494893767434699,-0.00538624964257597,0.0222250003814697));
#2659=CARTESIAN_POINT('',(-0.0761964730212587,-0.0109040890074418,0.03));
#2660=CARTESIAN_POINT('',(-0.0775482113049551,-0.00848574384065978,0.0222250003814697));
#2661=CARTESIAN_POINT('',(-0.0754422680613687,-0.00823823743396931,0.0222250003814698));
#2662=CARTESIAN_POINT('',(-0.0737781278544767,-0.00955235072374533,0.0222250003814698));
#2663=CARTESIAN_POINT('',(-0.0735306214477862,-0.0116582939673318,0.0222250003814697));
#2664=CARTESIAN_POINT('',(-0.0748447347375623,-0.0133224341742237,0.0222250003814697));
#2665=CARTESIAN_POINT('',(-0.0769506779811487,-0.0135699405809142,0.0222250003814697));
#2666=CARTESIAN_POINT('',(-0.0786148181880407,-0.0122558272911382,0.0222250003814697));
#2667=CARTESIAN_POINT('',(-0.0788623245947312,-0.0101498840475517,0.0222250003814698));
#2668=CARTESIAN_POINT('',(-0.0775482113049551,-0.00848574384065978,0.0222250003814697));
#2669=CARTESIAN_POINT('',(-0.0754422680613687,-0.00823823743396931,0.0222250003814698));
#2670=CARTESIAN_POINT('',(-0.0737781278544767,-0.00955235072374533,0.0222250003814698));
#2671=CARTESIAN_POINT('',(-0.0755159019008177,-0.00849850738338039,0.0222250003814697));
#2672=CARTESIAN_POINT('',(-0.0742766469113649,-0.00890662625658049,0.019420000076294));
#2673=CARTESIAN_POINT('',(-0.0762513704165553,-0.00813414749013532,0.019420000076294));
#2674=CARTESIAN_POINT('',(-0.07819393577212,-0.00898426289754792,0.019420000076294));
#2675=CARTESIAN_POINT('',(-0.0789664145385651,-0.0109589864027384,0.019420000076294));
#2676=CARTESIAN_POINT('',(-0.0781162991311525,-0.012901551758303,0.019420000076294));
#2677=CARTESIAN_POINT('',(-0.0761415756259621,-0.0136740305247482,0.019420000076294));
#2678=CARTESIAN_POINT('',(-0.0741990102703974,-0.0128239151173356,0.019420000076294));
#2679=CARTESIAN_POINT('',(-0.0734265315039523,-0.0108491916121452,0.019420000076294));
#2680=CARTESIAN_POINT('',(-0.0742766469113649,-0.00890662625658049,0.019420000076294));
#2681=CARTESIAN_POINT('',(-0.0762513704165553,-0.00813414749013532,0.019420000076294));
#2682=CARTESIAN_POINT('',(-0.07819393577212,-0.00898426289754792,0.019420000076294));
#2683=CARTESIAN_POINT('',(-0.076246010724951,-0.00840457985244495,0.019420000076294));
#2684=CARTESIAN_POINT('',(-0.1,-0.0312003101073685,0.0211611722893342));
#2685=CARTESIAN_POINT('',(-0.0596156491522036,-0.0312003101073685,0.0222250003814697));
#2686=CARTESIAN_POINT('',(-0.0548718830507345,-0.0312003101073685,0.0222250003814697));
#2687=CARTESIAN_POINT('',(-0.0501281169492655,-0.0312003101073685,0.0222250003814697));
#2688=CARTESIAN_POINT('',(-0.0453843508477964,-0.0312003101073685,0.0222250003814697));
#2689=CARTESIAN_POINT('',(-0.0596156491522036,-0.0312003101073685,0.0222250003814697));
#2690=CARTESIAN_POINT('',(-0.0453843508477964,-0.0312003101073685,0.0222250003814697));
#2691=CARTESIAN_POINT('',(-0.0596156491522036,-0.0312003101073685,0.019420000076294));
#2692=CARTESIAN_POINT('',(-0.0596156491522036,-0.0312003101073685,0.0203550001780192));
#2693=CARTESIAN_POINT('',(-0.0596156491522036,-0.0312003101073685,0.0212900002797445));
#2694=CARTESIAN_POINT('',(-0.0596156491522036,-0.0312003101073685,0.0222250003814697));
#2695=CARTESIAN_POINT('',(-0.0596156491522036,-0.0312003101073685,0.019420000076294));
#2696=CARTESIAN_POINT('',(-0.0453843508477964,-0.0312003101073685,0.0194200000762939));
#2697=CARTESIAN_POINT('',(-0.0501281169492655,-0.0312003101073685,0.019420000076294));
#2698=CARTESIAN_POINT('',(-0.0548718830507345,-0.0312003101073685,0.019420000076294));
#2699=CARTESIAN_POINT('',(-0.0596156491522036,-0.0312003101073685,0.0194200000762939));
#2700=CARTESIAN_POINT('',(-0.0453843508477964,-0.0312003101073685,0.019420000076294));
#2701=CARTESIAN_POINT('',(-0.0453843508477964,-0.0312003101073685,0.0222250003814697));
#2702=CARTESIAN_POINT('',(-0.0453843508477964,-0.0312003101073685,0.0212900002797445));
#2703=CARTESIAN_POINT('',(-0.0453843508477964,-0.0312003101073685,0.0203550001780192));
#2704=CARTESIAN_POINT('',(-0.0453843508477964,-0.0312003101073685,0.019420000076294));
#2705=CARTESIAN_POINT('',(-0.1,-0.0312003101073685,0.0211611722893342));
#2706=CARTESIAN_POINT('',(-0.0296156491522036,-0.0312003101073685,0.0222250003814697));
#2707=CARTESIAN_POINT('',(-0.0248718830507345,-0.0312003101073685,0.0222250003814697));
#2708=CARTESIAN_POINT('',(-0.0201281169492655,-0.0312003101073685,0.0222250003814697));
#2709=CARTESIAN_POINT('',(-0.0153843508477964,-0.0312003101073685,0.0222250003814697));
#2710=CARTESIAN_POINT('',(-0.0296156491522036,-0.0312003101073685,0.0222250003814697));
#2711=CARTESIAN_POINT('',(-0.0153843508477964,-0.0312003101073685,0.0222250003814697));
#2712=CARTESIAN_POINT('',(-0.0296156491522036,-0.0312003101073685,0.019420000076294));
#2713=CARTESIAN_POINT('',(-0.0296156491522036,-0.0312003101073685,0.0203550001780192));
#2714=CARTESIAN_POINT('',(-0.0296156491522036,-0.0312003101073685,0.0212900002797445));
#2715=CARTESIAN_POINT('',(-0.0296156491522036,-0.0312003101073685,0.0222250003814697));
#2716=CARTESIAN_POINT('',(-0.0296156491522036,-0.0312003101073685,0.019420000076294));
#2717=CARTESIAN_POINT('',(-0.0153843508477964,-0.0312003101073685,0.0194200000762939));
#2718=CARTESIAN_POINT('',(-0.0201281169492655,-0.0312003101073685,0.019420000076294));
#2719=CARTESIAN_POINT('',(-0.0248718830507345,-0.0312003101073685,0.019420000076294));
#2720=CARTESIAN_POINT('',(-0.0296156491522036,-0.0312003101073685,0.0194200000762939));
#2721=CARTESIAN_POINT('',(-0.0153843508477964,-0.0312003101073685,0.019420000076294));
#2722=CARTESIAN_POINT('',(-0.0153843508477964,-0.0312003101073685,0.0222250003814697));
#2723=CARTESIAN_POINT('',(-0.0153843508477964,-0.0312003101073685,0.0212900002797445));
#2724=CARTESIAN_POINT('',(-0.0153843508477964,-0.0312003101073685,0.0203550001780192));
#2725=CARTESIAN_POINT('',(-0.0153843508477964,-0.0312003101073685,0.019420000076294));
#2726=CARTESIAN_POINT('',(-0.1,-0.0312003101073685,0.0211611722893342));
#2727=CARTESIAN_POINT('',(0.0146156491522036,-0.0312003101073685,0.0194200000762939));
#2728=CARTESIAN_POINT('',(0.00987188305073453,-0.0312003101073685,0.019420000076294));
#2729=CARTESIAN_POINT('',(0.00512811694926546,-0.0312003101073685,0.019420000076294));
#2730=CARTESIAN_POINT('',(0.000384350847796394,-0.0312003101073685,0.0194200000762939));
#2731=CARTESIAN_POINT('',(0.0146156491522036,-0.0312003101073685,0.019420000076294));
#2732=CARTESIAN_POINT('',(0.000384350847796416,-0.0312003101073685,0.019420000076294));
#2733=CARTESIAN_POINT('',(0.0146156491522036,-0.0312003101073685,0.0222250003814697));
#2734=CARTESIAN_POINT('',(0.0146156491522036,-0.0312003101073685,0.0212900002797445));
#2735=CARTESIAN_POINT('',(0.0146156491522036,-0.0312003101073685,0.0203550001780192));
#2736=CARTESIAN_POINT('',(0.0146156491522036,-0.0312003101073685,0.019420000076294));
#2737=CARTESIAN_POINT('',(0.0146156491522036,-0.0312003101073685,0.0222250003814697));
#2738=CARTESIAN_POINT('',(0.000384350847796394,-0.0312003101073685,0.0222250003814697));
#2739=CARTESIAN_POINT('',(0.00512811694926546,-0.0312003101073685,0.0222250003814697));
#2740=CARTESIAN_POINT('',(0.00987188305073453,-0.0312003101073685,0.0222250003814697));
#2741=CARTESIAN_POINT('',(0.0146156491522036,-0.0312003101073685,0.0222250003814697));
#2742=CARTESIAN_POINT('',(0.000384350847796416,-0.0312003101073685,0.0222250003814697));
#2743=CARTESIAN_POINT('',(0.000384350847796394,-0.0312003101073685,0.019420000076294));
#2744=CARTESIAN_POINT('',(0.000384350847796394,-0.0312003101073685,0.0203550001780192));
#2745=CARTESIAN_POINT('',(0.000384350847796394,-0.0312003101073685,0.0212900002797445));
#2746=CARTESIAN_POINT('',(0.000384350847796394,-0.0312003101073685,0.0222250003814697));
#2747=CARTESIAN_POINT('',(-0.1,-0.0312003101073685,0.0211611722893342));
#2748=CARTESIAN_POINT('',(0.0446156491522036,-0.0312003101073685,0.0222250003814697));
#2749=CARTESIAN_POINT('',(0.0446156491522036,-0.0312003101073685,0.0212900002797445));
#2750=CARTESIAN_POINT('',(0.0446156491522036,-0.0312003101073685,0.0203550001780192));
#2751=CARTESIAN_POINT('',(0.0446156491522036,-0.0312003101073685,0.019420000076294));
#2752=CARTESIAN_POINT('',(0.0446156491522036,-0.0312003101073685,0.0222250003814697));
#2753=CARTESIAN_POINT('',(0.0446156491522036,-0.0312003101073685,0.019420000076294));
#2754=CARTESIAN_POINT('',(0.0303843508477964,-0.0312003101073685,0.0222250003814697));
#2755=CARTESIAN_POINT('',(0.0351281169492655,-0.0312003101073685,0.0222250003814697));
#2756=CARTESIAN_POINT('',(0.0398718830507345,-0.0312003101073685,0.0222250003814697));
#2757=CARTESIAN_POINT('',(0.0446156491522036,-0.0312003101073685,0.0222250003814697));
#2758=CARTESIAN_POINT('',(0.0303843508477964,-0.0312003101073685,0.0222250003814697));
#2759=CARTESIAN_POINT('',(0.0303843508477964,-0.0312003101073685,0.019420000076294));
#2760=CARTESIAN_POINT('',(0.0303843508477964,-0.0312003101073685,0.0203550001780192));
#2761=CARTESIAN_POINT('',(0.0303843508477964,-0.0312003101073685,0.0212900002797445));
#2762=CARTESIAN_POINT('',(0.0303843508477964,-0.0312003101073685,0.0222250003814697));
#2763=CARTESIAN_POINT('',(0.0303843508477964,-0.0312003101073685,0.019420000076294));
#2764=CARTESIAN_POINT('',(0.0446156491522036,-0.0312003101073685,0.0194200000762939));
#2765=CARTESIAN_POINT('',(0.0398718830507345,-0.0312003101073685,0.019420000076294));
#2766=CARTESIAN_POINT('',(0.0351281169492655,-0.0312003101073685,0.019420000076294));
#2767=CARTESIAN_POINT('',(0.0303843508477964,-0.0312003101073685,0.0194200000762939));
#2768=CARTESIAN_POINT('',(-0.1,-0.0312003101073685,0.0211611722893342));
#2769=CARTESIAN_POINT('',(0.0603843508477965,-0.0312003101073685,0.019420000076294));
#2770=CARTESIAN_POINT('',(0.0603843508477965,-0.0312003101073685,0.0203550001780192));
#2771=CARTESIAN_POINT('',(0.0603843508477965,-0.0312003101073685,0.0212900002797445));
#2772=CARTESIAN_POINT('',(0.0603843508477965,-0.0312003101073685,0.0222250003814697));
#2773=CARTESIAN_POINT('',(0.0603843508477964,-0.0312003101073685,0.019420000076294));
#2774=CARTESIAN_POINT('',(0.0603843508477964,-0.0312003101073685,0.0222250003814697));
#2775=CARTESIAN_POINT('',(0.074615649625801,-0.0312003101073685,0.0194200000762939));
#2776=CARTESIAN_POINT('',(0.0698718833664662,-0.0312003101073685,0.0194200000762939));
#2777=CARTESIAN_POINT('',(0.0651281171071313,-0.0312003101073685,0.0194200000762939));
#2778=CARTESIAN_POINT('',(0.0603843508477965,-0.0312003101073685,0.0194200000762939));
#2779=CARTESIAN_POINT('',(0.0746156496258011,-0.0312003101073685,0.019420000076294));
#2780=CARTESIAN_POINT('',(0.0746156491522035,-0.0312003101073685,0.0222250003814697));
#2781=CARTESIAN_POINT('',(0.0746156491522035,-0.0312003101073685,0.0212900002797404));
#2782=CARTESIAN_POINT('',(0.074615649625801,-0.0312003101073685,0.0203550001780197));
#2783=CARTESIAN_POINT('',(0.074615649625801,-0.0312003101073685,0.0194200000762939));
#2784=CARTESIAN_POINT('',(0.0746156491522036,-0.0312003101073685,0.0222250003814697));
#2785=CARTESIAN_POINT('',(0.0603843508477965,-0.0312003101073685,0.0222250003814697));
#2786=CARTESIAN_POINT('',(0.0651281169492655,-0.0312003101073685,0.0222250003814697));
#2787=CARTESIAN_POINT('',(0.0698718830507345,-0.0312003101073685,0.0222250003814697));
#2788=CARTESIAN_POINT('',(0.0746156491522035,-0.0312003101073685,0.0222250003814697));
#2789=CARTESIAN_POINT('',(-0.1,-0.0842316550594064,0.0102011137641966));
#2790=CARTESIAN_POINT('',(-0.1,-0.083533191212255,0.008245440112139));
#2791=CARTESIAN_POINT('',(-0.1,-0.0522448252010929,0.019420000076294));
#2792=CARTESIAN_POINT('',(-0.1,-0.0443909252272876,0.0222250003814697));
#2793=CARTESIAN_POINT('',(-0.1,-0.0312003101073685,0.0194200000762939));
#2794=CARTESIAN_POINT('',(-0.1,-0.0382151484719433,0.0194200000762939));
#2795=CARTESIAN_POINT('',(-0.1,-0.0452299868365181,0.0194200000762939));
#2796=CARTESIAN_POINT('',(-0.1,-0.052244825201093,0.0194200000762939));
#2797=CARTESIAN_POINT('',(-0.1,-0.0312003101073685,0.019420000076294));
#2798=CARTESIAN_POINT('',(-0.1,-0.0312003101073685,0.0211611722893342));
#2799=CARTESIAN_POINT('',(-0.1,-0.0312003101073685,0.0222250003814697));
#2800=CARTESIAN_POINT('',(-0.1,-0.0443909252272876,0.0222250003814697));
#2801=CARTESIAN_POINT('',(-0.1,-0.0399940535206479,0.0222250003814697));
#2802=CARTESIAN_POINT('',(-0.1,-0.0355971818140082,0.0222250003814697));
#2803=CARTESIAN_POINT('',(-0.1,-0.0312003101073686,0.0222250003814697));
#2804=CARTESIAN_POINT('',(-0.1,-0.0312003101073685,0.0211611722893342));
#2805=CARTESIAN_POINT('',(-0.0753843508477964,-0.0312003101073685,0.0194200000762939));
#2806=CARTESIAN_POINT('',(-0.0835895672318643,-0.0312003101073685,0.0194200000762939));
#2807=CARTESIAN_POINT('',(-0.0917947836159321,-0.0312003101073685,0.0194200000762939));
#2808=CARTESIAN_POINT('',(-0.1,-0.0312003101073685,0.0194200000762939));
#2809=CARTESIAN_POINT('',(-0.0753843508477964,-0.0312003101073685,0.019420000076294));
#2810=CARTESIAN_POINT('',(-0.0753843508477964,-0.0312003101073685,0.0222250003814697));
#2811=CARTESIAN_POINT('',(-0.0753843508477964,-0.0312003101073685,0.0212900002797445));
#2812=CARTESIAN_POINT('',(-0.0753843508477964,-0.0312003101073685,0.0203550001780192));
#2813=CARTESIAN_POINT('',(-0.0753843508477964,-0.0312003101073685,0.019420000076294));
#2814=CARTESIAN_POINT('',(-0.0753843508477964,-0.0312003101073685,0.0222250003814697));
#2815=CARTESIAN_POINT('',(-0.1,-0.0312003101073685,0.0222250003814697));
#2816=CARTESIAN_POINT('',(-0.0917947836159322,-0.0312003101073685,0.0222250003814697));
#2817=CARTESIAN_POINT('',(-0.0835895672318643,-0.0312003101073685,0.0222250003814697));
#2818=CARTESIAN_POINT('',(-0.0753843508477964,-0.0312003101073685,0.0222250003814697));
#2819=CARTESIAN_POINT('',(-0.1125,-0.0771477334201336,0.0105259900446981));
#2820=CARTESIAN_POINT('',(-0.106,-0.0643199792765196,0.0151073896560461));
#2821=CARTESIAN_POINT('',(-0.104139999389648,-0.0643199792765196,0.0151073896560461));
#2822=CARTESIAN_POINT('',(-0.102279998779297,-0.0643199792765196,0.0151073896560461));
#2823=CARTESIAN_POINT('',(-0.100419998168945,-0.0643199792765196,0.0151073896560461));
#2824=CARTESIAN_POINT('',(-0.106,-0.0643199792765196,0.0151073896560462));
#2825=CARTESIAN_POINT('',(-0.100419998168945,-0.0643199792765196,0.0151073896560462));
#2826=CARTESIAN_POINT('',(-0.100419998168945,-0.0643199792765196,0.0151073896560461));
#2827=CARTESIAN_POINT('',(-0.100419998168945,-0.060294927918044,0.0165449264627954));
#2828=CARTESIAN_POINT('',(-0.100419998168945,-0.0562698765595685,0.0179824632695447));
#2829=CARTESIAN_POINT('',(-0.100419998168945,-0.0522448252010929,0.019420000076294));
#2830=CARTESIAN_POINT('',(-0.100419998168945,-0.0522448252010929,0.019420000076294));
#2831=CARTESIAN_POINT('',(-0.100419998168945,-0.0522448252010929,0.019420000076294));
#2832=CARTESIAN_POINT('',(-0.100279998779297,-0.0522448252010929,0.019420000076294));
#2833=CARTESIAN_POINT('',(-0.100139999389648,-0.0522448252010929,0.019420000076294));
#2834=CARTESIAN_POINT('',(-0.1,-0.0522448252010929,0.019420000076294));
#2835=CARTESIAN_POINT('',(-0.1,-0.0443909252272877,0.0222250003814697));
#2836=CARTESIAN_POINT('',(-0.100538441554127,-0.0443909252272877,0.0222250003814697));
#2837=CARTESIAN_POINT('',(-0.101346167005023,-0.0443903674970009,0.0222251995734164));
#2838=CARTESIAN_POINT('',(-0.102422881794051,-0.0443918547777655,0.022224668394892));
#2839=CARTESIAN_POINT('',(-0.103096354534765,-0.0443881365758541,0.0222259963412029));
#2840=CARTESIAN_POINT('',(-0.103633933452874,-0.0443957588897725,0.0222232740512656));
#2841=CARTESIAN_POINT('',(-0.1040403998663,-0.0443724736503021,0.0222315903150375));
#2842=CARTESIAN_POINT('',(-0.104431937856591,-0.0444910925785687,0.0221892258679352));
#2843=CARTESIAN_POINT('',(-0.104824136390422,-0.0448518776769673,0.0220603723920205));
#2844=CARTESIAN_POINT('',(-0.10516747881288,-0.0453989700960461,0.0218649797326292));
#2845=CARTESIAN_POINT('',(-0.105453846029944,-0.046112170516217,0.0216102620251331));
#2846=CARTESIAN_POINT('',(-0.10566569983974,-0.0468467518017502,0.0213479081962113));
#2847=CARTESIAN_POINT('',(-0.105861361454428,-0.047844545374913,0.0209915487713957));
#2848=CARTESIAN_POINT('',(-0.106000912644477,-0.0491071171805238,0.0205406244774963));
#2849=CARTESIAN_POINT('',(-0.105999760898876,-0.0506292107919099,0.0199970126338665));
#2850=CARTESIAN_POINT('',(-0.106000138047064,-0.0526572126152555,0.0192727169651728));
#2851=CARTESIAN_POINT('',(-0.105999953082044,-0.0551927146475337,0.0183671688937643));
#2852=CARTESIAN_POINT('',(-0.106000012631757,-0.0582351027591595,0.0172805877544531));
#2853=CARTESIAN_POINT('',(-0.105999996390926,-0.0612775485742635,0.0161939860064921));
#2854=CARTESIAN_POINT('',(-0.106,-0.0633058347931296,0.0154695887666649));
#2855=CARTESIAN_POINT('',(-0.106,-0.0643199792765196,0.0151073896560461));
#2856=CARTESIAN_POINT('',(0.1,-0.0842316550594064,0.0102011137641966));
#2857=CARTESIAN_POINT('',(0.1,-0.0312003101073685,0.0194200000762939));
#2858=CARTESIAN_POINT('',(0.1,-0.0382151484719433,0.0194200000762939));
#2859=CARTESIAN_POINT('',(0.1,-0.0452299868365181,0.0194200000762939));
#2860=CARTESIAN_POINT('',(0.1,-0.0522448252010929,0.0194200000762939));
#2861=CARTESIAN_POINT('',(0.1,-0.0312003101073685,0.019420000076294));
#2862=CARTESIAN_POINT('',(0.1,-0.0522448252010929,0.019420000076294));
#2863=CARTESIAN_POINT('',(0.1,-0.083533191212255,0.008245440112139));
#2864=CARTESIAN_POINT('',(0.1,-0.0443909252272877,0.0222250003814697));
#2865=CARTESIAN_POINT('',(0.1,-0.0443909252272877,0.0222250003814697));
#2866=CARTESIAN_POINT('',(0.1,-0.039994053520648,0.0222250003814697));
#2867=CARTESIAN_POINT('',(0.1,-0.0355971818140083,0.0222250003814697));
#2868=CARTESIAN_POINT('',(0.1,-0.0312003101073686,0.0222250003814697));
#2869=CARTESIAN_POINT('',(0.1,-0.0312003101073684,0.0222250003814697));
#2870=CARTESIAN_POINT('',(0.1,-0.0312003101073685,0.0211611722893342));
#2871=CARTESIAN_POINT('',(-0.1,-0.0312003101073685,0.0211611722893342));
#2872=CARTESIAN_POINT('',(0.0903843508477965,-0.0312003101073685,0.0222250003814697));
#2873=CARTESIAN_POINT('',(0.0935895672318643,-0.0312003101073685,0.0222250003814697));
#2874=CARTESIAN_POINT('',(0.0967947836159322,-0.0312003101073685,0.0222250003814697));
#2875=CARTESIAN_POINT('',(0.1,-0.0312003101073685,0.0222250003814697));
#2876=CARTESIAN_POINT('',(0.0903843508477964,-0.0312003101073685,0.0222250003814697));
#2877=CARTESIAN_POINT('',(0.0903843508477965,-0.0312003101073685,0.019420000076294));
#2878=CARTESIAN_POINT('',(0.0903843508477965,-0.0312003101073685,0.0203550001780192));
#2879=CARTESIAN_POINT('',(0.0903843508477965,-0.0312003101073685,0.0212900002797445));
#2880=CARTESIAN_POINT('',(0.0903843508477965,-0.0312003101073685,0.0222250003814697));
#2881=CARTESIAN_POINT('',(0.0903843508477964,-0.0312003101073685,0.019420000076294));
#2882=CARTESIAN_POINT('',(0.0999999999999998,-0.0312003101073685,0.0194200000762939));
#2883=CARTESIAN_POINT('',(0.096794783615932,-0.0312003101073685,0.0194200000762939));
#2884=CARTESIAN_POINT('',(0.0935895672318642,-0.0312003101073685,0.0194200000762939));
#2885=CARTESIAN_POINT('',(0.0903843508477965,-0.0312003101073685,0.0194200000762939));
#2886=CARTESIAN_POINT('',(-0.1125,-0.0771477334201336,0.0105259900446981));
#2887=CARTESIAN_POINT('',(0.100419998168945,-0.0643199792765196,0.0151073896560461));
#2888=CARTESIAN_POINT('',(0.102279998779297,-0.0643199792765196,0.0151073896560461));
#2889=CARTESIAN_POINT('',(0.104139999389648,-0.0643199792765196,0.0151073896560461));
#2890=CARTESIAN_POINT('',(0.106,-0.0643199792765196,0.0151073896560461));
#2891=CARTESIAN_POINT('',(0.100419998168945,-0.0643199792765196,0.0151073896560462));
#2892=CARTESIAN_POINT('',(0.106,-0.0643199792765196,0.0151073896560462));
#2893=CARTESIAN_POINT('',(0.106,-0.0643199792765196,0.0151073896560461));
#2894=CARTESIAN_POINT('',(0.106,-0.0633058347931647,0.0154695887666524));
#2895=CARTESIAN_POINT('',(0.105999996390926,-0.0612775485742473,0.0161939860064979));
#2896=CARTESIAN_POINT('',(0.106000012631757,-0.0582351027591639,0.0172805877544515));
#2897=CARTESIAN_POINT('',(0.105999953082044,-0.0551927146475325,0.0183671688937647));
#2898=CARTESIAN_POINT('',(0.106000138047064,-0.0526572126152556,0.0192727169651727));
#2899=CARTESIAN_POINT('',(0.105999760898876,-0.0506292107919099,0.0199970126338666));
#2900=CARTESIAN_POINT('',(0.106000912644478,-0.0491071171805238,0.0205406244774963));
#2901=CARTESIAN_POINT('',(0.105861361454428,-0.047844545374913,0.0209915487713957));
#2902=CARTESIAN_POINT('',(0.10566569983974,-0.0468467518017502,0.0213479081962113));
#2903=CARTESIAN_POINT('',(0.105453846029944,-0.046112170516217,0.0216102620251331));
#2904=CARTESIAN_POINT('',(0.10516747881288,-0.0453989700960461,0.0218649797326292));
#2905=CARTESIAN_POINT('',(0.104824136390422,-0.0448518776769673,0.0220603723920205));
#2906=CARTESIAN_POINT('',(0.104431937856591,-0.0444910925785687,0.0221892258679352));
#2907=CARTESIAN_POINT('',(0.1040403998663,-0.0443724736503021,0.0222315903150375));
#2908=CARTESIAN_POINT('',(0.103633933452874,-0.0443957588897725,0.0222232740512656));
#2909=CARTESIAN_POINT('',(0.103096354534765,-0.0443881365758541,0.0222259963412029));
#2910=CARTESIAN_POINT('',(0.102422881794049,-0.0443918547777655,0.022224668394892));
#2911=CARTESIAN_POINT('',(0.101346167005032,-0.0443903674970009,0.0222251995734164));
#2912=CARTESIAN_POINT('',(0.100538441554086,-0.0443909252272877,0.0222250003814697));
#2913=CARTESIAN_POINT('',(0.0999999999999999,-0.0443909252272877,0.0222250003814697));
#2914=CARTESIAN_POINT('',(0.0999999999999999,-0.0522448252010929,0.019420000076294));
#2915=CARTESIAN_POINT('',(0.100139999389648,-0.0522448252010929,0.019420000076294));
#2916=CARTESIAN_POINT('',(0.100279998779297,-0.0522448252010929,0.0194200000762939));
#2917=CARTESIAN_POINT('',(0.100419998168945,-0.0522448252010929,0.0194200000762939));
#2918=CARTESIAN_POINT('',(0.100419998168945,-0.0522448252010929,0.019420000076294));
#2919=CARTESIAN_POINT('',(0.100419998168945,-0.0522448252010929,0.0194200000762939));
#2920=CARTESIAN_POINT('',(0.100419998168945,-0.0562698765595685,0.0179824632695447));
#2921=CARTESIAN_POINT('',(0.100419998168945,-0.060294927918044,0.0165449264627954));
#2922=CARTESIAN_POINT('',(0.100419998168945,-0.0643199792765196,0.0151073896560461));
#2923=CARTESIAN_POINT('',(-0.1125,-0.0771477334201336,0.0105259900446981));
#2924=CARTESIAN_POINT('',(0.106,-0.120992466807366,-0.00513304444029931));
#2925=CARTESIAN_POINT('',(0.106,-0.117727451028605,-0.00396695239859098));
#2926=CARTESIAN_POINT('',(0.106,-0.114462435249844,-0.00280086035688266));
#2927=CARTESIAN_POINT('',(0.106,-0.111197419471083,-0.00163476831517433));
#2928=CARTESIAN_POINT('',(0.106,-0.120992466807366,-0.00513304444029923));
#2929=CARTESIAN_POINT('',(0.106,-0.111197419471083,-0.00163476831517433));
#2930=CARTESIAN_POINT('',(0.106,-0.111197419471083,-0.00163476831517433));
#2931=CARTESIAN_POINT('',(0.104139999389648,-0.111197419471083,-0.00163476831517433));
#2932=CARTESIAN_POINT('',(0.102279998779297,-0.111197419471083,-0.00163476831517433));
#2933=CARTESIAN_POINT('',(0.100419998168945,-0.111197419471083,-0.00163476831517433));
#2934=CARTESIAN_POINT('',(0.100419998168945,-0.111197419471083,-0.00163476831517433));
#2935=CARTESIAN_POINT('',(0.100419998168945,-0.111197419471083,-0.00163476831517433));
#2936=CARTESIAN_POINT('',(0.100419998168945,-0.114462435249844,-0.00280086035688265));
#2937=CARTESIAN_POINT('',(0.100419998168945,-0.117727451028605,-0.00396695239859098));
#2938=CARTESIAN_POINT('',(0.100419998168945,-0.120992466807366,-0.0051330444402993));
#2939=CARTESIAN_POINT('',(0.100419998168945,-0.120992466807366,-0.00513304444029922));
#2940=CARTESIAN_POINT('',(-0.1125,-0.120992466807366,-0.00513304444029923));
#2941=CARTESIAN_POINT('',(-0.1125,-0.0771477334201336,0.0105259900446981));
#2942=CARTESIAN_POINT('',(-0.100419998168945,-0.120992466807366,-0.00513304444029931));
#2943=CARTESIAN_POINT('',(-0.100419998168945,-0.117727451028605,-0.00396695239859098));
#2944=CARTESIAN_POINT('',(-0.100419998168945,-0.114462435249844,-0.00280086035688266));
#2945=CARTESIAN_POINT('',(-0.100419998168945,-0.111197419471083,-0.00163476831517433));
#2946=CARTESIAN_POINT('',(-0.100419998168945,-0.120992466807366,-0.00513304444029932));
#2947=CARTESIAN_POINT('',(-0.100419998168945,-0.111197419471083,-0.00163476831517433));
#2948=CARTESIAN_POINT('',(-0.100419998168945,-0.111197419471083,-0.00163476831517433));
#2949=CARTESIAN_POINT('',(-0.102279998779297,-0.111197419471083,-0.00163476831517433));
#2950=CARTESIAN_POINT('',(-0.104139999389648,-0.111197419471083,-0.00163476831517433));
#2951=CARTESIAN_POINT('',(-0.106,-0.111197419471083,-0.00163476831517433));
#2952=CARTESIAN_POINT('',(-0.106,-0.111197419471083,-0.00163476831517433));
#2953=CARTESIAN_POINT('',(-0.106,-0.111197419471083,-0.00163476831517433));
#2954=CARTESIAN_POINT('',(-0.106,-0.114462435249844,-0.00280086035688265));
#2955=CARTESIAN_POINT('',(-0.106,-0.117727451028605,-0.00396695239859098));
#2956=CARTESIAN_POINT('',(-0.106,-0.120992466807366,-0.0051330444402993));
#2957=CARTESIAN_POINT('',(-0.106,-0.120992466807366,-0.00513304444029932));
#2958=CARTESIAN_POINT('',(-0.1125,-0.120992466807366,-0.00513304444029923));
#2959=CARTESIAN_POINT('',(-0.1125,-0.121252372860909,-0.0154641086701304));
#2960=CARTESIAN_POINT('',(-0.106,-0.120992466807366,-0.00513304444029924));
#2961=CARTESIAN_POINT('',(-0.106,-0.121024490217375,-0.00640595017357575));
#2962=CARTESIAN_POINT('',(-0.106000000558992,-0.121072525329498,-0.00831530865854062));
#2963=CARTESIAN_POINT('',(-0.105999999068347,-0.121136572157229,-0.0108611204316267));
#2964=CARTESIAN_POINT('',(-0.10600000354028,-0.121184607249108,-0.0127704781119423));
#2965=CARTESIAN_POINT('',(-0.105999986770532,-0.121232642450879,-0.0146798401603538));
#2966=CARTESIAN_POINT('',(-0.106000038943082,-0.121272671443483,-0.0162709615982929));
#2967=CARTESIAN_POINT('',(-0.105999932548347,-0.121304695403913,-0.0175438892103652));
#2968=CARTESIAN_POINT('',(-0.106000257462216,-0.121328711280517,-0.0184985016956989));
#2969=CARTESIAN_POINT('',(-0.105999240912695,-0.121348731170772,-0.0192942768201618));
#2970=CARTESIAN_POINT('',(-0.106003051197728,-0.121364733259585,-0.0199303474506209));
#2971=CARTESIAN_POINT('',(-0.106010529400811,-0.121380798861904,-0.0205689426937319));
#2972=CARTESIAN_POINT('',(-0.105750146403884,-0.121400270210829,-0.0213429137253502));
#2973=CARTESIAN_POINT('',(-0.105038267197664,-0.121417432159576,-0.0220250878894208));
#2974=CARTESIAN_POINT('',(-0.10425312428897,-0.121422871638008,-0.0222413029421032));
#2975=CARTESIAN_POINT('',(-0.10361529528466,-0.12142238587637,-0.0222219942933905));
#2976=CARTESIAN_POINT('',(-0.102978929431342,-0.121422505125384,-0.0222267343493116));
#2977=CARTESIAN_POINT('',(-0.10218297112988,-0.121422447030213,-0.0222244251112889));
#2978=CARTESIAN_POINT('',(-0.100909717848365,-0.121422469857844,-0.0222253324918993));
#2979=CARTESIAN_POINT('',(-0.0993180551795528,-0.121422458668861,-0.022224887738508));
#2980=CARTESIAN_POINT('',(-0.0974081010969468,-0.121422462245124,-0.022225029892209));
#2981=CARTESIAN_POINT('',(-0.094861481289732,-0.121422461074092,-0.0222249833445628));
#2982=CARTESIAN_POINT('',(-0.0916782114588432,-0.121422461648074,-0.0222250061599354));
#2983=CARTESIAN_POINT('',(-0.0878582855523651,-0.121422461464616,-0.0222249988675885));
#2984=CARTESIAN_POINT('',(-0.082765051747245,-0.12142246152469,-0.0222250012555092));
#2985=CARTESIAN_POINT('',(-0.0763985092379954,-0.121422461495231,-0.022225000084521));
#2986=CARTESIAN_POINT('',(-0.0687586583352963,-0.121422461504703,-0.0222250004610278));
#2987=CARTESIAN_POINT('',(-0.0611188074035548,-0.121422461502166,-0.0222250003601864));
#2988=CARTESIAN_POINT('',(-0.0534789564795827,-0.121422461502842,-0.0222250003870452));
#2989=CARTESIAN_POINT('',(-0.0432924885782393,-0.12142246150262,-0.0222250003782532));
#2990=CARTESIAN_POINT('',(-0.0305594037024925,-0.121422461502728,-0.0222250003825414));
#2991=CARTESIAN_POINT('',(-0.0152797018511899,-0.121422461502696,-0.0222250003812574));
#2992=CARTESIAN_POINT('',(-2.20062948647716E-14,-0.121422461502696,-0.0222250003812476));
#2993=CARTESIAN_POINT('',(0.0152797018512785,-0.121422461502729,-0.0222250003825709));
#2994=CARTESIAN_POINT('',(0.0305594037021834,-0.121422461502596,-0.0222250003772873));
#2995=CARTESIAN_POINT('',(0.0432924885791448,-0.121422461503011,-0.0222250003937965));
#2996=CARTESIAN_POINT('',(0.0534789564780151,-0.121422461502164,-0.0222250003601181));
#2997=CARTESIAN_POINT('',(0.0611188074095385,-0.121422461504752,-0.0222250004629693));
#2998=CARTESIAN_POINT('',(0.0687586583129305,-0.121422461495037,-0.0222250000768231));
#2999=CARTESIAN_POINT('',(0.0763985093214755,-0.121422461531308,-0.0222250015185568));
#3000=CARTESIAN_POINT('',(0.0827650515015308,-0.121422461418501,-0.0222249970345665));
#3001=CARTESIAN_POINT('',(0.0878582859779548,-0.121422461648541,-0.0222250061784783));
#3002=CARTESIAN_POINT('',(0.0916782098343732,-0.121422460946034,-0.0222249782543609));
#3003=CARTESIAN_POINT('',(0.0948614860792298,-0.121422463143949,-0.0222250656198074));
#3004=CARTESIAN_POINT('',(0.0974080928007445,-0.121422458659788,-0.0222248873778838));
#3005=CARTESIAN_POINT('',(0.0993180868462892,-0.121422472354145,-0.0222254317179569));
#3006=CARTESIAN_POINT('',(0.100909624483869,-0.12142242950889,-0.0222237286522487));
#3007=CARTESIAN_POINT('',(0.102183132852626,-0.121422516921274,-0.0222272032267702));
#3008=CARTESIAN_POINT('',(0.103137503793338,-0.121422249969128,-0.0222165920858587));
#3009=CARTESIAN_POINT('',(0.104095085591694,-0.121423569278326,-0.0222690336041531));
#3010=CARTESIAN_POINT('',(0.105039298728564,-0.121417555430966,-0.02202998783165));
#3011=CARTESIAN_POINT('',(0.105748848263051,-0.12140023580011,-0.0213415459259138));
#3012=CARTESIAN_POINT('',(0.106013780571032,-0.121380805103024,-0.0205691907734218));
#3013=CARTESIAN_POINT('',(0.105997458719497,-0.121364728907713,-0.019930174467066));
#3014=CARTESIAN_POINT('',(0.106001467111985,-0.121348733040523,-0.019294351141291));
#3015=CARTESIAN_POINT('',(0.105999502394653,-0.121328710646347,-0.0184984764879491));
#3016=CARTESIAN_POINT('',(0.106000130365939,-0.121304695570057,-0.0175438958144578));
#3017=CARTESIAN_POINT('',(0.105999924733477,-0.12127267134756,-0.0162709577854326));
#3018=CARTESIAN_POINT('',(0.10600002556901,-0.121232642483465,-0.0146798414556316));
#3019=CARTESIAN_POINT('',(0.105999993157589,-0.121184607240388,-0.012770477765319));
#3020=CARTESIAN_POINT('',(0.106000001800634,-0.121136572159524,-0.0108611205228432));
#3021=CARTESIAN_POINT('',(0.105999998919619,-0.121072525328121,-0.00831530860381079));
#3022=CARTESIAN_POINT('',(0.106,-0.121024490217375,-0.00640595017357582));
#3023=CARTESIAN_POINT('',(0.106,-0.120992466807366,-0.00513304444029932));
#3024=CARTESIAN_POINT('',(0.100419998168945,-0.120992466807366,-0.00513304444029922));
#3025=CARTESIAN_POINT('',(0.100419998168945,-0.121112275898791,-0.0098953629856308));
#3026=CARTESIAN_POINT('',(0.100419998168945,-0.121232084990216,-0.0146576815309624));
#3027=CARTESIAN_POINT('',(0.100419998168945,-0.121351894081641,-0.019420000076294));
#3028=CARTESIAN_POINT('',(0.100419998168945,-0.121351894081641,-0.019420000076294));
#3029=CARTESIAN_POINT('',(0.100419998168945,-0.121351894081641,-0.019420000076294));
#3030=CARTESIAN_POINT('',(0.0334733327229819,-0.121351894081641,-0.019420000076294));
#3031=CARTESIAN_POINT('',(-0.0334733327229817,-0.121351894081641,-0.019420000076294));
#3032=CARTESIAN_POINT('',(-0.100419998168945,-0.121351894081641,-0.019420000076294));
#3033=CARTESIAN_POINT('',(-0.100419998168945,-0.121351894081641,-0.019420000076294));
#3034=CARTESIAN_POINT('',(-0.100419998168945,-0.121351894081641,-0.019420000076294));
#3035=CARTESIAN_POINT('',(-0.100419998168945,-0.121232084990216,-0.0146576815309624));
#3036=CARTESIAN_POINT('',(-0.100419998168945,-0.121112275898791,-0.0098953629856308));
#3037=CARTESIAN_POINT('',(-0.100419998168945,-0.120992466807366,-0.00513304444029922));
#3038=CARTESIAN_POINT('',(-0.1125,-0.0771477334201336,0.0105259900446981));
#3039=CARTESIAN_POINT('',(-0.100419998168945,-0.102447253910637,0.00149033095388339));
#3040=CARTESIAN_POINT('',(-0.102279998779297,-0.102447253910637,0.00149033095388339));
#3041=CARTESIAN_POINT('',(-0.104139999389648,-0.102447253910637,0.00149033095388339));
#3042=CARTESIAN_POINT('',(-0.106,-0.102447253910637,0.00149033095388339));
#3043=CARTESIAN_POINT('',(-0.100419998168945,-0.102447253910637,0.00149033095388338));
#3044=CARTESIAN_POINT('',(-0.106,-0.102447253910637,0.00149033095388338));
#3045=CARTESIAN_POINT('',(-0.106,-0.102447253910637,0.00149033095388339));
#3046=CARTESIAN_POINT('',(-0.106,-0.103841068600651,0.00099253359920756));
#3047=CARTESIAN_POINT('',(-0.106,-0.105234883290666,0.000494736244531736));
#3048=CARTESIAN_POINT('',(-0.106,-0.10662869798068,-3.06111014408868E-6));
#3049=CARTESIAN_POINT('',(-0.106,-0.10662869798068,-3.06111014409627E-6));
#3050=CARTESIAN_POINT('',(-0.106,-0.10662869798068,-3.06111014408868E-6));
#3051=CARTESIAN_POINT('',(-0.104139999389648,-0.10662869798068,-3.06111014408868E-6));
#3052=CARTESIAN_POINT('',(-0.102279998779297,-0.10662869798068,-3.06111014408868E-6));
#3053=CARTESIAN_POINT('',(-0.100419998168945,-0.10662869798068,-3.06111014408868E-6));
#3054=CARTESIAN_POINT('',(-0.100419998168945,-0.10662869798068,-3.06111014409627E-6));
#3055=CARTESIAN_POINT('',(-0.100419998168945,-0.10662869798068,-3.06111014408868E-6));
#3056=CARTESIAN_POINT('',(-0.100419998168945,-0.105234883290666,0.000494736244531736));
#3057=CARTESIAN_POINT('',(-0.100419998168945,-0.103841068600651,0.00099253359920756));
#3058=CARTESIAN_POINT('',(-0.100419998168945,-0.102447253910637,0.00149033095388339));
#3059=CARTESIAN_POINT('',(-0.1125,-0.0771477334201336,0.0105259900446981));
#3060=CARTESIAN_POINT('',(-0.100419998168945,-0.0889281997680664,0.00631862659325675));
#3061=CARTESIAN_POINT('',(-0.102279998779297,-0.0889281997680664,0.00631862659325675));
#3062=CARTESIAN_POINT('',(-0.104139999389648,-0.0889281997680664,0.00631862659325675));
#3063=CARTESIAN_POINT('',(-0.106,-0.0889281997680664,0.00631862659325675));
#3064=CARTESIAN_POINT('',(-0.100419998168945,-0.0889281997680664,0.00631862659325675));
#3065=CARTESIAN_POINT('',(-0.106,-0.0889281997680664,0.00631862659325675));
#3066=CARTESIAN_POINT('',(-0.106,-0.0889281997680664,0.00631862659325675));
#3067=CARTESIAN_POINT('',(-0.106,-0.0899760665893555,0.00594438363583399));
#3068=CARTESIAN_POINT('',(-0.106,-0.0910239334106445,0.00557014067841123));
#3069=CARTESIAN_POINT('',(-0.106,-0.0920718002319336,0.00519589772098847));
#3070=CARTESIAN_POINT('',(-0.106,-0.0920718002319336,0.00519589772098847));
#3071=CARTESIAN_POINT('',(-0.106,-0.0920718002319336,0.00519589772098847));
#3072=CARTESIAN_POINT('',(-0.104139999389648,-0.0920718002319336,0.00519589772098847));
#3073=CARTESIAN_POINT('',(-0.102279998779297,-0.0920718002319336,0.00519589772098847));
#3074=CARTESIAN_POINT('',(-0.100419998168945,-0.0920718002319336,0.00519589772098847));
#3075=CARTESIAN_POINT('',(-0.100419998168945,-0.0920718002319336,0.00519589772098847));
#3076=CARTESIAN_POINT('',(-0.100419998168945,-0.0920718002319336,0.00519589772098847));
#3077=CARTESIAN_POINT('',(-0.100419998168945,-0.0910239334106445,0.00557014067841123));
#3078=CARTESIAN_POINT('',(-0.100419998168945,-0.0899760665893555,0.00594438363583399));
#3079=CARTESIAN_POINT('',(-0.100419998168945,-0.0889281997680664,0.00631862659325675));
#3080=CARTESIAN_POINT('',(-0.1125,-0.0771477334201336,0.0105259900446981));
#3081=CARTESIAN_POINT('',(-0.100419998168945,-0.0678858720404756,0.0138338401679598));
#3082=CARTESIAN_POINT('',(-0.102279998779297,-0.0678858720404756,0.0138338401679598));
#3083=CARTESIAN_POINT('',(-0.104139999389648,-0.0678858720404756,0.0138338401679598));
#3084=CARTESIAN_POINT('',(-0.106,-0.0678858720404756,0.0138338401679598));
#3085=CARTESIAN_POINT('',(-0.100419998168945,-0.0678858720404756,0.0138338401679598));
#3086=CARTESIAN_POINT('',(-0.106,-0.0678858720404756,0.0138338401679598));
#3087=CARTESIAN_POINT('',(-0.106,-0.0678858720404756,0.0138338401679598));
#3088=CARTESIAN_POINT('',(-0.106,-0.0702811814376282,0.0129783615379273));
#3089=CARTESIAN_POINT('',(-0.106,-0.0726764908347809,0.0121228829078947));
#3090=CARTESIAN_POINT('',(-0.106,-0.0750718002319336,0.0112674042778621));
#3091=CARTESIAN_POINT('',(-0.106,-0.0750718002319336,0.0112674042778621));
#3092=CARTESIAN_POINT('',(-0.106,-0.0750718002319336,0.0112674042778621));
#3093=CARTESIAN_POINT('',(-0.104139999389648,-0.0750718002319336,0.0112674042778621));
#3094=CARTESIAN_POINT('',(-0.102279998779297,-0.0750718002319336,0.0112674042778621));
#3095=CARTESIAN_POINT('',(-0.100419998168945,-0.0750718002319336,0.0112674042778621));
#3096=CARTESIAN_POINT('',(-0.100419998168945,-0.0750718002319336,0.0112674042778621));
#3097=CARTESIAN_POINT('',(-0.100419998168945,-0.0750718002319336,0.0112674042778621));
#3098=CARTESIAN_POINT('',(-0.100419998168945,-0.0726764908347809,0.0121228829078947));
#3099=CARTESIAN_POINT('',(-0.100419998168945,-0.0702811814376282,0.0129783615379273));
#3100=CARTESIAN_POINT('',(-0.100419998168945,-0.0678858720404756,0.0138338401679598));
#3101=CARTESIAN_POINT('',(-0.1125,-0.0771477334201336,0.0105259900446981));
#3102=CARTESIAN_POINT('',(0.106,-0.102447253910637,0.00149033095388339));
#3103=CARTESIAN_POINT('',(0.104139999389648,-0.102447253910637,0.00149033095388339));
#3104=CARTESIAN_POINT('',(0.102279998779297,-0.102447253910637,0.00149033095388339));
#3105=CARTESIAN_POINT('',(0.100419998168945,-0.102447253910637,0.00149033095388339));
#3106=CARTESIAN_POINT('',(0.106,-0.102447253910637,0.00149033095388338));
#3107=CARTESIAN_POINT('',(0.100419998168945,-0.102447253910637,0.00149033095388338));
#3108=CARTESIAN_POINT('',(0.100419998168945,-0.102447253910637,0.00149033095388339));
#3109=CARTESIAN_POINT('',(0.100419998168945,-0.103841068600651,0.00099253359920756));
#3110=CARTESIAN_POINT('',(0.100419998168945,-0.105234883290666,0.000494736244531736));
#3111=CARTESIAN_POINT('',(0.100419998168945,-0.10662869798068,-3.06111014408868E-6));
#3112=CARTESIAN_POINT('',(0.100419998168945,-0.10662869798068,-3.06111014409627E-6));
#3113=CARTESIAN_POINT('',(0.100419998168945,-0.10662869798068,-3.06111014408868E-6));
#3114=CARTESIAN_POINT('',(0.102279998779297,-0.10662869798068,-3.06111014408868E-6));
#3115=CARTESIAN_POINT('',(0.104139999389648,-0.10662869798068,-3.06111014408868E-6));
#3116=CARTESIAN_POINT('',(0.106,-0.10662869798068,-3.06111014408868E-6));
#3117=CARTESIAN_POINT('',(0.106,-0.10662869798068,-3.06111014409627E-6));
#3118=CARTESIAN_POINT('',(0.106,-0.10662869798068,-3.06111014408868E-6));
#3119=CARTESIAN_POINT('',(0.106,-0.105234883290666,0.000494736244531736));
#3120=CARTESIAN_POINT('',(0.106,-0.103841068600651,0.00099253359920756));
#3121=CARTESIAN_POINT('',(0.106,-0.102447253910637,0.00149033095388339));
#3122=CARTESIAN_POINT('',(-0.1125,-0.0771477334201336,0.0105259900446981));
#3123=CARTESIAN_POINT('',(0.100419998168945,-0.0920718002319336,0.00519589772098847));
#3124=CARTESIAN_POINT('',(0.102279998779297,-0.0920718002319336,0.00519589772098847));
#3125=CARTESIAN_POINT('',(0.104139999389648,-0.0920718002319336,0.00519589772098847));
#3126=CARTESIAN_POINT('',(0.106,-0.0920718002319336,0.00519589772098847));
#3127=CARTESIAN_POINT('',(0.100419998168945,-0.0920718002319336,0.00519589772098847));
#3128=CARTESIAN_POINT('',(0.106,-0.0920718002319336,0.00519589772098847));
#3129=CARTESIAN_POINT('',(0.106,-0.0920718002319336,0.00519589772098847));
#3130=CARTESIAN_POINT('',(0.106,-0.0910239334106445,0.00557014067841123));
#3131=CARTESIAN_POINT('',(0.106,-0.0899760665893555,0.00594438363583399));
#3132=CARTESIAN_POINT('',(0.106,-0.0889281997680664,0.00631862659325675));
#3133=CARTESIAN_POINT('',(0.106,-0.0889281997680664,0.00631862659325675));
#3134=CARTESIAN_POINT('',(0.106,-0.0889281997680664,0.00631862659325675));
#3135=CARTESIAN_POINT('',(0.104139999389648,-0.0889281997680664,0.00631862659325675));
#3136=CARTESIAN_POINT('',(0.102279998779297,-0.0889281997680664,0.00631862659325675));
#3137=CARTESIAN_POINT('',(0.100419998168945,-0.0889281997680664,0.00631862659325675));
#3138=CARTESIAN_POINT('',(0.100419998168945,-0.0889281997680664,0.00631862659325675));
#3139=CARTESIAN_POINT('',(0.100419998168945,-0.0889281997680664,0.00631862659325675));
#3140=CARTESIAN_POINT('',(0.100419998168945,-0.0899760665893555,0.00594438363583399));
#3141=CARTESIAN_POINT('',(0.100419998168945,-0.0910239334106445,0.00557014067841123));
#3142=CARTESIAN_POINT('',(0.100419998168945,-0.0920718002319336,0.00519589772098847));
#3143=CARTESIAN_POINT('',(-0.1125,-0.0771477334201336,0.0105259900446981));
#3144=CARTESIAN_POINT('',(0.100419998168945,-0.0678858720404756,0.0138338401679598));
#3145=CARTESIAN_POINT('',(0.100419998168945,-0.0702811814376282,0.0129783615379273));
#3146=CARTESIAN_POINT('',(0.100419998168945,-0.0726764908347809,0.0121228829078947));
#3147=CARTESIAN_POINT('',(0.100419998168945,-0.0750718002319336,0.0112674042778621));
#3148=CARTESIAN_POINT('',(0.100419998168945,-0.0678858720404756,0.0138338401679598));
#3149=CARTESIAN_POINT('',(0.100419998168945,-0.0750718002319336,0.0112674042778621));
#3150=CARTESIAN_POINT('',(0.100419998168945,-0.0750718002319336,0.0112674042778621));
#3151=CARTESIAN_POINT('',(0.102279998779297,-0.0750718002319336,0.0112674042778621));
#3152=CARTESIAN_POINT('',(0.104139999389648,-0.0750718002319336,0.0112674042778621));
#3153=CARTESIAN_POINT('',(0.106,-0.0750718002319336,0.0112674042778621));
#3154=CARTESIAN_POINT('',(0.106,-0.0750718002319336,0.0112674042778621));
#3155=CARTESIAN_POINT('',(0.106,-0.0750718002319336,0.0112674042778621));
#3156=CARTESIAN_POINT('',(0.106,-0.0726764908347809,0.0121228829078947));
#3157=CARTESIAN_POINT('',(0.106,-0.0702811814376282,0.0129783615379273));
#3158=CARTESIAN_POINT('',(0.106,-0.0678858720404756,0.0138338401679598));
#3159=CARTESIAN_POINT('',(0.106,-0.0678858720404756,0.0138338401679598));
#3160=CARTESIAN_POINT('',(0.106,-0.0678858720404756,0.0138338401679598));
#3161=CARTESIAN_POINT('',(0.104139999389648,-0.0678858720404756,0.0138338401679598));
#3162=CARTESIAN_POINT('',(0.102279998779297,-0.0678858720404756,0.0138338401679598));
#3163=CARTESIAN_POINT('',(0.100419998168945,-0.0678858720404756,0.0138338401679598));
#3164=CARTESIAN_POINT('',(-0.0935734908688148,-0.0025,-0.000218433819415491));
#3165=CARTESIAN_POINT('',(-0.100419998168945,-0.0025,0.019420000076294));
#3166=CARTESIAN_POINT('',(-0.100419998168945,-0.0025,0.00647333335876466));
#3167=CARTESIAN_POINT('',(-0.100419998168945,-0.0025,-0.00647333335876464));
#3168=CARTESIAN_POINT('',(-0.100419998168945,-0.0025,-0.0194200000762939));
#3169=CARTESIAN_POINT('',(-0.100419998168945,-0.0025,0.019420000076294));
#3170=CARTESIAN_POINT('',(-0.100419998168945,-0.0025,-0.019420000076294));
#3171=CARTESIAN_POINT('',(-0.100419998168945,-0.0025,-0.0194200000762939));
#3172=CARTESIAN_POINT('',(-0.0954307255019526,-0.0025,-0.0194200000762939));
#3173=CARTESIAN_POINT('',(-0.09044145283496,-0.0025,-0.0194200000762939));
#3174=CARTESIAN_POINT('',(-0.0854521801679674,-0.0025,-0.0194200000762939));
#3175=CARTESIAN_POINT('',(-0.0854521801679675,-0.0025,-0.019420000076294));
#3176=CARTESIAN_POINT('',(-0.0854521801679675,-0.0025,-0.000218433819415491));
#3177=CARTESIAN_POINT('',(-0.0854521801679675,-0.0025,0.019420000076294));
#3178=CARTESIAN_POINT('',(-0.0854521801679676,-0.0025,0.019420000076294));
#3179=CARTESIAN_POINT('',(-0.0904414528349601,-0.0025,0.019420000076294));
#3180=CARTESIAN_POINT('',(-0.0954307255019527,-0.0025,0.019420000076294));
#3181=CARTESIAN_POINT('',(-0.100419998168945,-0.0025,0.019420000076294));
#3182=CARTESIAN_POINT('',(-0.0935508542730948,-0.0025,0.00982345928473662));
#3183=CARTESIAN_POINT('',(-0.0935508542730948,-0.0025,0.00422345928473662));
#3184=CARTESIAN_POINT('',(-0.0935508542730948,-0.0025,-0.00850818539690799));
#3185=CARTESIAN_POINT('',(-0.0935508542730948,-0.0025,-0.014108185396908));
#3186=CARTESIAN_POINT('',(-0.0935508542730948,-0.0025,-0.00850818539690799));
#3187=CARTESIAN_POINT('',(-0.0935508542730948,0.,-0.00850818539690799));
#3188=CARTESIAN_POINT('',(-0.0935508542730948,0.,-0.014108185396908));
#3189=CARTESIAN_POINT('',(-0.0935508542730948,-0.0025,0.00982345928473662));
#3190=CARTESIAN_POINT('',(-0.0935508542730948,0.,0.00982345928473662));
#3191=CARTESIAN_POINT('',(-0.0935508542730948,0.,0.00422345928473662));
#3192=CARTESIAN_POINT('',(-0.0854521801679675,-0.0025,-0.000218433819415491));
#3193=CARTESIAN_POINT('',(-0.0854521801679675,-0.000599998474121095,0.0182199993133545));
#3194=CARTESIAN_POINT('',(-0.0854521801679675,-0.000599998474121095,0.0186199995676677));
#3195=CARTESIAN_POINT('',(-0.0854521801679675,-0.000599998474121095,0.0190199998219808));
#3196=CARTESIAN_POINT('',(-0.0854521801679675,-0.000599998474121095,0.019420000076294));
#3197=CARTESIAN_POINT('',(-0.0854521801679675,-0.000599998474121094,0.0182199993133545));
#3198=CARTESIAN_POINT('',(-0.0854521801679675,-0.000599998474121094,0.019420000076294));
#3199=CARTESIAN_POINT('',(-0.0854521801679675,-0.000599998474121095,0.019420000076294));
#3200=CARTESIAN_POINT('',(-0.0854521801679675,-0.00123333231608073,0.019420000076294));
#3201=CARTESIAN_POINT('',(-0.0854521801679675,-0.00186666615804037,0.019420000076294));
#3202=CARTESIAN_POINT('',(-0.0854521801679675,-0.0025,0.019420000076294));
#3203=CARTESIAN_POINT('',(-0.0854521801679675,-0.0025,-0.0194200000762939));
#3204=CARTESIAN_POINT('',(-0.0854521801679675,-0.00186666615804037,-0.0194200000762939));
#3205=CARTESIAN_POINT('',(-0.0854521801679675,-0.00123333231608073,-0.0194200000762939));
#3206=CARTESIAN_POINT('',(-0.0854521801679675,-0.000599998474121095,-0.0194200000762939));
#3207=CARTESIAN_POINT('',(-0.0854521801679675,-0.000599998474121094,-0.019420000076294));
#3208=CARTESIAN_POINT('',(-0.0854521801679675,-0.000599998474121095,-0.0194200000762939));
#3209=CARTESIAN_POINT('',(-0.0854521801679675,-0.000599998474121095,-0.0190199998219808));
#3210=CARTESIAN_POINT('',(-0.0854521801679675,-0.000599998474121095,-0.0186199995676676));
#3211=CARTESIAN_POINT('',(-0.0854521801679675,-0.000599998474121095,-0.0182199993133545));
#3212=CARTESIAN_POINT('',(-0.0854521801679675,-0.000599998474121094,-0.0182199993133545));
#3213=CARTESIAN_POINT('',(-0.0854521801679675,-0.000599998474121095,-0.0182199993133545));
#3214=CARTESIAN_POINT('',(-0.0854521801679675,-0.000399998982747397,-0.0182199993133545));
#3215=CARTESIAN_POINT('',(-0.0854521801679675,-0.000199999491373698,-0.0182199993133545));
#3216=CARTESIAN_POINT('',(-0.0854521801679675,0.,-0.0182199993133545));
#3217=CARTESIAN_POINT('',(-0.0854521801679675,0.,-0.0182199993133545));
#3218=CARTESIAN_POINT('',(-0.0854521801679675,0.,-0.000218433819415491));
#3219=CARTESIAN_POINT('',(-0.0854521801679675,0.,0.0182199993133545));
#3220=CARTESIAN_POINT('',(-0.0854521801679675,0.,0.0182199993133545));
#3221=CARTESIAN_POINT('',(-0.0854521801679675,-0.000199999491373698,0.0182199993133545));
#3222=CARTESIAN_POINT('',(-0.0854521801679675,-0.000399998982747397,0.0182199993133545));
#3223=CARTESIAN_POINT('',(-0.0854521801679675,-0.000599998474121095,0.0182199993133545));
#3224=CARTESIAN_POINT('',(-0.0935734908688148,0.,-0.000218433819415491));
#3225=CARTESIAN_POINT('',(-0.0854521801679675,0.,0.0199474021792412));
#3226=CARTESIAN_POINT('',(-0.0854521801679675,0.,0.0193716012239456));
#3227=CARTESIAN_POINT('',(-0.0854521801679675,0.,0.0187958002686501));
#3228=CARTESIAN_POINT('',(-0.0854521801679675,0.,0.0182199993133545));
#3229=CARTESIAN_POINT('',(-0.0854521801679675,1.38777878078145E-17,0.0199474021792412));
#3230=CARTESIAN_POINT('',(-0.0854521801679675,0.,-0.0182199993133545));
#3231=CARTESIAN_POINT('',(-0.0854521801679675,0.,-0.018941422814927));
#3232=CARTESIAN_POINT('',(-0.0854521801679675,0.,-0.0196628463164996));
#3233=CARTESIAN_POINT('',(-0.0854521801679675,0.,-0.0203842698180721));
#3234=CARTESIAN_POINT('',(-0.0854521801679675,1.38777878078145E-17,-0.0203842698180722));
#3235=CARTESIAN_POINT('',(-0.0854521801679675,0.,-0.0203842698180721));
#3236=CARTESIAN_POINT('',(-0.0908663873018657,0.,-0.0203842698180721));
#3237=CARTESIAN_POINT('',(-0.0962805944357639,0.,-0.0203842698180721));
#3238=CARTESIAN_POINT('',(-0.101694801569662,0.,-0.0203842698180721));
#3239=CARTESIAN_POINT('',(-0.101694801569662,1.38777878078145E-17,-0.0203842698180722));
#3240=CARTESIAN_POINT('',(-0.101694801569662,0.,-0.0203842698180721));
#3241=CARTESIAN_POINT('',(-0.101694801569662,0.,-0.00694037915230104));
#3242=CARTESIAN_POINT('',(-0.101694801569662,0.,0.00650351151347006));
#3243=CARTESIAN_POINT('',(-0.101694801569662,0.,0.0199474021792412));
#3244=CARTESIAN_POINT('',(-0.101694801569662,1.38777878078145E-17,0.0199474021792412));
#3245=CARTESIAN_POINT('',(-0.101694801569662,0.,0.0199474021792412));
#3246=CARTESIAN_POINT('',(-0.0962805944357639,0.,0.0199474021792412));
#3247=CARTESIAN_POINT('',(-0.0908663873018657,0.,0.0199474021792412));
#3248=CARTESIAN_POINT('',(-0.0854521801679675,0.,0.0199474021792412));
#3249=CARTESIAN_POINT('',(0.,0.,0.));
#3250=CARTESIAN_POINT('',(-0.106,-0.0837867967784405,0.00607955828309061));
#3251=CARTESIAN_POINT('',(-0.106,-0.121044093919264,-0.00718518213295926));
#3252=CARTESIAN_POINT('',(-0.106,-0.121044093919264,-0.00718518213295926));
#3253=CARTESIAN_POINT('',(-0.1,-0.121044093919264,-0.00718518213295926));
#3254=CARTESIAN_POINT('',(-0.106,-0.0837867967784405,0.00607955828309061));
#3255=CARTESIAN_POINT('',(-0.106,-0.0386305674910546,0.0221565607935191));
#3256=CARTESIAN_POINT('',(-0.106,-0.0386305674910546,0.0221565607935191));
#3257=CARTESIAN_POINT('',(-0.1,-0.0386305674910546,0.0221565607935191));
#3258=CARTESIAN_POINT('',(-0.1,-0.0837867967784405,0.00607955828309061));
#3259=CARTESIAN_POINT('',(-0.106,-0.041609393810115,0.0221005047877446));
#3260=CARTESIAN_POINT('',(-0.1,-0.041609393810115,0.0221005047877446));
#3261=CARTESIAN_POINT('',(-0.1,-0.0445882201291755,0.0220444487819701));
#3262=CARTESIAN_POINT('',(-0.106,-0.041609393810115,0.0221005047877446));
#3263=CARTESIAN_POINT('',(-0.106,-0.0445882201291755,0.0220444487819701));
#3264=CARTESIAN_POINT('',(-0.106,-0.0445882201291755,0.0220444487819701));
#3265=CARTESIAN_POINT('',(-0.106,-0.086765623097501,0.00702799979794173));
#3266=CARTESIAN_POINT('',(-0.106,-0.086765623097501,0.00702799979794173));
#3267=CARTESIAN_POINT('',(-0.106,-0.120993095388434,-0.00515803005067229));
#3268=CARTESIAN_POINT('',(-0.106,-0.120993095388434,-0.00515803005067229));
#3269=CARTESIAN_POINT('',(-0.1,-0.120993095388434,-0.00515803005067229));
#3270=CARTESIAN_POINT('',(-0.1,-0.086765623097501,0.00702799979794173));
#3271=CARTESIAN_POINT('',(-0.106,-0.0837867967784405,0.00607955828309061));
#3272=CARTESIAN_POINT('',(-0.106,-0.120687028688571,0.00700788410095662));
#3273=CARTESIAN_POINT('',(-0.1,-0.0842316550594064,0.0102011137641966));
#3274=CARTESIAN_POINT('',(-0.1,-0.120583686698908,0.0111156481114338));
#3275=CARTESIAN_POINT('',(-0.1125,-0.121252372860909,-0.0154641086701304));
#3276=CARTESIAN_POINT('',(0.,0.,0.));
#3277=CARTESIAN_POINT('',(0.106,-0.0837867967784405,0.00607955828309061));
#3278=CARTESIAN_POINT('',(0.106,-0.120687028688571,0.00700788410095662));
#3279=CARTESIAN_POINT('',(0.106,-0.121044093919264,-0.00718518213295926));
#3280=CARTESIAN_POINT('',(0.106,-0.120993095388434,-0.00515803005067229));
#3281=CARTESIAN_POINT('',(0.106,-0.0837867967784405,0.00607955828309061));
#3282=CARTESIAN_POINT('',(0.106,-0.0386305674910546,0.0221565607935191));
#3283=CARTESIAN_POINT('',(0.106,-0.041609393810115,0.0221005047877446));
#3284=CARTESIAN_POINT('',(0.106,-0.0445882201291755,0.0220444487819701));
#3285=CARTESIAN_POINT('',(0.106,-0.086765623097501,0.00702799979794173));
#3286=CARTESIAN_POINT('',(-0.106,-0.086765623097501,0.00702799979794173));
#3287=CARTESIAN_POINT('',(0.1,-0.086765623097501,0.00702799979794173));
#3288=CARTESIAN_POINT('',(0.1,-0.0445882201291755,0.0220444487819701));
#3289=CARTESIAN_POINT('',(0.1,-0.120993095388434,-0.00515803005067229));
#3290=CARTESIAN_POINT('',(-0.106,-0.120993095388434,-0.00515803005067229));
#3291=CARTESIAN_POINT('',(-0.106,-0.0445882201291755,0.0220444487819701));
#3292=CARTESIAN_POINT('',(-0.106,-0.041609393810115,0.0221005047877446));
#3293=CARTESIAN_POINT('',(-0.106,-0.0386305674910546,0.0221565607935191));
#3294=CARTESIAN_POINT('',(0.1,-0.0386305674910546,0.0221565607935191));
#3295=CARTESIAN_POINT('',(0.1,-0.041609393810115,0.0221005047877446));
#3296=CARTESIAN_POINT('',(-0.106,-0.0837867967784405,0.00607955828309061));
#3297=CARTESIAN_POINT('',(-0.106,-0.121044093919264,-0.00718518213295926));
#3298=CARTESIAN_POINT('',(0.1,-0.121044093919264,-0.00718518213295926));
#3299=CARTESIAN_POINT('',(0.1,-0.0837867967784405,0.00607955828309061));
#3300=CARTESIAN_POINT('',(0.1,-0.0842316550594064,0.0102011137641966));
#3301=CARTESIAN_POINT('',(0.1,-0.120583686698908,0.0111156481114338));
#3302=CARTESIAN_POINT('',(-0.1125,-0.121252372860909,-0.0154641086701304));
#3303=CARTESIAN_POINT('',(0.,0.,0.));
#3304=CARTESIAN_POINT('',(-0.0716481142715666,-0.0445909040826847,-0.0201));
#3305=CARTESIAN_POINT('',(-0.072281994070179,-0.039760705508372,-0.0274544904392332));
#3306=CARTESIAN_POINT('',(-0.0733337910678627,-0.0317459551254144,-0.0221));
#3307=CARTESIAN_POINT('',(-0.0737266564617299,-0.0287522994362636,-0.0201));
#3308=CARTESIAN_POINT('',(-0.0716481142715666,-0.0445909040826847,-0.0221));
#3309=CARTESIAN_POINT('',(-0.070455985787112,-0.0536749880345867,-0.0221));
#3310=CARTESIAN_POINT('',(-0.0713108281528874,-0.0471610426691261,-0.0253461828502051));
#3311=CARTESIAN_POINT('',(-0.0699293103623303,-0.0576882834440234,-0.0201));
#3312=CARTESIAN_POINT('',(-0.0716481142715666,-0.0445909040826847,-0.0201));
#3313=CARTESIAN_POINT('',(-0.00722413617074492,-0.0423018580555916,-0.0201));
#3314=CARTESIAN_POINT('',(-0.00722413617074492,-0.0423018580555916,-0.0201));
#3315=CARTESIAN_POINT('',(-0.00722413617074492,-0.0238116715487437,-0.0201));
#3316=CARTESIAN_POINT('',(-0.00722413617074492,-0.0620631399497403,-0.0201));
#3317=CARTESIAN_POINT('',(-0.00722413617074492,-0.0474179956346769,-0.0287560137003949));
#3318=CARTESIAN_POINT('',(-0.00722413617074492,-0.0586793319240213,-0.0221));
#3319=CARTESIAN_POINT('',(-0.00722413617074492,-0.0423018580555916,-0.0221));
#3320=CARTESIAN_POINT('',(-0.00722413617074492,-0.0267115085303784,-0.0221));
#3321=CARTESIAN_POINT('',(-0.00722413617074492,-0.0363416339379638,-0.0287418391575636));
#3322=CARTESIAN_POINT('',(-0.0416481142715666,-0.0423018580555916,-0.0201));
#3323=CARTESIAN_POINT('',(-0.0345118270145694,-0.080967490069972,-0.0201));
#3324=CARTESIAN_POINT('',(-0.0095040137846393,-0.0763519457330337,-0.0201));
#3325=CARTESIAN_POINT('',(-0.0200689741918042,-0.0783018580555916,-0.0201));
#3326=CARTESIAN_POINT('',(-0.00722413617074492,-0.0783018580555916,-0.0201));
#3327=CARTESIAN_POINT('',(-0.00864913250128169,-0.075661898688867,-0.0201));
#3328=CARTESIAN_POINT('',(-0.00554976122027219,-0.0460845577580659,-0.0201));
#3329=CARTESIAN_POINT('',(-0.00550131364768028,-0.037873114770032,-0.0201));
#3330=CARTESIAN_POINT('',(-0.00908073732798208,-0.00865834530209762,-0.0201));
#3331=CARTESIAN_POINT('',(-0.00722413617074493,-0.00630185805559157,-0.0201));
#3332=CARTESIAN_POINT('',(-0.00976279844952335,-0.00790035542321767,-0.0201));
#3333=CARTESIAN_POINT('',(-0.0387455709552159,-0.0056077848453041,-0.0201));
#3334=CARTESIAN_POINT('',(-0.0195822927516032,-0.00712362215097752,-0.0201));
#3335=CARTESIAN_POINT('',(-0.0416481142715666,-0.00859090408268463,-0.0201));
#3336=CARTESIAN_POINT('',(-0.0634293812598231,-0.0100392643656971,-0.0201));
#3337=CARTESIAN_POINT('',(-0.0491758057495898,-0.00699987377384259,-0.0201));
#3338=CARTESIAN_POINT('',(-0.0733571109341059,-0.0121562242926169,-0.0201));
#3339=CARTESIAN_POINT('',(-0.0760720923723883,-0.0108799501097776,-0.0201));
#3340=CARTESIAN_POINT('',(-0.0739382299204427,-0.0129886537485512,-0.0201));
#3341=CARTESIAN_POINT('',(-0.0735390547904551,-0.0427298857289391,-0.0201));
#3342=CARTESIAN_POINT('',(-0.0718548471659455,-0.0489844542778727,-0.0201));
#3343=CARTESIAN_POINT('',(-0.0659721216422489,-0.0755756042852256,-0.0201));
#3344=CARTESIAN_POINT('',(-0.0672241361707449,-0.0783018580555916,-0.0201));
#3345=CARTESIAN_POINT('',(-0.0650455556508496,-0.0762393869846836,-0.0201));
#3346=CARTESIAN_POINT('',(-0.0471353816390873,-0.0789230239218645,-0.0201));
#3347=CARTESIAN_POINT('',(-0.0512809456686245,-0.0783018580555916,-0.0201));
#3348=CARTESIAN_POINT('',(-0.0372241361707449,-0.0783018580555916,-0.0201));
#3349=CARTESIAN_POINT('',(-0.0668578351022589,-0.0442834985696119,-0.0201));
#3350=CARTESIAN_POINT('',(-0.0707327989757061,-0.0147560628980398,-0.0201));
#3351=CARTESIAN_POINT('',(-0.0629828712288117,-0.073810934241184,-0.0201));
#3352=CARTESIAN_POINT('',(-0.0409091586142779,-0.0127418310299516,-0.0201));
#3353=CARTESIAN_POINT('',(-0.0110855182528496,-0.0107275991618633,-0.0201));
#3354=CARTESIAN_POINT('',(-0.0110855182528496,-0.0422692667015237,-0.0201));
#3355=CARTESIAN_POINT('',(-0.0110855182528496,-0.073810934241184,-0.0201));
#3356=CARTESIAN_POINT('',(-0.0370341947408307,-0.073810934241184,-0.0201));
#3357=CARTESIAN_POINT('',(-0.0672241361707449,-0.0783018580555916,-0.0041));
#3358=CARTESIAN_POINT('',(-0.0672241361707449,-0.0783018580555916,-0.0041));
#3359=CARTESIAN_POINT('',(-0.0642241361707449,-0.0783018580555916,-0.0041));
#3360=CARTESIAN_POINT('',(-0.0672241361707449,-0.0783018580555916,-0.0114324437460085));
#3361=CARTESIAN_POINT('',(-0.0655243910779523,-0.0807738747666046,-0.0204947696459772));
#3362=CARTESIAN_POINT('',(-0.0658218326787138,-0.0809539411832928,-0.0221));
#3363=CARTESIAN_POINT('',(-0.0672241361707449,-0.0783018580555916,-0.00508615454114678));
#3364=CARTESIAN_POINT('',(-0.0642265607625534,-0.0784224469116513,-0.00854421829903251));
#3365=CARTESIAN_POINT('',(-0.0672241361707449,-0.0783018580555916,-0.00670141198035224));
#3366=CARTESIAN_POINT('',(-0.0672241361707449,-0.0783018580555916,-0.00982735744141988));
#3367=CARTESIAN_POINT('',(-0.0679354201603778,-0.0753873983996533,-0.00945899959846399));
#3368=CARTESIAN_POINT('',(-0.0672241361707449,-0.0783018580555916,-0.00564729295673319));
#3369=CARTESIAN_POINT('',(-0.0701351858063379,-0.0775767442582371,-0.0221));
#3370=CARTESIAN_POINT('',(-0.0672241361707449,-0.0783018580555916,-0.0221));
#3371=CARTESIAN_POINT('',(-0.00722413617074493,-0.00630185805559157,-0.0041));
#3372=CARTESIAN_POINT('',(-0.00722413617074493,-0.00630185805559157,-0.0041));
#3373=CARTESIAN_POINT('',(-0.00422413617074493,-0.00630185805559157,-0.0041));
#3374=CARTESIAN_POINT('',(-0.00722413617074493,-0.00630185805559157,-0.00802358770231117));
#3375=CARTESIAN_POINT('',(-0.0070010837422914,-0.00929355449977855,-0.00883133851989087));
#3376=CARTESIAN_POINT('',(-0.00722413617074493,-0.00630185805559157,-0.0050861545411468));
#3377=CARTESIAN_POINT('',(-0.00425672191893702,-0.00674282592082367,-0.0221));
#3378=CARTESIAN_POINT('',(-0.00722413617074493,-0.00630185805559157,-0.0221));
#3379=CARTESIAN_POINT('',(-0.00713349211194307,-0.00330322775917223,-0.0221));
#3380=CARTESIAN_POINT('',(-0.00722413617074493,-0.00630185805559157,-0.010795299450286));
#3381=CARTESIAN_POINT('',(-0.00725755483547643,-0.00330204419589168,-0.0215645963284047));
#3382=CARTESIAN_POINT('',(-0.00722413617074493,-0.00630185805559157,-0.00511697718487937));
#3383=CARTESIAN_POINT('',(-0.00784849403114824,-0.00336754770013279,-0.0221));
#3384=CARTESIAN_POINT('',(-0.0081964261254406,-0.00346378613190855,-0.0221));
#3385=CARTESIAN_POINT('',(-0.00808044876067649,-0.00343170665464997,-0.0221));
#3386=CARTESIAN_POINT('',(-0.00796447139591237,-0.00339962717739139,-0.0221));
#3387=CARTESIAN_POINT('',(-0.00784849403114826,-0.0033675477001328,-0.0221));
#3388=CARTESIAN_POINT('',(-0.00819642612544057,-0.00346378613190853,-0.0221));
#3389=CARTESIAN_POINT('',(-0.00722413617074493,-0.00630185805559157,-0.00511697718487937));
#3390=CARTESIAN_POINT('',(-0.0102205962868332,-0.00615616394901028,-0.0104437314443101));
#3391=CARTESIAN_POINT('',(-0.00722413617074493,-0.00630185805559157,-0.00992738993676399));
#3392=CARTESIAN_POINT('',(-0.0760720923723883,-0.0108799501097776,-0.0041));
#3393=CARTESIAN_POINT('',(-0.0760720923723883,-0.0108799501097776,-0.0041));
#3394=CARTESIAN_POINT('',(-0.0730720923723883,-0.0108799501097776,-0.0041));
#3395=CARTESIAN_POINT('',(-0.0760720923723883,-0.0108799501097776,-0.00535119368104028));
#3396=CARTESIAN_POINT('',(-0.0758951216268288,-0.0138747257867218,-0.00893547540347369));
#3397=CARTESIAN_POINT('',(-0.0787760081580042,-0.0121795036578461,-0.0221));
#3398=CARTESIAN_POINT('',(-0.0760720923723883,-0.0108799501097776,-0.00815984977413716));
#3399=CARTESIAN_POINT('',(-0.0760720923723883,-0.0108799501097776,-0.00980993210990766));
#3400=CARTESIAN_POINT('',(-0.0731204671420213,-0.0103433790525435,-0.010324792692937));
#3401=CARTESIAN_POINT('',(-0.0760720923723883,-0.0108799501097776,-0.00508621538137788));
#3402=CARTESIAN_POINT('',(-0.0756658376635563,-0.00790758453475968,-0.0221));
#3403=CARTESIAN_POINT('',(-0.0760720923723883,-0.0108799501097776,-0.0221));
#3404=CARTESIAN_POINT('',(-0.00627413617074493,-0.00630185805559157,-0.0141));
#3405=CARTESIAN_POINT('',(-0.00722413617074492,-0.00630185805559157,-0.0141));
#3406=CARTESIAN_POINT('',(-0.00725851642332417,-0.00535248036561113,-0.0141));
#3407=CARTESIAN_POINT('',(-0.00629579442527278,-0.00650355486670599,-0.0141));
#3408=CARTESIAN_POINT('',(-0.00638613954478429,-0.00639553410517924,-0.0141));
#3409=CARTESIAN_POINT('',(-0.00722413617074492,-0.00630185805559157,-0.0041));
#3410=CARTESIAN_POINT('',(-0.00722413617074492,-0.00630185805559157,-0.0041));
#3411=CARTESIAN_POINT('',(-0.00817413617074492,-0.00630185805559157,-0.0041));
#3412=CARTESIAN_POINT('',(-0.00722413617074492,-0.00630185805559157,-0.010795299450286));
#3413=CARTESIAN_POINT('',(-0.00709375674839859,-0.00724286879210238,-0.00793866680171367));
#3414=CARTESIAN_POINT('',(-0.00722413617074492,-0.00630185805559157,-0.00802358770231113));
#3415=CARTESIAN_POINT('',(-0.00804673893906911,-0.00677706820441563,-0.0129819230565531));
#3416=CARTESIAN_POINT('',(-0.00722413617074492,-0.00630185805559157,-0.00992738993676398));
#3417=CARTESIAN_POINT('',(-0.00810811661839291,-0.00595389459748704,-0.00835545917573933));
#3418=CARTESIAN_POINT('',(-0.00722413617074492,-0.00630185805559157,-0.00511697718487936));
#3419=CARTESIAN_POINT('',(-0.00804218850296596,-0.00581885662521302,-0.00899390417758558));
#3420=CARTESIAN_POINT('',(-0.00722413617074492,-0.00630185805559157,-0.010795299450286));
#3421=CARTESIAN_POINT('',(-0.0662741361707449,-0.0783018580555916,-0.0141));
#3422=CARTESIAN_POINT('',(-0.0672241361707449,-0.0783018580555916,-0.0141));
#3423=CARTESIAN_POINT('',(-0.066652160974657,-0.0790603726401977,-0.0141));
#3424=CARTESIAN_POINT('',(-0.0681682636126715,-0.0784073254600406,-0.0141));
#3425=CARTESIAN_POINT('',(-0.0666088880603995,-0.0790790120475337,-0.0141));
#3426=CARTESIAN_POINT('',(-0.0672241361707449,-0.0783018580555916,-0.0041));
#3427=CARTESIAN_POINT('',(-0.0672241361707449,-0.0783018580555916,-0.0041));
#3428=CARTESIAN_POINT('',(-0.0681741361707449,-0.0783018580555916,-0.0041));
#3429=CARTESIAN_POINT('',(-0.0672241361707449,-0.0783018580555916,-0.0114324437460085));
#3430=CARTESIAN_POINT('',(-0.0678730090651007,-0.0776079820097661,-0.00927409109559143));
#3431=CARTESIAN_POINT('',(-0.0672241361707449,-0.0783018580555916,-0.00564729295673319));
#3432=CARTESIAN_POINT('',(-0.067693000969093,-0.0774756221323408,-0.00824323236674884));
#3433=CARTESIAN_POINT('',(-0.0672241361707449,-0.0783018580555916,-0.00982735744141989));
#3434=CARTESIAN_POINT('',(-0.0670231122315632,-0.0773733703734569,-0.0120779320915091));
#3435=CARTESIAN_POINT('',(-0.0672241361707449,-0.0783018580555916,-0.00670141198035228));
#3436=CARTESIAN_POINT('',(-0.0662896414641185,-0.0781309205135267,-0.00844548943539214));
#3437=CARTESIAN_POINT('',(-0.0672241361707449,-0.0783018580555916,-0.0114324437460085));
#3438=CARTESIAN_POINT('',(-0.0372241361707449,-0.0783018580555916,-0.0201));
#3439=CARTESIAN_POINT('',(-0.0372241361707449,-0.0783018580555916,-0.0221));
#3440=CARTESIAN_POINT('',(-0.0489011142298579,-0.0783018580555916,-0.0221));
#3441=CARTESIAN_POINT('',(-0.0220119851322285,-0.0783018580555916,-0.0221));
#3442=CARTESIAN_POINT('',(-0.0283986602658441,-0.0783018580555916,-0.0286739981188374));
#3443=CARTESIAN_POINT('',(-0.0430425942513911,-0.0783018580555916,-0.0270234747327339));
#3444=CARTESIAN_POINT('',(-0.0416481142715666,-0.00859090408268463,-0.0201));
#3445=CARTESIAN_POINT('',(-0.032759125412392,-0.00799982467363509,-0.030946502846091));
#3446=CARTESIAN_POINT('',(-0.0220119851322284,-0.00728518621177954,-0.0221));
#3447=CARTESIAN_POINT('',(-0.0416481142715666,-0.00859090408268463,-0.0221));
#3448=CARTESIAN_POINT('',(-0.0609721164006209,-0.00987586685402668,-0.0221));
#3449=CARTESIAN_POINT('',(-0.050304485077761,-0.00916651539480346,-0.0307825246231882));
#3450=CARTESIAN_POINT('',(-0.0668578351022589,-0.0442834985696119,-0.0201));
#3451=CARTESIAN_POINT('',(-0.0668578351022589,-0.0442834985696119,-0.0221));
#3452=CARTESIAN_POINT('',(-0.0707327989757061,-0.0147560628980398,-0.0221));
#3453=CARTESIAN_POINT('',(-0.0629828712288117,-0.073810934241184,-0.0221));
#3454=CARTESIAN_POINT('',(-0.0707327989757061,-0.0147560628980398,-0.0201));
#3455=CARTESIAN_POINT('',(-0.0629828712288117,-0.073810934241184,-0.0201));
#3456=CARTESIAN_POINT('',(-0.0409091586142779,-0.0127418310299516,-0.0201));
#3457=CARTESIAN_POINT('',(-0.0409091586142779,-0.0127418310299516,-0.0221));
#3458=CARTESIAN_POINT('',(-0.0110855182528496,-0.0107275991618633,-0.0221));
#3459=CARTESIAN_POINT('',(-0.0110855182528496,-0.0107275991618633,-0.0201));
#3460=CARTESIAN_POINT('',(-0.0110855182528496,-0.0422692667015237,-0.0201));
#3461=CARTESIAN_POINT('',(-0.0110855182528496,-0.0422692667015237,-0.0221));
#3462=CARTESIAN_POINT('',(-0.0110855182528496,-0.073810934241184,-0.0221));
#3463=CARTESIAN_POINT('',(-0.0110855182528496,-0.073810934241184,-0.0201));
#3464=CARTESIAN_POINT('',(-0.0370341947408307,-0.073810934241184,-0.0201));
#3465=CARTESIAN_POINT('',(-0.0370341947408307,-0.073810934241184,-0.0221));
#3466=CARTESIAN_POINT('',(-0.0416481142715666,-0.0423018580555916,-0.0221));
#3467=CARTESIAN_POINT('',(-0.00932291072560825,-0.00377537311430563,-0.0221));
#3468=CARTESIAN_POINT('',(-0.00932291072560825,-0.00377537311430563,-0.0221));
#3469=CARTESIAN_POINT('',(-0.00722413617074493,-0.00319484957214238,-0.0221));
#3470=CARTESIAN_POINT('',(4.61108655017903E-5,-0.0118874898120273,-0.0221));
#3471=CARTESIAN_POINT('',(-0.00574042904484097,-0.016727167225601,-0.0221));
#3472=CARTESIAN_POINT('',(-0.00421742305218771,-0.0781145670559199,-0.0221));
#3473=CARTESIAN_POINT('',(-0.00425940445006874,-0.0778432015126137,-0.0221));
#3474=CARTESIAN_POINT('',(-0.00722413617074492,-0.0783018580555916,-0.0221));
#3475=CARTESIAN_POINT('',(-0.00783274395565276,-0.0812394755535225,-0.0221));
#3476=CARTESIAN_POINT('',(-0.0149223645439406,-0.079770666804557,-0.0221));
#3477=CARTESIAN_POINT('',(-0.067788078723922,-0.0814364919841339,-0.0221));
#3478=CARTESIAN_POINT('',(-0.0655600355820692,-0.0810667078598029,-0.0221));
#3479=CARTESIAN_POINT('',(-0.0748783305135392,-0.0770529385566651,-0.0221));
#3480=CARTESIAN_POINT('',(-0.070285331056393,-0.0663899132730967,-0.0221));
#3481=CARTESIAN_POINT('',(-0.0761962428461207,-0.0214545568092764,-0.0221));
#3482=CARTESIAN_POINT('',(-0.0744042103282911,-0.00807658452686995,-0.0221));
#3483=CARTESIAN_POINT('',(-0.0416481142715666,-0.0423018580555916,-0.0041));
#3484=CARTESIAN_POINT('',(-0.00722413617074492,-0.0783018580555916,-0.0041));
#3485=CARTESIAN_POINT('',(-0.00722413617074492,-0.0783018580555916,-0.0041));
#3486=CARTESIAN_POINT('',(-0.00422413617074492,-0.0783018580555916,-0.0041));
#3487=CARTESIAN_POINT('',(-0.00722413617074492,-0.0783018580555916,-0.00687841925248946));
#3488=CARTESIAN_POINT('',(-0.0102213877138786,-0.0784302449208961,-0.00924755611387009));
#3489=CARTESIAN_POINT('',(-0.00722413617074492,-0.0783018580555916,-0.00508615454114677));
#3490=CARTESIAN_POINT('',(-0.00722413617074492,-0.0783018580555916,-0.00508615454114679));
#3491=CARTESIAN_POINT('',(-0.00681545272667455,-0.0753298254443064,-0.00995358693505327));
#3492=CARTESIAN_POINT('',(-0.00722413617074492,-0.0783018580555916,-0.0105021043851016));
#3493=CARTESIAN_POINT('',(-0.0416481142715666,-0.0423018580555916,-0.0041));
#3494=CARTESIAN_POINT('',(-0.00722413617074492,-0.0783018580555916,-0.0041));
#3495=CARTESIAN_POINT('',(-0.00817413617074492,-0.0783018580555916,-0.0041));
#3496=CARTESIAN_POINT('',(-0.0416481142715666,-0.0423018580555916,-0.0041));
#3497=CARTESIAN_POINT('',(-0.0416481142715666,-0.0423018580555916,-0.0041));
#3498=CARTESIAN_POINT('',(-0.0760720923723883,-0.0108799501097776,-0.0041));
#3499=CARTESIAN_POINT('',(-0.0770220923723883,-0.0108799501097776,-0.0041));
#3500=CARTESIAN_POINT('',(-0.0751220923723883,-0.0108799501097776,-0.0141));
#3501=CARTESIAN_POINT('',(-0.075898778616452,-0.0100748331055283,-0.0141));
#3502=CARTESIAN_POINT('',(-0.0757922780296652,-0.00997209332943923,-0.0141));
#3503=CARTESIAN_POINT('',(-0.0769894180882716,-0.0111269592816298,-0.0141));
#3504=CARTESIAN_POINT('',(-0.0760720923723883,-0.0108799501097776,-0.0141));
#3505=CARTESIAN_POINT('',(-0.0760720923723883,-0.0108799501097776,-0.0041));
#3506=CARTESIAN_POINT('',(-0.0760720923723883,-0.0108799501097776,-0.0114962387433029));
#3507=CARTESIAN_POINT('',(-0.0751719018992591,-0.0105763762108873,-0.00919082304908666));
#3508=CARTESIAN_POINT('',(-0.0760720923723883,-0.0108799501097776,-0.00980993210990766));
#3509=CARTESIAN_POINT('',(-0.0752084957499402,-0.011275804721594,-0.0130269796879582));
#3510=CARTESIAN_POINT('',(-0.0760720923723883,-0.0108799501097776,-0.00815984977413716));
#3511=CARTESIAN_POINT('',(-0.0761203765754646,-0.0118287222825005,-0.00781382924458826));
#3512=CARTESIAN_POINT('',(-0.0760720923723883,-0.0108799501097776,-0.0114962387433029));
#3513=CARTESIAN_POINT('',(-0.00627413617074493,-0.0783018580555916,-0.0141));
#3514=CARTESIAN_POINT('',(-0.00651875643507081,-0.0780444844621026,-0.0141));
#3515=CARTESIAN_POINT('',(-0.0076713808210562,-0.0791399942156324,-0.0141));
#3516=CARTESIAN_POINT('',(-0.00636437107722047,-0.0778977491792267,-0.0141));
#3517=CARTESIAN_POINT('',(-0.00722413617074492,-0.0783018580555916,-0.0141));
#3518=CARTESIAN_POINT('',(-0.00722413617074492,-0.0783018580555916,-0.0041));
#3519=CARTESIAN_POINT('',(-0.00722413617074492,-0.0783018580555916,-0.0124020386831232));
#3520=CARTESIAN_POINT('',(-0.00817003463783849,-0.0782136759148257,-0.00834386079594423));
#3521=CARTESIAN_POINT('',(-0.00722413617074492,-0.0783018580555916,-0.00687841925248951));
#3522=CARTESIAN_POINT('',(-0.00743892335221957,-0.0773764573495868,-0.0122605478803511));
#3523=CARTESIAN_POINT('',(-0.00722413617074492,-0.0783018580555916,-0.0105021043851017));
#3524=CARTESIAN_POINT('',(-0.00697206179182661,-0.0773859112735715,-0.00962167480833025));
#3525=CARTESIAN_POINT('',(-0.00722413617074492,-0.0783018580555916,-0.0124020386831232));
#3526=CARTESIAN_POINT('',(-0.0677663630933589,-0.0658326452675604,-0.0221));
#3527=CARTESIAN_POINT('',(-0.0693856102770149,-0.0628953122639765,-0.016731912333716));
#3528=CARTESIAN_POINT('',(-0.0676916907962292,-0.0774869080955255,-0.00823666166074477));
#3529=CARTESIAN_POINT('',(-0.0654678711039481,-0.08017642812724,-0.0172560842633456));
#3530=CARTESIAN_POINT('',(-0.0674273943019022,-0.0778065521378332,-0.00930860188278475));
#3531=CARTESIAN_POINT('',(-0.0653872301958848,-0.0756205489685094,-0.0232837160519872));
#3532=CARTESIAN_POINT('',(-0.0715614399201441,-0.0749064646333353,-0.0221));
#3533=CARTESIAN_POINT('',(-0.0779113359021107,-0.0748176260769242,-0.0172618411034431));
#3534=CARTESIAN_POINT('',(-0.0748783305135392,-0.0770529385566651,-0.0221));
#3535=CARTESIAN_POINT('',(-0.0698712875106369,-0.0789423174556628,-0.0207074281295344));
#3536=CARTESIAN_POINT('',(-0.070285331056393,-0.0663899132730967,-0.0221));
#3537=CARTESIAN_POINT('',(-0.00949387829106122,-0.0803395108541588,-0.0221));
#3538=CARTESIAN_POINT('',(-0.00916128192377276,-0.0757836270429074,-0.0229167793739152));
#3539=CARTESIAN_POINT('',(-0.00711495250233753,-0.0776760642936318,-0.0102561404180905));
#3540=CARTESIAN_POINT('',(-0.00990524139015234,-0.0833420081800139,-0.0226456256007484));
#3541=CARTESIAN_POINT('',(-0.010824095388604,-0.0840826000881746,-0.0221));
#3542=CARTESIAN_POINT('',(-0.0041522061560359,-0.0761664122837764,-0.0156259588170446));
#3543=CARTESIAN_POINT('',(-0.0154180684417695,-0.0770848578101456,-0.0221));
#3544=CARTESIAN_POINT('',(-0.0050993795385252,-0.00862299273019889,-0.0221));
#3545=CARTESIAN_POINT('',(-0.01356219014955,-0.00647612064907396,-0.0137470331993942));
#3546=CARTESIAN_POINT('',(-0.00808355432382385,-0.00595154276448782,-0.00833117834626327));
#3547=CARTESIAN_POINT('',(-0.00938799991817276,-0.00817724718781545,-0.0214978284906135));
#3548=CARTESIAN_POINT('',(-0.00752981614185844,-0.00623743837251049,-0.00969988792219919));
#3549=CARTESIAN_POINT('',(-0.00195197001830592,-0.00911728621556486,-0.0234870018526601));
#3550=CARTESIAN_POINT('',(-0.00932291072560825,-0.00377537311430563,-0.0221));
#3551=CARTESIAN_POINT('',(-0.00730105870911136,-0.00344158841177822,-0.0208676165460019));
#3552=CARTESIAN_POINT('',(4.61108655017903E-5,-0.0118874898120273,-0.0221));
#3553=CARTESIAN_POINT('',(-0.00867969882962805,-0.00358613203537931,-0.0143442040547147));
#3554=CARTESIAN_POINT('',(-0.00840739309057495,-0.0170539264105499,-0.0221));
#3555=CARTESIAN_POINT('',(-0.0734724088426555,-0.0214179985795059,-0.0221));
#3556=CARTESIAN_POINT('',(-0.0736990878368895,-0.0124806143466749,-0.0214947873272944));
#3557=CARTESIAN_POINT('',(-0.0757197520308831,-0.0108677198806195,-0.0101588220454843));
#3558=CARTESIAN_POINT('',(-0.0744100167530184,-0.00772597840501652,-0.0178251516281623));
#3559=CARTESIAN_POINT('',(-0.0827184122543463,-0.0146936420444124,-0.0221));
#3560=CARTESIAN_POINT('',(-0.0825605796736549,-0.0145056341830996,-0.0222459128582627));
#3561=CARTESIAN_POINT('',(-0.0778957311640056,-0.0134846087767163,-0.0221));
#3562=CARTESIAN_POINT('',(-0.0744042103282911,-0.00807658452686995,-0.0221));
#3563=CARTESIAN_POINT('',(-0.0678566589860997,-0.0101408087962239,-0.0154269200170482));
#3564=CARTESIAN_POINT('',(-0.0778957311640056,-0.0134846087767163,-0.0221));
#3565=CARTESIAN_POINT('',(-0.0761962428461207,-0.0214545568092764,-0.0221));
#3566=CARTESIAN_POINT('',(-0.0742825470124965,-0.0251261789260308,-0.0172236590976084));
#3567=CARTESIAN_POINT('',(-0.0734724088426555,-0.0214179985795059,-0.0221));
#3568=CARTESIAN_POINT('',(-0.00574042904484097,-0.016727167225601,-0.0221));
#3569=CARTESIAN_POINT('',(-0.00714600776325628,-0.0206105347837304,-0.0174523958553865));
#3570=CARTESIAN_POINT('',(-0.00840739309057495,-0.0170539264105499,-0.0221));
#3571=CARTESIAN_POINT('',(-0.0050993795385252,-0.00862299273019889,-0.0221));
#3572=CARTESIAN_POINT('',(-0.01356219014955,-0.00647612064907396,-0.0137470331993942));
#3573=CARTESIAN_POINT('',(-0.00932291072560825,-0.00377537311430563,-0.0221));
#3574=CARTESIAN_POINT('',(4.61108655017903E-5,-0.0118874898120273,-0.0221));
#3575=CARTESIAN_POINT('',(-0.00730105870911136,-0.00344158841177822,-0.0208676165460019));
#3576=CARTESIAN_POINT('',(-0.00932291072560825,-0.00377537311430563,-0.0221));
#3577=CARTESIAN_POINT('',(-0.0149223645439406,-0.079770666804557,-0.0221));
#3578=CARTESIAN_POINT('',(-0.0190048450703913,-0.0783346025614357,-0.0188220406624734));
#3579=CARTESIAN_POINT('',(-0.0154180684417695,-0.0770848578101456,-0.0221));
#3580=CARTESIAN_POINT('',(-0.00949387829106122,-0.0803395108541588,-0.0221));
#3581=CARTESIAN_POINT('',(-0.0069117290100006,-0.0714073576885497,-0.0128149984323948));
#3582=CARTESIAN_POINT('',(-0.00421742305218771,-0.0781145670559199,-0.0221));
#3583=CARTESIAN_POINT('',(-0.0715614399201441,-0.0749064646333353,-0.0221));
#3584=CARTESIAN_POINT('',(-0.0615991391405725,-0.0784017729451796,-0.0108682454566093));
#3585=CARTESIAN_POINT('',(-0.067788078723922,-0.0814364919841339,-0.0221));
#3586=CARTESIAN_POINT('',(-0.065548752355185,-0.0809740118801109,-0.0215918661730739));
#3587=CARTESIAN_POINT('',(-0.0748783305135392,-0.0770529385566651,-0.0221));
#3588=CARTESIAN_POINT('',(-0.070285331056393,-0.0663899132730967,-0.0221));
#3589=CARTESIAN_POINT('',(-0.0693856102770149,-0.0628953122639765,-0.016731912333716));
#3590=CARTESIAN_POINT('',(-0.0677663630933589,-0.0658326452675604,-0.0221));
#3591=MECHANICAL_DESIGN_GEOMETRIC_PRESENTATION_REPRESENTATION('',(#1831,
#1832,#1833,#1834,#1835,#1836,#1837,#1838,#1839,#1840,#1841,#1842,#1843,
#1844,#1845,#1846,#1847,#1848,#1849),#3595);
#3592=MECHANICAL_DESIGN_GEOMETRIC_PRESENTATION_REPRESENTATION('',(#1850),
#3596);
#3593=MECHANICAL_DESIGN_GEOMETRIC_PRESENTATION_REPRESENTATION('',(#1851),
#3597);
#3594=MECHANICAL_DESIGN_GEOMETRIC_PRESENTATION_REPRESENTATION('',(#1852),
#3598);
#3595=(
GEOMETRIC_REPRESENTATION_CONTEXT(3)
GLOBAL_UNCERTAINTY_ASSIGNED_CONTEXT((#3599))
GLOBAL_UNIT_ASSIGNED_CONTEXT((#3611,#3607,#3603))
REPRESENTATION_CONTEXT('Rack','TOP_LEVEL_ASSEMBLY_PART')
);
#3596=(
GEOMETRIC_REPRESENTATION_CONTEXT(3)
GLOBAL_UNCERTAINTY_ASSIGNED_CONTEXT((#3600))
GLOBAL_UNIT_ASSIGNED_CONTEXT((#3612,#3608,#3604))
REPRESENTATION_CONTEXT('Part 4','TOP_LEVEL_ASSEMBLY_PART')
);
#3597=(
GEOMETRIC_REPRESENTATION_CONTEXT(3)
GLOBAL_UNCERTAINTY_ASSIGNED_CONTEXT((#3601))
GLOBAL_UNIT_ASSIGNED_CONTEXT((#3613,#3609,#3605))
REPRESENTATION_CONTEXT('Part 3','TOP_LEVEL_ASSEMBLY_PART')
);
#3598=(
GEOMETRIC_REPRESENTATION_CONTEXT(3)
GLOBAL_UNCERTAINTY_ASSIGNED_CONTEXT((#3602))
GLOBAL_UNIT_ASSIGNED_CONTEXT((#3614,#3610,#3606))
REPRESENTATION_CONTEXT('Part 1','TOP_LEVEL_ASSEMBLY_PART')
);
#3599=UNCERTAINTY_MEASURE_WITH_UNIT(LENGTH_MEASURE(2.00000000000139E-5),
#3611,'DISTANCE_ACCURACY_VALUE','Maximum Tolerance applied to model');
#3600=UNCERTAINTY_MEASURE_WITH_UNIT(LENGTH_MEASURE(1.E-8),#3612,
'DISTANCE_ACCURACY_VALUE','Maximum Tolerance applied to model');
#3601=UNCERTAINTY_MEASURE_WITH_UNIT(LENGTH_MEASURE(1.E-8),#3613,
'DISTANCE_ACCURACY_VALUE','Maximum Tolerance applied to model');
#3602=UNCERTAINTY_MEASURE_WITH_UNIT(LENGTH_MEASURE(2.E-5),#3614,
'DISTANCE_ACCURACY_VALUE','Maximum Tolerance applied to model');
#3603=(
NAMED_UNIT(*)
SI_UNIT($,.STERADIAN.)
SOLID_ANGLE_UNIT()
);
#3604=(
NAMED_UNIT(*)
SI_UNIT($,.STERADIAN.)
SOLID_ANGLE_UNIT()
);
#3605=(
NAMED_UNIT(*)
SI_UNIT($,.STERADIAN.)
SOLID_ANGLE_UNIT()
);
#3606=(
NAMED_UNIT(*)
SI_UNIT($,.STERADIAN.)
SOLID_ANGLE_UNIT()
);
#3607=(
NAMED_UNIT(*)
PLANE_ANGLE_UNIT()
SI_UNIT($,.RADIAN.)
);
#3608=(
NAMED_UNIT(*)
PLANE_ANGLE_UNIT()
SI_UNIT($,.RADIAN.)
);
#3609=(
NAMED_UNIT(*)
PLANE_ANGLE_UNIT()
SI_UNIT($,.RADIAN.)
);
#3610=(
NAMED_UNIT(*)
PLANE_ANGLE_UNIT()
SI_UNIT($,.RADIAN.)
);
#3611=(
LENGTH_UNIT()
NAMED_UNIT(*)
SI_UNIT($,.METRE.)
);
#3612=(
LENGTH_UNIT()
NAMED_UNIT(*)
SI_UNIT($,.METRE.)
);
#3613=(
LENGTH_UNIT()
NAMED_UNIT(*)
SI_UNIT($,.METRE.)
);
#3614=(
LENGTH_UNIT()
NAMED_UNIT(*)
SI_UNIT($,.METRE.)
);
#3615=PRODUCT_DEFINITION_SHAPE('','',#3619);
#3616=PRODUCT_DEFINITION_SHAPE('','',#3620);
#3617=PRODUCT_DEFINITION_SHAPE('','',#3621);
#3618=PRODUCT_DEFINITION_SHAPE('','',#3622);
#3619=PRODUCT_DEFINITION('','',#3627,#3623);
#3620=PRODUCT_DEFINITION('','',#3628,#3624);
#3621=PRODUCT_DEFINITION('','',#3629,#3625);
#3622=PRODUCT_DEFINITION('','',#3630,#3626);
#3623=PRODUCT_DEFINITION_CONTEXT('',#3651,'design');
#3624=PRODUCT_DEFINITION_CONTEXT('',#3652,'design');
#3625=PRODUCT_DEFINITION_CONTEXT('',#3653,'design');
#3626=PRODUCT_DEFINITION_CONTEXT('',#3654,'design');
#3627=PRODUCT_DEFINITION_FORMATION_WITH_SPECIFIED_SOURCE('','',#3635,
 .NOT_KNOWN.);
#3628=PRODUCT_DEFINITION_FORMATION_WITH_SPECIFIED_SOURCE('','',#3636,
 .NOT_KNOWN.);
#3629=PRODUCT_DEFINITION_FORMATION_WITH_SPECIFIED_SOURCE('','',#3637,
 .NOT_KNOWN.);
#3630=PRODUCT_DEFINITION_FORMATION_WITH_SPECIFIED_SOURCE('','',#3638,
 .NOT_KNOWN.);
#3631=PRODUCT_RELATED_PRODUCT_CATEGORY('','',(#3635));
#3632=PRODUCT_RELATED_PRODUCT_CATEGORY('','',(#3636));
#3633=PRODUCT_RELATED_PRODUCT_CATEGORY('','',(#3637));
#3634=PRODUCT_RELATED_PRODUCT_CATEGORY('','',(#3638));
#3635=PRODUCT('Rack','Rack','Rack',(#3643));
#3636=PRODUCT('Part 4','Part 4','Part 4',(#3644));
#3637=PRODUCT('Part 3','Part 3','Part 3',(#3645));
#3638=PRODUCT('Part 1','Part 1','Part 1',(#3646));
#3639=PRODUCT_CATEGORY('','');
#3640=PRODUCT_CATEGORY('','');
#3641=PRODUCT_CATEGORY('','');
#3642=PRODUCT_CATEGORY('','');
#3643=PRODUCT_CONTEXT('',#3651,'mechanical');
#3644=PRODUCT_CONTEXT('',#3652,'mechanical');
#3645=PRODUCT_CONTEXT('',#3653,'mechanical');
#3646=PRODUCT_CONTEXT('',#3654,'mechanical');
#3647=APPLICATION_PROTOCOL_DEFINITION('international standard',
'ap242_managed_model_based_3d_engineering',2020,#3651);
#3648=APPLICATION_PROTOCOL_DEFINITION('international standard',
'ap242_managed_model_based_3d_engineering',2020,#3652);
#3649=APPLICATION_PROTOCOL_DEFINITION('international standard',
'ap242_managed_model_based_3d_engineering',2020,#3653);
#3650=APPLICATION_PROTOCOL_DEFINITION('international standard',
'ap242_managed_model_based_3d_engineering',2020,#3654);
#3651=APPLICATION_CONTEXT('managed model based 3d engineering');
#3652=APPLICATION_CONTEXT('managed model based 3d engineering');
#3653=APPLICATION_CONTEXT('managed model based 3d engineering');
#3654=APPLICATION_CONTEXT('managed model based 3d engineering');
ENDSEC;
END-ISO-10303-21;
